outline_code,subject_digit,ab_prefix,subject,official_subtopic,level1_code,level2_code,level3_code,detail_depth,outline_path,deepest_identifier,deepest_identifier_slug,level1_label,level2_label,level3_label
31010000,3,31,Evidence,Presentation of Evidence,01,00,00,1,Presentation of Evidence,Presentation of Evidence,presentation_of_evidence,Presentation of Evidence,,
31010100,3,31,Evidence,Presentation of Evidence,01,01,00,2,Presentation of Evidence > General Provisions,General Provisions,general_provisions,Presentation of Evidence,General Provisions,
31010101,3,31,Evidence,Presentation of Evidence,01,01,01,3,Presentation of Evidence > General Provisions > Roles of judge and jury,Roles of judge and jury,roles_of_judge_and_jury,Presentation of Evidence,General Provisions,Roles of judge and jury
31010102,3,31,Evidence,Presentation of Evidence,01,01,02,3,Presentation of Evidence > General Provisions > Burden of production and burden of persuasion,Burden of production and burden of persuasion,burden_of_production_and_burden_of_persuasion,Presentation of Evidence,General Provisions,Burden of production and burden of persuasion
31010103,3,31,Evidence,Presentation of Evidence,01,01,03,3,Presentation of Evidence > General Provisions > Presumptions and inferences,Presumptions and inferences,presumptions_and_inferences,Presentation of Evidence,General Provisions,Presumptions and inferences
31010104,3,31,Evidence,Presentation of Evidence,01,01,04,3,Presentation of Evidence > General Provisions > Materiality and probative value,Materiality and probative value,materiality_and_probative_value,Presentation of Evidence,General Provisions,Materiality and probative value
31010105,3,31,Evidence,Presentation of Evidence,01,01,05,3,Presentation of Evidence > General Provisions > Offers of proof,Offers of proof,offers_of_proof,Presentation of Evidence,General Provisions,Offers of proof
31010106,3,31,Evidence,Presentation of Evidence,01,01,06,3,Presentation of Evidence > General Provisions > Judicial notice,Judicial notice,judicial_notice,Presentation of Evidence,General Provisions,Judicial notice
31010107,3,31,Evidence,Presentation of Evidence,01,01,07,3,Presentation of Evidence > General Provisions > Preliminary questions,Preliminary questions,preliminary_questions,Presentation of Evidence,General Provisions,Preliminary questions
31010108,3,31,Evidence,Presentation of Evidence,01,01,08,3,Presentation of Evidence > General Provisions > Rule of completeness,Rule of completeness,rule_of_completeness,Presentation of Evidence,General Provisions,Rule of completeness
31010200,3,31,Evidence,Presentation of Evidence,01,02,00,2,Presentation of Evidence > Objections and Motions to Strike,Objections and Motions to Strike,objections_and_motions_to_strike,Presentation of Evidence,Objections and Motions to Strike,
31010201,3,31,Evidence,Presentation of Evidence,01,02,01,3,Presentation of Evidence > Objections and Motions to Strike > Trial judge’s discretion to control order and presentation of evidence,Trial judge’s discretion to control order and presentation of evidence,trial_judges_discretion_to_control_order_and_presentation_of_evidence,Presentation of Evidence,Objections and Motions to Strike,Trial judge’s discretion to control order and presentation of evidence
31010202,3,31,Evidence,Presentation of Evidence,01,02,02,3,Presentation of Evidence > Objections and Motions to Strike > Common objections to questions,Common objections to questions,common_objections_to_questions,Presentation of Evidence,Objections and Motions to Strike,Common objections to questions
31010203,3,31,Evidence,Presentation of Evidence,01,02,03,3,Presentation of Evidence > Objections and Motions to Strike > Nonresponsive answers,Nonresponsive answers,nonresponsive_answers,Presentation of Evidence,Objections and Motions to Strike,Nonresponsive answers
31010300,3,31,Evidence,Presentation of Evidence,01,03,00,2,Presentation of Evidence > Types of Evidence,Types of Evidence,types_of_evidence,Presentation of Evidence,Types of Evidence,
31010400,3,31,Evidence,Presentation of Evidence,01,04,00,2,Presentation of Evidence > Witnesses,Witnesses,witnesses,Presentation of Evidence,Witnesses,
31010401,3,31,Evidence,Presentation of Evidence,01,04,01,3,Presentation of Evidence > Witnesses > Mode and order of witnesses,Mode and order of witnesses,mode_and_order_of_witnesses,Presentation of Evidence,Witnesses,Mode and order of witnesses
31010402,3,31,Evidence,Presentation of Evidence,01,04,02,3,Presentation of Evidence > Witnesses > Form and scope of examination,Form and scope of examination,form_and_scope_of_examination,Presentation of Evidence,Witnesses,Form and scope of examination
31010403,3,31,Evidence,Presentation of Evidence,01,04,03,3,Presentation of Evidence > Witnesses > Lay opinion testimony,Lay opinion testimony,lay_opinion_testimony,Presentation of Evidence,Witnesses,Lay opinion testimony
31010404,3,31,Evidence,Presentation of Evidence,01,04,04,3,Presentation of Evidence > Witnesses > Competency,Competency,competency,Presentation of Evidence,Witnesses,Competency
31010405,3,31,Evidence,Presentation of Evidence,01,04,05,3,Presentation of Evidence > Witnesses > Personal knowledge,Personal knowledge,personal_knowledge,Presentation of Evidence,Witnesses,Personal knowledge
31010406,3,31,Evidence,Presentation of Evidence,01,04,06,3,Presentation of Evidence > Witnesses > Truthfulness,Truthfulness,truthfulness,Presentation of Evidence,Witnesses,Truthfulness
31010407,3,31,Evidence,Presentation of Evidence,01,04,07,3,Presentation of Evidence > Witnesses > Refreshing recollection,Refreshing recollection,refreshing_recollection,Presentation of Evidence,Witnesses,Refreshing recollection
31010500,3,31,Evidence,Presentation of Evidence,01,05,00,2,Presentation of Evidence > Impeachment,Impeachment,impeachment,Presentation of Evidence,Impeachment,
31010501,3,31,Evidence,Presentation of Evidence,01,05,01,3,Presentation of Evidence > Impeachment > Use of impeachment material,Use of impeachment material,use_of_impeachment_material,Presentation of Evidence,Impeachment,Use of impeachment material
31010502,3,31,Evidence,Presentation of Evidence,01,05,02,3,Presentation of Evidence > Impeachment > Prior inconsistent statement,Prior inconsistent statement,prior_inconsistent_statement,Presentation of Evidence,Impeachment,Prior inconsistent statement
31010503,3,31,Evidence,Presentation of Evidence,01,05,03,3,Presentation of Evidence > Impeachment > Bias,Bias,bias,Presentation of Evidence,Impeachment,Bias
31010504,3,31,Evidence,Presentation of Evidence,01,05,04,3,Presentation of Evidence > Impeachment > Conviction of crime,Conviction of crime,conviction_of_crime,Presentation of Evidence,Impeachment,Conviction of crime
31010505,3,31,Evidence,Presentation of Evidence,01,05,05,3,Presentation of Evidence > Impeachment > Opinion or reputation,Opinion or reputation,opinion_or_reputation,Presentation of Evidence,Impeachment,Opinion or reputation
32020000,3,32,Evidence,Relevancy and Excluding Relevant Evidence,02,00,00,1,Relevance,Relevance,relevance,Relevance,,
32020100,3,32,Evidence,Relevancy and Excluding Relevant Evidence,02,01,00,2,Relevance > Definition,Definition,definition,Relevance,Definition,
32020200,3,32,Evidence,Relevancy and Excluding Relevant Evidence,02,02,00,2,Relevance > Laying a Foundation,Laying a Foundation,laying_a_foundation,Relevance,Laying a Foundation,
32020300,3,32,Evidence,Relevancy and Excluding Relevant Evidence,02,03,00,2,Relevance > Exclusion of Relevant Evidence,Exclusion of Relevant Evidence,exclusion_of_relevant_evidence,Relevance,Exclusion of Relevant Evidence,
32020301,3,32,Evidence,Relevancy and Excluding Relevant Evidence,02,03,01,3,Relevance > Exclusion of Relevant Evidence > Probative value,Probative value,probative_value,Relevance,Exclusion of Relevant Evidence,Probative value
32020302,3,32,Evidence,Relevancy and Excluding Relevant Evidence,02,03,02,3,"Relevance > Exclusion of Relevant Evidence > Discretionary exclusion (undue prejudice, confusion, waste of time)","Discretionary exclusion (undue prejudice, confusion, waste of time)",discretionary_exclusion_undue_prejudice_confusion_waste_of_time,Relevance,Exclusion of Relevant Evidence,"Discretionary exclusion (undue prejudice, confusion, waste of time)"
32020400,3,32,Evidence,Relevancy and Excluding Relevant Evidence,02,04,00,2,Relevance > Character Evidence,Character Evidence,character_evidence,Relevance,Character Evidence,
32020401,3,32,Evidence,Relevancy and Excluding Relevant Evidence,02,04,01,3,Relevance > Character Evidence > Forms of character evidence,Forms of character evidence,forms_of_character_evidence,Relevance,Character Evidence,Forms of character evidence
32020402,3,32,Evidence,Relevancy and Excluding Relevant Evidence,02,04,02,3,Relevance > Character Evidence > Prohibited uses of character evidence,Prohibited uses of character evidence,prohibited_uses_of_character_evidence,Relevance,Character Evidence,Prohibited uses of character evidence
32020403,3,32,Evidence,Relevancy and Excluding Relevant Evidence,02,04,03,3,Relevance > Character Evidence > Exceptions allowing character evidence,Exceptions allowing character evidence,exceptions_allowing_character_evidence,Relevance,Character Evidence,Exceptions allowing character evidence
32020404,3,32,Evidence,Relevancy and Excluding Relevant Evidence,02,04,04,3,Relevance > Character Evidence > Specific acts for noncharacter purposes,Specific acts for noncharacter purposes,specific_acts_for_noncharacter_purposes,Relevance,Character Evidence,Specific acts for noncharacter purposes
32020405,3,32,Evidence,Relevancy and Excluding Relevant Evidence,02,04,05,3,Relevance > Character Evidence > Cross-examination and rebuttal of character witnesses,Cross-examination and rebuttal of character witnesses,cross_examination_and_rebuttal_of_character_witnesses,Relevance,Character Evidence,Cross-examination and rebuttal of character witnesses
32020500,3,32,Evidence,Relevancy and Excluding Relevant Evidence,02,05,00,2,Relevance > Habit or custom practice,Habit or custom practice,habit_or_custom_practice,Relevance,Habit or custom practice,
32020600,3,32,Evidence,Relevancy and Excluding Relevant Evidence,02,06,00,2,Relevance > Similar occurrences and contracts,Similar occurrences and contracts,similar_occurrences_and_contracts,Relevance,Similar occurrences and contracts,
32020700,3,32,Evidence,Relevancy and Excluding Relevant Evidence,02,07,00,2,Relevance > Authentication and Identification,Authentication and Identification,authentication_and_identification,Relevance,Authentication and Identification,
32020800,3,32,Evidence,Relevancy and Excluding Relevant Evidence,02,08,00,2,Relevance > Expert Testimony,Expert Testimony,expert_testimony,Relevance,Expert Testimony,
32020801,3,32,Evidence,Relevancy and Excluding Relevant Evidence,02,08,01,3,Relevance > Expert Testimony > Acceptable testimony,Acceptable testimony,acceptable_testimony,Relevance,Expert Testimony,Acceptable testimony
32020802,3,32,Evidence,Relevancy and Excluding Relevant Evidence,02,08,02,3,Relevance > Expert Testimony > Qualification of experts,Qualification of experts,qualification_of_experts,Relevance,Expert Testimony,Qualification of experts
32020803,3,32,Evidence,Relevancy and Excluding Relevant Evidence,02,08,03,3,Relevance > Expert Testimony > Basis of expert testimony,Basis of expert testimony,basis_of_expert_testimony,Relevance,Expert Testimony,Basis of expert testimony
32020804,3,32,Evidence,Relevancy and Excluding Relevant Evidence,02,08,04,3,Relevance > Expert Testimony > Opinion on ultimate issue,Opinion on ultimate issue,opinion_on_ultimate_issue,Relevance,Expert Testimony,Opinion on ultimate issue
32020805,3,32,Evidence,Relevancy and Excluding Relevant Evidence,02,08,05,3,Relevance > Expert Testimony > Disclosure of underlying facts or data,Disclosure of underlying facts or data,disclosure_of_underlying_facts_or_data,Relevance,Expert Testimony,Disclosure of underlying facts or data
33040000,3,33,Evidence,Hearsay and Circumstances of Its Admissibility,04,00,00,1,Hearsay,Hearsay,hearsay,Hearsay,,
33040100,3,33,Evidence,Hearsay and Circumstances of Its Admissibility,04,01,00,2,Hearsay > In General,In General,in_general,Hearsay,In General,
33040101,3,33,Evidence,Hearsay and Circumstances of Its Admissibility,04,01,01,3,Hearsay > In General > Hearsay rule,Hearsay rule,hearsay_rule,Hearsay,In General,Hearsay rule
33040102,3,33,Evidence,Hearsay and Circumstances of Its Admissibility,04,01,02,3,Hearsay > In General > Conduct as hearsay,Conduct as hearsay,conduct_as_hearsay,Hearsay,In General,Conduct as hearsay
33040103,3,33,Evidence,Hearsay and Circumstances of Its Admissibility,04,01,03,3,Hearsay > In General > Multiple hearsay,Multiple hearsay,multiple_hearsay,Hearsay,In General,Multiple hearsay
33040104,3,33,Evidence,Hearsay and Circumstances of Its Admissibility,04,01,04,3,Hearsay > In General > Unavailability of declarant as necessary or unnecessary for specific exceptions,Unavailability of declarant as necessary or unnecessary for specific exceptions,unavailability_of_declarant_as_necessary_or_unnecessary_for_specific_exceptions,Hearsay,In General,Unavailability of declarant as necessary or unnecessary for specific exceptions
33040200,3,33,Evidence,Hearsay and Circumstances of Its Admissibility,04,02,00,2,Hearsay > Hearsay Exemptions,Hearsay Exemptions,hearsay_exemptions,Hearsay,Hearsay Exemptions,
33040201,3,33,Evidence,Hearsay and Circumstances of Its Admissibility,04,02,01,3,Hearsay > Hearsay Exemptions > Prior statement of witness,Prior statement of witness,prior_statement_of_witness,Hearsay,Hearsay Exemptions,Prior statement of witness
33040202,3,33,Evidence,Hearsay and Circumstances of Its Admissibility,04,02,02,3,Hearsay > Hearsay Exemptions > Statement by opposing party,Statement by opposing party,statement_by_opposing_party,Hearsay,Hearsay Exemptions,Statement by opposing party
33040203,3,33,Evidence,Hearsay and Circumstances of Its Admissibility,04,02,03,3,Hearsay > Hearsay Exemptions > Statements used for non-hearsay purposes,Statements used for non-hearsay purposes,statements_used_for_non_hearsay_purposes,Hearsay,Hearsay Exemptions,Statements used for non-hearsay purposes
33040300,3,33,Evidence,Hearsay and Circumstances of Its Admissibility,04,03,00,2,Hearsay > Hearsay Exceptions,Hearsay Exceptions,hearsay_exceptions,Hearsay,Hearsay Exceptions,
33040301,3,33,Evidence,Hearsay and Circumstances of Its Admissibility,04,03,01,3,Hearsay > Hearsay Exceptions > Requiring unavailability of declarant,Requiring unavailability of declarant,requiring_unavailability_of_declarant,Hearsay,Hearsay Exceptions,Requiring unavailability of declarant
33040302,3,33,Evidence,Hearsay and Circumstances of Its Admissibility,04,03,02,3,Hearsay > Hearsay Exceptions > Not requiring unavailability of declarant,Not requiring unavailability of declarant,not_requiring_unavailability_of_declarant,Hearsay,Hearsay Exceptions,Not requiring unavailability of declarant
33040400,3,33,Evidence,Hearsay and Circumstances of Its Admissibility,04,04,00,2,Hearsay > Confrontation Clause,Confrontation Clause,confrontation_clause,Hearsay,Confrontation Clause,
34050000,3,34,Evidence,"Writings, Recordings, and Photographs",05,00,00,1,"Contents of Writings, Recordings, and Photographs","Contents of Writings, Recordings, and Photographs",contents_of_writings_recordings_and_photographs,"Contents of Writings, Recordings, and Photographs",,
34050100,3,34,Evidence,"Writings, Recordings, and Photographs",05,01,00,2,"Contents of Writings, Recordings, and Photographs > Requirement of the Original",Requirement of the Original,requirement_of_the_original,"Contents of Writings, Recordings, and Photographs",Requirement of the Original,
34050101,3,34,Evidence,"Writings, Recordings, and Photographs",05,01,01,3,"Contents of Writings, Recordings, and Photographs > Requirement of the Original > Best evidence rule",Best evidence rule,best_evidence_rule,"Contents of Writings, Recordings, and Photographs",Requirement of the Original,Best evidence rule
34050200,3,34,Evidence,"Writings, Recordings, and Photographs",05,02,00,2,"Contents of Writings, Recordings, and Photographs > Duplicates",Duplicates,duplicates,"Contents of Writings, Recordings, and Photographs",Duplicates,
34050300,3,34,Evidence,"Writings, Recordings, and Photographs",05,03,00,2,"Contents of Writings, Recordings, and Photographs > Missing or lost documents",Missing or lost documents,missing_or_lost_documents,"Contents of Writings, Recordings, and Photographs",Missing or lost documents,
34050400,3,34,Evidence,"Writings, Recordings, and Photographs",05,04,00,2,"Contents of Writings, Recordings, and Photographs > Summaries",Summaries,summaries,"Contents of Writings, Recordings, and Photographs",Summaries,
35030000,3,35,Evidence,Privileges and Other Policy Exclusions,03,00,00,1,Privileges and Public Policy Exclusions,Privileges and Public Policy Exclusions,privileges_and_public_policy_exclusions,Privileges and Public Policy Exclusions,,
35030100,3,35,Evidence,Privileges and Other Policy Exclusions,03,01,00,2,Privileges and Public Policy Exclusions > Sources and Scope of Privileges and Policy Exclusions,Sources and Scope of Privileges and Policy Exclusions,sources_and_scope_of_privileges_and_policy_exclusions,Privileges and Public Policy Exclusions,Sources and Scope of Privileges and Policy Exclusions,
35030200,3,35,Evidence,Privileges and Other Policy Exclusions,03,02,00,2,Privileges and Public Policy Exclusions > Particular Privileges,Particular Privileges,particular_privileges,Privileges and Public Policy Exclusions,Particular Privileges,
35030201,3,35,Evidence,Privileges and Other Policy Exclusions,03,02,01,3,Privileges and Public Policy Exclusions > Particular Privileges > Spousal Privileges,Spousal Privileges,spousal_privileges,Privileges and Public Policy Exclusions,Particular Privileges,Spousal Privileges
35030202,3,35,Evidence,Privileges and Other Policy Exclusions,03,02,02,3,Privileges and Public Policy Exclusions > Particular Privileges > Marital Communications Privilege,Marital Communications Privilege,marital_communications_privilege,Privileges and Public Policy Exclusions,Particular Privileges,Marital Communications Privilege
35030203,3,35,Evidence,Privileges and Other Policy Exclusions,03,02,03,3,Privileges and Public Policy Exclusions > Particular Privileges > Physician-patient,Physician-patient,physician_patient,Privileges and Public Policy Exclusions,Particular Privileges,Physician-patient
35030204,3,35,Evidence,Privileges and Other Policy Exclusions,03,02,04,3,Privileges and Public Policy Exclusions > Particular Privileges > Psychotherapist-patient,Psychotherapist-patient,psychotherapist_patient,Privileges and Public Policy Exclusions,Particular Privileges,Psychotherapist-patient
35030205,3,35,Evidence,Privileges and Other Policy Exclusions,03,02,05,3,Privileges and Public Policy Exclusions > Particular Privileges > Attorney-client,Attorney-client,attorney_client,Privileges and Public Policy Exclusions,Particular Privileges,Attorney-client
35030206,3,35,Evidence,Privileges and Other Policy Exclusions,03,02,06,3,Privileges and Public Policy Exclusions > Particular Privileges > Clergy and penitent,Clergy and penitent,clergy_and_penitent,Privileges and Public Policy Exclusions,Particular Privileges,Clergy and penitent
35030300,3,35,Evidence,Privileges and Other Policy Exclusions,03,03,00,2,Privileges and Public Policy Exclusions > Public Policy Exclusions,Public Policy Exclusions,public_policy_exclusions,Privileges and Public Policy Exclusions,Public Policy Exclusions,
35030301,3,35,Evidence,Privileges and Other Policy Exclusions,03,03,01,3,Privileges and Public Policy Exclusions > Public Policy Exclusions > Subsequent remedial measures,Subsequent remedial measures,subsequent_remedial_measures,Privileges and Public Policy Exclusions,Public Policy Exclusions,Subsequent remedial measures
35030302,3,35,Evidence,Privileges and Other Policy Exclusions,03,03,02,3,Privileges and Public Policy Exclusions > Public Policy Exclusions > Settlement negotiations and offers of compromise,Settlement negotiations and offers of compromise,settlement_negotiations_and_offers_of_compromise,Privileges and Public Policy Exclusions,Public Policy Exclusions,Settlement negotiations and offers of compromise
35030303,3,35,Evidence,Privileges and Other Policy Exclusions,03,03,03,3,Privileges and Public Policy Exclusions > Public Policy Exclusions > Plea negotiations and withdrawn plea offers,Plea negotiations and withdrawn plea offers,plea_negotiations_and_withdrawn_plea_offers,Privileges and Public Policy Exclusions,Public Policy Exclusions,Plea negotiations and withdrawn plea offers
35030304,3,35,Evidence,Privileges and Other Policy Exclusions,03,03,04,3,Privileges and Public Policy Exclusions > Public Policy Exclusions > Liability insurance,Liability insurance,liability_insurance,Privileges and Public Policy Exclusions,Public Policy Exclusions,Liability insurance
35030305,3,35,Evidence,Privileges and Other Policy Exclusions,03,03,05,3,Privileges and Public Policy Exclusions > Public Policy Exclusions > Payment of medical expenses,Payment of medical expenses,payment_of_medical_expenses,Privileges and Public Policy Exclusions,Public Policy Exclusions,Payment of medical expenses
41030000,4,41,Constitutional Law,Relations Between Federal and State Governments,03,00,00,1,The Federal-State Relationship,The Federal-State Relationship,the_federal_state_relationship,The Federal-State Relationship,,
41030100,4,41,Constitutional Law,Relations Between Federal and State Governments,03,01,00,2,The Federal-State Relationship > Preemption and Consent,Preemption and Consent,preemption_and_consent,The Federal-State Relationship,Preemption and Consent,
41030200,4,41,Constitutional Law,Relations Between Federal and State Governments,03,02,00,2,The Federal-State Relationship > Intergovernmental Immunities,Intergovernmental Immunities,intergovernmental_immunities,The Federal-State Relationship,Intergovernmental Immunities,
41030300,4,41,Constitutional Law,Relations Between Federal and State Governments,03,03,00,2,The Federal-State Relationship > Supremacy Clause,Supremacy Clause,supremacy_clause,The Federal-State Relationship,Supremacy Clause,
41030400,4,41,Constitutional Law,Relations Between Federal and State Governments,03,04,00,2,The Federal-State Relationship > Tenth Amendment and the Scope of State Authority,Tenth Amendment and the Scope of State Authority,tenth_amendment_and_the_scope_of_state_authority,The Federal-State Relationship,Tenth Amendment and the Scope of State Authority,
41030401,4,41,Constitutional Law,Relations Between Federal and State Governments,03,04,01,3,The Federal-State Relationship > Tenth Amendment and the Scope of State Authority > Tenth Amendment,Tenth Amendment,tenth_amendment,The Federal-State Relationship,Tenth Amendment and the Scope of State Authority,Tenth Amendment
41030402,4,41,Constitutional Law,Relations Between Federal and State Governments,03,04,02,3,The Federal-State Relationship > Tenth Amendment and the Scope of State Authority > Dormant Commerce Clause,Dormant Commerce Clause,dormant_commerce_clause,The Federal-State Relationship,Tenth Amendment and the Scope of State Authority,Dormant Commerce Clause
41030403,4,41,Constitutional Law,Relations Between Federal and State Governments,03,04,03,3,The Federal-State Relationship > Tenth Amendment and the Scope of State Authority > State taxation,State taxation,state_taxation,The Federal-State Relationship,Tenth Amendment and the Scope of State Authority,State taxation
42010000,4,42,Constitutional Law,Separation of Powers,01,00,00,1,Separation of Powers,Separation of Powers,separation_of_powers,Separation of Powers,,
42010100,4,42,Constitutional Law,Separation of Powers,01,01,00,2,Separation of Powers > Legislative Branch,Legislative Branch,legislative_branch,Separation of Powers,Legislative Branch,
42010101,4,42,Constitutional Law,Separation of Powers,01,01,01,3,Separation of Powers > Legislative Branch > Taxing and spending power,Taxing and spending power,taxing_and_spending_power,Separation of Powers,Legislative Branch,Taxing and spending power
42010102,4,42,Constitutional Law,Separation of Powers,01,01,02,3,Separation of Powers > Legislative Branch > War power,War power,war_power,Separation of Powers,Legislative Branch,War power
42010103,4,42,Constitutional Law,Separation of Powers,01,01,03,3,Separation of Powers > Legislative Branch > Commerce power,Commerce power,commerce_power,Separation of Powers,Legislative Branch,Commerce power
42010104,4,42,Constitutional Law,Separation of Powers,01,01,04,3,Separation of Powers > Legislative Branch > “Necessary and Proper” Clause power,“Necessary and Proper” Clause power,necessary_and_proper_clause_power,Separation of Powers,Legislative Branch,“Necessary and Proper” Clause power
42010105,4,42,Constitutional Law,Separation of Powers,01,01,05,3,Separation of Powers > Legislative Branch > Investigatory power,Investigatory power,investigatory_power,Separation of Powers,Legislative Branch,Investigatory power
42010106,4,42,Constitutional Law,Separation of Powers,01,01,06,3,Separation of Powers > Legislative Branch > Property power,Property power,property_power,Separation of Powers,Legislative Branch,Property power
42010107,4,42,Constitutional Law,Separation of Powers,01,01,07,3,"Separation of Powers > Legislative Branch > Thirteenth, Fourteenth, and Fifteenth Amendments","Thirteenth, Fourteenth, and Fifteenth Amendments",thirteenth_fourteenth_and_fifteenth_amendments,Separation of Powers,Legislative Branch,"Thirteenth, Fourteenth, and Fifteenth Amendments"
42010108,4,42,Constitutional Law,Separation of Powers,01,01,08,3,Separation of Powers > Legislative Branch > Delegation Clause,Delegation Clause,delegation_clause,Separation of Powers,Legislative Branch,Delegation Clause
42010200,4,42,Constitutional Law,Separation of Powers,01,02,00,2,Separation of Powers > Executive Branch,Executive Branch,executive_branch,Separation of Powers,Executive Branch,
42010201,4,42,Constitutional Law,Separation of Powers,01,02,01,3,Separation of Powers > Executive Branch > Commander-in-chief,Commander-in-chief,commander_in_chief,Separation of Powers,Executive Branch,Commander-in-chief
42010202,4,42,Constitutional Law,Separation of Powers,01,02,02,3,Separation of Powers > Executive Branch > Chief executive,Chief executive,chief_executive,Separation of Powers,Executive Branch,Chief executive
42010203,4,42,Constitutional Law,Separation of Powers,01,02,03,3,Separation of Powers > Executive Branch > Treaties and foreign affairs,Treaties and foreign affairs,treaties_and_foreign_affairs,Separation of Powers,Executive Branch,Treaties and foreign affairs
42010204,4,42,Constitutional Law,Separation of Powers,01,02,04,3,Separation of Powers > Executive Branch > Appointment and removal,Appointment and removal,appointment_and_removal,Separation of Powers,Executive Branch,Appointment and removal
42010205,4,42,Constitutional Law,Separation of Powers,01,02,05,3,Separation of Powers > Executive Branch > Veto,Veto,veto,Separation of Powers,Executive Branch,Veto
42010206,4,42,Constitutional Law,Separation of Powers,01,02,06,3,Separation of Powers > Executive Branch > Pardon,Pardon,pardon,Separation of Powers,Executive Branch,Pardon
42010207,4,42,Constitutional Law,Separation of Powers,01,02,07,3,Separation of Powers > Executive Branch > Executive privilege,Executive privilege,executive_privilege,Separation of Powers,Executive Branch,Executive privilege
42010208,4,42,Constitutional Law,Separation of Powers,01,02,08,3,Separation of Powers > Executive Branch > Executive immunity,Executive immunity,executive_immunity,Separation of Powers,Executive Branch,Executive immunity
42010300,4,42,Constitutional Law,Separation of Powers,01,03,00,2,Separation of Powers > Interbranch Checks and Balances,Interbranch Checks and Balances,interbranch_checks_and_balances,Separation of Powers,Interbranch Checks and Balances,
42010301,4,42,Constitutional Law,Separation of Powers,01,03,01,3,Separation of Powers > Interbranch Checks and Balances > Impeachment and other Congressional limits on executive,Impeachment and other Congressional limits on executive,impeachment_and_other_congressional_limits_on_executive,Separation of Powers,Interbranch Checks and Balances,Impeachment and other Congressional limits on executive
42010302,4,42,Constitutional Law,Separation of Powers,01,03,02,3,Separation of Powers > Interbranch Checks and Balances > Veto and similar powers,Veto and similar powers,veto_and_similar_powers,Separation of Powers,Interbranch Checks and Balances,Veto and similar powers
42010303,4,42,Constitutional Law,Separation of Powers,01,03,03,3,"Separation of Powers > Interbranch Checks and Balances > Executive, congressional, and judicial privileges and immunities","Executive, congressional, and judicial privileges and immunities",executive_congressional_and_judicial_privileges_and_immunities,Separation of Powers,Interbranch Checks and Balances,"Executive, congressional, and judicial privileges and immunities"
43020000,4,43,Constitutional Law,Judicial Review,02,00,00,1,Judicial Review,Judicial Review,judicial_review,Judicial Review,,
43020100,4,43,Constitutional Law,Judicial Review,02,01,00,2,Judicial Review > Organization of Courts,Organization of Courts,organization_of_courts,Judicial Review,Organization of Courts,
43020101,4,43,Constitutional Law,Judicial Review,02,01,01,3,Judicial Review > Organization of Courts > Constitutional basis,Constitutional basis,constitutional_basis,Judicial Review,Organization of Courts,Constitutional basis
43020102,4,43,Constitutional Law,Judicial Review,02,01,02,3,Judicial Review > Organization of Courts > Organization,Organization,organization,Judicial Review,Organization of Courts,Organization
43020200,4,43,Constitutional Law,Judicial Review,02,02,00,2,Judicial Review > Jurisdiction of Courts,Jurisdiction of Courts,jurisdiction_of_courts,Judicial Review,Jurisdiction of Courts,
43020201,4,43,Constitutional Law,Judicial Review,02,02,01,3,Judicial Review > Jurisdiction of Courts > Constitutional limitations and justiciability,Constitutional limitations and justiciability,constitutional_limitations_and_justiciability,Judicial Review,Jurisdiction of Courts,Constitutional limitations and justiciability
43020202,4,43,Constitutional Law,Judicial Review,02,02,02,3,Judicial Review > Jurisdiction of Courts > Congressional limitations,Congressional limitations,congressional_limitations,Judicial Review,Jurisdiction of Courts,Congressional limitations
44040000,4,44,Constitutional Law,Individual Rights,04,00,00,1,Individual Rights,Individual Rights,individual_rights,Individual Rights,,
44040100,4,44,Constitutional Law,Individual Rights,04,01,00,2,Individual Rights > State Action Requirement,State Action Requirement,state_action_requirement,Individual Rights,State Action Requirement,
44040200,4,44,Constitutional Law,Individual Rights,04,02,00,2,Individual Rights > Due Process Clause,Due Process Clause,due_process_clause,Individual Rights,Due Process Clause,
44040201,4,44,Constitutional Law,Individual Rights,04,02,01,3,Individual Rights > Due Process Clause > Incorporation of Bill of Rights through the Fourteenth Amendment,Incorporation of Bill of Rights through the Fourteenth Amendment,incorporation_of_bill_of_rights_through_the_fourteenth_amendment,Individual Rights,Due Process Clause,Incorporation of Bill of Rights through the Fourteenth Amendment
44040202,4,44,Constitutional Law,Individual Rights,04,02,02,3,Individual Rights > Due Process Clause > Substantive due process,Substantive due process,substantive_due_process,Individual Rights,Due Process Clause,Substantive due process
44040203,4,44,Constitutional Law,Individual Rights,04,02,03,3,Individual Rights > Due Process Clause > Procedural due process,Procedural due process,procedural_due_process,Individual Rights,Due Process Clause,Procedural due process
44040300,4,44,Constitutional Law,Individual Rights,04,03,00,2,Individual Rights > Equal Protection Clause,Equal Protection Clause,equal_protection_clause,Individual Rights,Equal Protection Clause,
44040301,4,44,Constitutional Law,Individual Rights,04,03,01,3,Individual Rights > Equal Protection Clause > Fundamental rights,Fundamental rights,fundamental_rights,Individual Rights,Equal Protection Clause,Fundamental rights
44040302,4,44,Constitutional Law,Individual Rights,04,03,02,3,Individual Rights > Equal Protection Clause > Establishing discrimination,Establishing discrimination,establishing_discrimination,Individual Rights,Equal Protection Clause,Establishing discrimination
44040303,4,44,Constitutional Law,Individual Rights,04,03,03,3,Individual Rights > Equal Protection Clause > Strict scrutiny (suspect) classifications,Strict scrutiny (suspect) classifications,strict_scrutiny_suspect_classifications,Individual Rights,Equal Protection Clause,Strict scrutiny (suspect) classifications
44040304,4,44,Constitutional Law,Individual Rights,04,03,04,3,Individual Rights > Equal Protection Clause > Intermediate scrutiny (quasi-suspect) classifications,Intermediate scrutiny (quasi-suspect) classifications,intermediate_scrutiny_quasi_suspect_classifications,Individual Rights,Equal Protection Clause,Intermediate scrutiny (quasi-suspect) classifications
44040305,4,44,Constitutional Law,Individual Rights,04,03,05,3,Individual Rights > Equal Protection Clause > Rational basis review classifications,Rational basis review classifications,rational_basis_review_classifications,Individual Rights,Equal Protection Clause,Rational basis review classifications
44040400,4,44,Constitutional Law,Individual Rights,04,04,00,2,Individual Rights > Privileges and Immunities of Citizens,Privileges and Immunities of Citizens,privileges_and_immunities_of_citizens,Individual Rights,Privileges and Immunities of Citizens,
44040401,4,44,Constitutional Law,Individual Rights,04,04,01,3,Individual Rights > Privileges and Immunities of Citizens > Privileges or Immunities Clause of the Fourteenth Amendment,Privileges or Immunities Clause of the Fourteenth Amendment,privileges_or_immunities_clause_of_the_fourteenth_amendment,Individual Rights,Privileges and Immunities of Citizens,Privileges or Immunities Clause of the Fourteenth Amendment
44040402,4,44,Constitutional Law,Individual Rights,04,04,02,3,"Individual Rights > Privileges and Immunities of Citizens > Privileges and Immunities Clause of Article IV, Section 2","Privileges and Immunities Clause of Article IV, Section 2",privileges_and_immunities_clause_of_article_iv_section_2,Individual Rights,Privileges and Immunities of Citizens,"Privileges and Immunities Clause of Article IV, Section 2"
44040500,4,44,Constitutional Law,Individual Rights,04,05,00,2,Individual Rights > First Amendment Protections,First Amendment Protections,first_amendment_protections,Individual Rights,First Amendment Protections,
44040501,4,44,Constitutional Law,Individual Rights,04,05,01,3,Individual Rights > First Amendment Protections > Freedom of religion,Freedom of religion,freedom_of_religion,Individual Rights,First Amendment Protections,Freedom of religion
44040502,4,44,Constitutional Law,Individual Rights,04,05,02,3,Individual Rights > First Amendment Protections > Freedom of speech and expression,Freedom of speech and expression,freedom_of_speech_and_expression,Individual Rights,First Amendment Protections,Freedom of speech and expression
44040503,4,44,Constitutional Law,Individual Rights,04,05,03,3,Individual Rights > First Amendment Protections > Freedom of the press,Freedom of the press,freedom_of_the_press,Individual Rights,First Amendment Protections,Freedom of the press
44040504,4,44,Constitutional Law,Individual Rights,04,05,04,3,Individual Rights > First Amendment Protections > Freedom of association,Freedom of association,freedom_of_association,Individual Rights,First Amendment Protections,Freedom of association
44040600,4,44,Constitutional Law,Individual Rights,04,06,00,2,Individual Rights > Other Protections,Other Protections,other_protections,Individual Rights,Other Protections,
44040601,4,44,Constitutional Law,Individual Rights,04,06,01,3,Individual Rights > Other Protections > Bills of attainder,Bills of attainder,bills_of_attainder,Individual Rights,Other Protections,Bills of attainder
44040602,4,44,Constitutional Law,Individual Rights,04,06,02,3,Individual Rights > Other Protections > Ex post facto laws,Ex post facto laws,ex_post_facto_laws,Individual Rights,Other Protections,Ex post facto laws
44040603,4,44,Constitutional Law,Individual Rights,04,06,03,3,Individual Rights > Other Protections > Contracts Clause,Contracts Clause,contracts_clause,Individual Rights,Other Protections,Contracts Clause
44040604,4,44,Constitutional Law,Individual Rights,04,06,04,3,Individual Rights > Other Protections > Eminent domain—Takings Clause,Eminent domain—Takings Clause,eminent_domain_takings_clause,Individual Rights,Other Protections,Eminent domain—Takings Clause
51060000,5,51,Contracts,Remedies,06,00,00,1,Remedies,Remedies,remedies,Remedies,,
51060100,5,51,Contracts,Remedies,06,01,00,2,Remedies > Damages,Damages,damages,Remedies,Damages,
51060101,5,51,Contracts,Remedies,06,01,01,3,Remedies > Damages > Expectation damages,Expectation damages,expectation_damages,Remedies,Damages,Expectation damages
51060102,5,51,Contracts,Remedies,06,01,02,3,Remedies > Damages > Reliance damages,Reliance damages,reliance_damages,Remedies,Damages,Reliance damages
51060103,5,51,Contracts,Remedies,06,01,03,3,Remedies > Damages > Consequential damages,Consequential damages,consequential_damages,Remedies,Damages,Consequential damages
51060104,5,51,Contracts,Remedies,06,01,04,3,Remedies > Damages > Incidental damages,Incidental damages,incidental_damages,Remedies,Damages,Incidental damages
51060105,5,51,Contracts,Remedies,06,01,05,3,Remedies > Damages > Liquidated damages,Liquidated damages,liquidated_damages,Remedies,Damages,Liquidated damages
51060106,5,51,Contracts,Remedies,06,01,06,3,Remedies > Damages > Nominal damages,Nominal damages,nominal_damages,Remedies,Damages,Nominal damages
51060107,5,51,Contracts,Remedies,06,01,07,3,Remedies > Damages > Duty to mitigate,Duty to mitigate,duty_to_mitigate,Remedies,Damages,Duty to mitigate
51060200,5,51,Contracts,Remedies,06,02,00,2,Remedies > Legal Restitution,Legal Restitution,legal_restitution,Remedies,Legal Restitution,
51060201,5,51,Contracts,Remedies,06,02,01,3,Remedies > Legal Restitution > Legal Restitution,Legal Restitution,legal_restitution,Remedies,Legal Restitution,Legal Restitution
51060202,5,51,Contracts,Remedies,06,02,02,3,Remedies > Legal Restitution > Replevin,Replevin,replevin,Remedies,Legal Restitution,Replevin
51060300,5,51,Contracts,Remedies,06,03,00,2,Remedies > Equitable Remedies,Equitable Remedies,equitable_remedies,Remedies,Equitable Remedies,
51060301,5,51,Contracts,Remedies,06,03,01,3,Remedies > Equitable Remedies > Equitable Restitution,Equitable Restitution,equitable_restitution,Remedies,Equitable Remedies,Equitable Restitution
51060302,5,51,Contracts,Remedies,06,03,02,3,Remedies > Equitable Remedies > Rescission,Rescission,rescission,Remedies,Equitable Remedies,Rescission
51060303,5,51,Contracts,Remedies,06,03,03,3,Remedies > Equitable Remedies > Reformation,Reformation,reformation,Remedies,Equitable Remedies,Reformation
51060304,5,51,Contracts,Remedies,06,03,04,3,Remedies > Equitable Remedies > Specific performance,Specific performance,specific_performance,Remedies,Equitable Remedies,Specific performance
51060305,5,51,Contracts,Remedies,06,03,05,3,Remedies > Equitable Remedies > Injunctions,Injunctions,injunctions,Remedies,Equitable Remedies,Injunctions
52040000,5,52,Contracts,Contract Content and Meaning,04,00,00,1,"Gap-Fillers, Interpretation, and the Parol Evidence Rule","Gap-Fillers, Interpretation, and the Parol Evidence Rule",gap_fillers_interpretation_and_the_parol_evidence_rule,"Gap-Fillers, Interpretation, and the Parol Evidence Rule",,
52040100,5,52,Contracts,Contract Content and Meaning,04,01,00,2,"Gap-Fillers, Interpretation, and the Parol Evidence Rule > Gap-Fillers",Gap-Fillers,gap_fillers,"Gap-Fillers, Interpretation, and the Parol Evidence Rule",Gap-Fillers,
52040200,5,52,Contracts,Contract Content and Meaning,04,02,00,2,"Gap-Fillers, Interpretation, and the Parol Evidence Rule > Interpretation",Interpretation,interpretation,"Gap-Fillers, Interpretation, and the Parol Evidence Rule",Interpretation,
52040300,5,52,Contracts,Contract Content and Meaning,04,03,00,2,"Gap-Fillers, Interpretation, and the Parol Evidence Rule > Parol Evidence Rule",Parol Evidence Rule,parol_evidence_rule,"Gap-Fillers, Interpretation, and the Parol Evidence Rule",Parol Evidence Rule,
53070000,5,53,Contracts,Third-Party Rights,07,00,00,1,Nonparties to Contract,Nonparties to Contract,nonparties_to_contract,Nonparties to Contract,,
53070100,5,53,Contracts,Third-Party Rights,07,01,00,2,Nonparties to Contract > Third-Party Beneficiary Contracts,Third-Party Beneficiary Contracts,third_party_beneficiary_contracts,Nonparties to Contract,Third-Party Beneficiary Contracts,
53070200,5,53,Contracts,Third-Party Rights,07,02,00,2,Nonparties to Contract > Assignment of Rights,Assignment of Rights,assignment_of_rights,Nonparties to Contract,Assignment of Rights,
53070300,5,53,Contracts,Third-Party Rights,07,03,00,2,Nonparties to Contract > Delegation of Duties,Delegation of Duties,delegation_of_duties,Nonparties to Contract,Delegation of Duties,
54030000,5,54,Contracts,Defenses to Enforceability,03,00,00,1,Defenses to Formation or Enforcement,Defenses to Formation or Enforcement,defenses_to_formation_or_enforcement,Defenses to Formation or Enforcement,,
54030100,5,54,Contracts,Defenses to Enforceability,03,01,00,2,Defenses to Formation or Enforcement > Lack of Capacity,Lack of Capacity,lack_of_capacity,Defenses to Formation or Enforcement,Lack of Capacity,
54030200,5,54,Contracts,Defenses to Enforceability,03,02,00,2,Defenses to Formation or Enforcement > Illegality,Illegality,illegality,Defenses to Formation or Enforcement,Illegality,
54030300,5,54,Contracts,Defenses to Enforceability,03,03,00,2,Defenses to Formation or Enforcement > Unconscionability,Unconscionability,unconscionability,Defenses to Formation or Enforcement,Unconscionability,
54030400,5,54,Contracts,Defenses to Enforceability,03,04,00,2,Defenses to Formation or Enforcement > Statute of Frauds,Statute of Frauds,statute_of_frauds,Defenses to Formation or Enforcement,Statute of Frauds,
54030500,5,54,Contracts,Defenses to Enforceability,03,05,00,2,Defenses to Formation or Enforcement > Ambiguity,Ambiguity,ambiguity,Defenses to Formation or Enforcement,Ambiguity,
54030600,5,54,Contracts,Defenses to Enforceability,03,06,00,2,Defenses to Formation or Enforcement > Mistake / Lack of Mutual Assent,Mistake / Lack of Mutual Assent,mistake_lack_of_mutual_assent,Defenses to Formation or Enforcement,Mistake / Lack of Mutual Assent,
54030700,5,54,Contracts,Defenses to Enforceability,03,07,00,2,Defenses to Formation or Enforcement > Duress,Duress,duress,Defenses to Formation or Enforcement,Duress,
54030800,5,54,Contracts,Defenses to Enforceability,03,08,00,2,Defenses to Formation or Enforcement > Misrepresentation / Fraud,Misrepresentation / Fraud,misrepresentation_fraud,Defenses to Formation or Enforcement,Misrepresentation / Fraud,
54030900,5,54,Contracts,Defenses to Enforceability,03,09,00,2,Defenses to Formation or Enforcement > Undue Influence,Undue Influence,undue_influence,Defenses to Formation or Enforcement,Undue Influence,
54031000,5,54,Contracts,Defenses to Enforceability,03,10,00,2,Defenses to Formation or Enforcement > Public Policy,Public Policy,public_policy,Defenses to Formation or Enforcement,Public Policy,
55010000,5,55,Contracts,Formation of Contracts,01,00,00,1,Introductory Principles / Applicable Law,Introductory Principles / Applicable Law,introductory_principles_applicable_law,Introductory Principles / Applicable Law,,
55010100,5,55,Contracts,Formation of Contracts,01,01,00,2,Introductory Principles / Applicable Law > Sources of Law,Sources of Law,sources_of_law,Introductory Principles / Applicable Law,Sources of Law,
55010101,5,55,Contracts,Formation of Contracts,01,01,01,3,Introductory Principles / Applicable Law > Sources of Law > Uniform Commercial Code (UCC),Uniform Commercial Code (UCC),uniform_commercial_code_ucc,Introductory Principles / Applicable Law,Sources of Law,Uniform Commercial Code (UCC)
55010102,5,55,Contracts,Formation of Contracts,01,01,02,3,Introductory Principles / Applicable Law > Sources of Law > Common law,Common law,common_law,Introductory Principles / Applicable Law,Sources of Law,Common law
55010200,5,55,Contracts,Formation of Contracts,01,02,00,2,Introductory Principles / Applicable Law > Types of Agreements,Types of Agreements,types_of_agreements,Introductory Principles / Applicable Law,Types of Agreements,
55010201,5,55,Contracts,Formation of Contracts,01,02,01,3,Introductory Principles / Applicable Law > Types of Agreements > Bilateral contract,Bilateral contract,bilateral_contract,Introductory Principles / Applicable Law,Types of Agreements,Bilateral contract
55010202,5,55,Contracts,Formation of Contracts,01,02,02,3,Introductory Principles / Applicable Law > Types of Agreements > Unilateral contract,Unilateral contract,unilateral_contract,Introductory Principles / Applicable Law,Types of Agreements,Unilateral contract
55020000,5,55,Contracts,Formation of Contracts,02,00,00,1,Formation,Formation,formation,Formation,,
55020100,5,55,Contracts,Formation of Contracts,02,01,00,2,Formation > Mutual Assent,Mutual Assent,mutual_assent,Formation,Mutual Assent,
55020101,5,55,Contracts,Formation of Contracts,02,01,01,3,Formation > Mutual Assent > Offer,Offer,offer,Formation,Mutual Assent,Offer
55020102,5,55,Contracts,Formation of Contracts,02,01,02,3,Formation > Mutual Assent > Acceptance,Acceptance,acceptance,Formation,Mutual Assent,Acceptance
55020200,5,55,Contracts,Formation of Contracts,02,02,00,2,Formation > Consideration,Consideration,consideration,Formation,Consideration,
55020201,5,55,Contracts,Formation of Contracts,02,02,01,3,Formation > Consideration > Bargain and exchange,Bargain and exchange,bargain_and_exchange,Formation,Consideration,Bargain and exchange
55020202,5,55,Contracts,Formation of Contracts,02,02,02,3,Formation > Consideration > Illusory promises,Illusory promises,illusory_promises,Formation,Consideration,Illusory promises
55020203,5,55,Contracts,Formation of Contracts,02,02,03,3,Formation > Consideration > Requirement and output contracts,Requirement and output contracts,requirement_and_output_contracts,Formation,Consideration,Requirement and output contracts
55020204,5,55,Contracts,Formation of Contracts,02,02,04,3,Formation > Consideration > Preexisting duty,Preexisting duty,preexisting_duty,Formation,Consideration,Preexisting duty
55020205,5,55,Contracts,Formation of Contracts,02,02,05,3,Formation > Consideration > Sufficiency of consideration,Sufficiency of consideration,sufficiency_of_consideration,Formation,Consideration,Sufficiency of consideration
55020300,5,55,Contracts,Formation of Contracts,02,03,00,2,Formation > Promissory Estoppel,Promissory Estoppel,promissory_estoppel,Formation,Promissory Estoppel,
55020400,5,55,Contracts,Formation of Contracts,02,04,00,2,Formation > Implied-in-fact contracts,Implied-in-fact contracts,implied_in_fact_contracts,Formation,Implied-in-fact contracts,
55020500,5,55,Contracts,Formation of Contracts,02,05,00,2,Formation > Implied-in-law contracts,Implied-in-law contracts,implied_in_law_contracts,Formation,Implied-in-law contracts,
56050000,5,56,Contracts,"Performance, Breach, and Discharge",05,00,00,1,"Performance, Breach, and Excuse","Performance, Breach, and Excuse",performance_breach_and_excuse,"Performance, Breach, and Excuse",,
56050100,5,56,Contracts,"Performance, Breach, and Discharge",05,01,00,2,"Performance, Breach, and Excuse > Conditions",Conditions,conditions,"Performance, Breach, and Excuse",Conditions,
56050101,5,56,Contracts,"Performance, Breach, and Discharge",05,01,01,3,"Performance, Breach, and Excuse > Conditions > Covenants",Covenants,covenants,"Performance, Breach, and Excuse",Conditions,Covenants
56050102,5,56,Contracts,"Performance, Breach, and Discharge",05,01,02,3,"Performance, Breach, and Excuse > Conditions > Conditions",Conditions,conditions,"Performance, Breach, and Excuse",Conditions,Conditions
56050200,5,56,Contracts,"Performance, Breach, and Discharge",05,02,00,2,"Performance, Breach, and Excuse > Modifications",Modifications,modifications,"Performance, Breach, and Excuse",Modifications,
56050300,5,56,Contracts,"Performance, Breach, and Discharge",05,03,00,2,"Performance, Breach, and Excuse > Performance",Performance,performance,"Performance, Breach, and Excuse",Performance,
56050400,5,56,Contracts,"Performance, Breach, and Discharge",05,04,00,2,"Performance, Breach, and Excuse > Breach",Breach,breach,"Performance, Breach, and Excuse",Breach,
56050401,5,56,Contracts,"Performance, Breach, and Discharge",05,04,01,3,"Performance, Breach, and Excuse > Breach > Material v. Minor",Material v. Minor,material_v_minor,"Performance, Breach, and Excuse",Breach,Material v. Minor
56050402,5,56,Contracts,"Performance, Breach, and Discharge",05,04,02,3,"Performance, Breach, and Excuse > Breach > Perfect Tender Rule",Perfect Tender Rule,perfect_tender_rule,"Performance, Breach, and Excuse",Breach,Perfect Tender Rule
56050403,5,56,Contracts,"Performance, Breach, and Discharge",05,04,03,3,"Performance, Breach, and Excuse > Breach > Anticipatory repudiation",Anticipatory repudiation,anticipatory_repudiation,"Performance, Breach, and Excuse",Breach,Anticipatory repudiation
56050500,5,56,Contracts,"Performance, Breach, and Discharge",05,05,00,2,"Performance, Breach, and Excuse > Discharge of Contracts",Discharge of Contracts,discharge_of_contracts,"Performance, Breach, and Excuse",Discharge of Contracts,
56050600,5,56,Contracts,"Performance, Breach, and Discharge",05,06,00,2,"Performance, Breach, and Excuse > Excuse of Condition/Discharge of Duty",Excuse of Condition/Discharge of Duty,excuse_of_condition_discharge_of_duty,"Performance, Breach, and Excuse",Excuse of Condition/Discharge of Duty,
56050601,5,56,Contracts,"Performance, Breach, and Discharge",05,06,01,3,"Performance, Breach, and Excuse > Excuse of Condition/Discharge of Duty > Impossibility",Impossibility,impossibility,"Performance, Breach, and Excuse",Excuse of Condition/Discharge of Duty,Impossibility
56050602,5,56,Contracts,"Performance, Breach, and Discharge",05,06,02,3,"Performance, Breach, and Excuse > Excuse of Condition/Discharge of Duty > Impracticability",Impracticability,impracticability,"Performance, Breach, and Excuse",Excuse of Condition/Discharge of Duty,Impracticability
56050603,5,56,Contracts,"Performance, Breach, and Discharge",05,06,03,3,"Performance, Breach, and Excuse > Excuse of Condition/Discharge of Duty > Frustration of purpose",Frustration of purpose,frustration_of_purpose,"Performance, Breach, and Excuse",Excuse of Condition/Discharge of Duty,Frustration of purpose
56050604,5,56,Contracts,"Performance, Breach, and Discharge",05,06,04,3,"Performance, Breach, and Excuse > Excuse of Condition/Discharge of Duty > Waiver",Waiver,waiver,"Performance, Breach, and Excuse",Excuse of Condition/Discharge of Duty,Waiver
56050605,5,56,Contracts,"Performance, Breach, and Discharge",05,06,05,3,"Performance, Breach, and Excuse > Excuse of Condition/Discharge of Duty > Estoppel",Estoppel,estoppel,"Performance, Breach, and Excuse",Excuse of Condition/Discharge of Duty,Estoppel
56050606,5,56,Contracts,"Performance, Breach, and Discharge",05,06,06,3,"Performance, Breach, and Excuse > Excuse of Condition/Discharge of Duty > Discharge by subsequent agreement",Discharge by subsequent agreement,discharge_by_subsequent_agreement,"Performance, Breach, and Excuse",Excuse of Condition/Discharge of Duty,Discharge by subsequent agreement
56050607,5,56,Contracts,"Performance, Breach, and Discharge",05,06,07,3,"Performance, Breach, and Excuse > Excuse of Condition/Discharge of Duty > Accord and satisfaction",Accord and satisfaction,accord_and_satisfaction,"Performance, Breach, and Excuse",Excuse of Condition/Discharge of Duty,Accord and satisfaction
56050608,5,56,Contracts,"Performance, Breach, and Discharge",05,06,08,3,"Performance, Breach, and Excuse > Excuse of Condition/Discharge of Duty > Novation",Novation,novation,"Performance, Breach, and Excuse",Excuse of Condition/Discharge of Duty,Novation
61020000,6,61,Torts,Negligence,02,00,00,1,Negligence,Negligence,negligence,Negligence,,
61020100,6,61,Torts,Negligence,02,01,00,2,Negligence > Duty,Duty,duty,Negligence,Duty,
61020101,6,61,Torts,Negligence,02,01,01,3,Negligence > Duty > In general,In general,in_general,Negligence,Duty,In general
61020102,6,61,Torts,Negligence,02,01,02,3,Negligence > Duty > Foreseeable plaintiffs,Foreseeable plaintiffs,foreseeable_plaintiffs,Negligence,Duty,Foreseeable plaintiffs
61020103,6,61,Torts,Negligence,02,01,03,3,Negligence > Duty > Foreseeable and unreasonable risk,Foreseeable and unreasonable risk,foreseeable_and_unreasonable_risk,Negligence,Duty,Foreseeable and unreasonable risk
61020104,6,61,Torts,Negligence,02,01,04,3,Negligence > Duty > Affirmative duties to act,Affirmative duties to act,affirmative_duties_to_act,Negligence,Duty,Affirmative duties to act
61020200,6,61,Torts,Negligence,02,02,00,2,Negligence > Standard of Due Care,Standard of Due Care,standard_of_due_care,Negligence,Standard of Due Care,
61020201,6,61,Torts,Negligence,02,02,01,3,Negligence > Standard of Due Care > Duty of reasonable prudent person in prevailing circumstances,Duty of reasonable prudent person in prevailing circumstances,duty_of_reasonable_prudent_person_in_prevailing_circumstances,Negligence,Standard of Due Care,Duty of reasonable prudent person in prevailing circumstances
61020202,6,61,Torts,Negligence,02,02,02,3,Negligence > Standard of Due Care > Particular standards of care,Particular standards of care,particular_standards_of_care,Negligence,Standard of Due Care,Particular standards of care
61020203,6,61,Torts,Negligence,02,02,03,3,Negligence > Standard of Due Care > Negligent infliction of emotional distress,Negligent infliction of emotional distress,negligent_infliction_of_emotional_distress,Negligence,Standard of Due Care,Negligent infliction of emotional distress
61020300,6,61,Torts,Negligence,02,03,00,2,Negligence > Breach,Breach,breach,Negligence,Breach,
61020301,6,61,Torts,Negligence,02,03,01,3,Negligence > Breach > Falling below the standard of care,Falling below the standard of care,falling_below_the_standard_of_care,Negligence,Breach,Falling below the standard of care
61020302,6,61,Torts,Negligence,02,03,02,3,Negligence > Breach > Negligence per se,Negligence per se,negligence_per_se,Negligence,Breach,Negligence per se
61020303,6,61,Torts,Negligence,02,03,03,3,Negligence > Breach > Custom,Custom,custom,Negligence,Breach,Custom
61020304,6,61,Torts,Negligence,02,03,04,3,Negligence > Breach > Res ipsa loquitur,Res ipsa loquitur,res_ipsa_loquitur,Negligence,Breach,Res ipsa loquitur
61020400,6,61,Torts,Negligence,02,04,00,2,Negligence > Causation,Causation,causation,Negligence,Causation,
61020401,6,61,Torts,Negligence,02,04,01,3,Negligence > Causation > Cause in fact (actual cause),Cause in fact (actual cause),cause_in_fact_actual_cause,Negligence,Causation,Cause in fact (actual cause)
61020402,6,61,Torts,Negligence,02,04,02,3,Negligence > Causation > Proximate (legal) cause,Proximate (legal) cause,proximate_legal_cause,Negligence,Causation,Proximate (legal) cause
61020500,6,61,Torts,Negligence,02,05,00,2,Negligence > Damages,Damages,damages,Negligence,Damages,
61020600,6,61,Torts,Negligence,02,06,00,2,Negligence > Defenses,Defenses,defenses,Negligence,Defenses,
61020601,6,61,Torts,Negligence,02,06,01,3,Negligence > Defenses > Assumption of risk,Assumption of risk,assumption_of_risk,Negligence,Defenses,Assumption of risk
61020602,6,61,Torts,Negligence,02,06,02,3,Negligence > Defenses > Contributory negligence,Contributory negligence,contributory_negligence,Negligence,Defenses,Contributory negligence
61020603,6,61,Torts,Negligence,02,06,03,3,Negligence > Defenses > Comparative negligence,Comparative negligence,comparative_negligence,Negligence,Defenses,Comparative negligence
62050000,6,62,Torts,Other Torts,05,00,00,1,Other Torts,Other Torts,other_torts,Other Torts,,
62050100,6,62,Torts,Other Torts,05,01,00,2,Other Torts > Nuisance,Nuisance,nuisance,Other Torts,Nuisance,
62050101,6,62,Torts,Other Torts,05,01,01,3,Other Torts > Nuisance > Public,Public,public,Other Torts,Nuisance,Public
62050102,6,62,Torts,Other Torts,05,01,02,3,Other Torts > Nuisance > Private,Private,private,Other Torts,Nuisance,Private
62050200,6,62,Torts,Other Torts,05,02,00,2,Other Torts > Misrepresentation,Misrepresentation,misrepresentation,Other Torts,Misrepresentation,
62050300,6,62,Torts,Other Torts,05,03,00,2,Other Torts > Economic Torts,Economic Torts,economic_torts,Other Torts,Economic Torts,
62050301,6,62,Torts,Other Torts,05,03,01,3,Other Torts > Economic Torts > Interference with contractual relations,Interference with contractual relations,interference_with_contractual_relations,Other Torts,Economic Torts,Interference with contractual relations
62050302,6,62,Torts,Other Torts,05,03,02,3,Other Torts > Economic Torts > Interference with prospective advantage,Interference with prospective advantage,interference_with_prospective_advantage,Other Torts,Economic Torts,Interference with prospective advantage
62050303,6,62,Torts,Other Torts,05,03,03,3,Other Torts > Economic Torts > Injurious falsehood (trade libel),Injurious falsehood (trade libel),injurious_falsehood_trade_libel,Other Torts,Economic Torts,Injurious falsehood (trade libel)
62050400,6,62,Torts,Other Torts,05,04,00,2,"Other Torts > Defamation, Privacy, and Reputation Torts","Defamation, Privacy, and Reputation Torts",defamation_privacy_and_reputation_torts,Other Torts,"Defamation, Privacy, and Reputation Torts",
62050401,6,62,Torts,Other Torts,05,04,01,3,"Other Torts > Defamation, Privacy, and Reputation Torts > Defamation",Defamation,defamation,Other Torts,"Defamation, Privacy, and Reputation Torts",Defamation
62050402,6,62,Torts,Other Torts,05,04,02,3,"Other Torts > Defamation, Privacy, and Reputation Torts > Invasion of privacy",Invasion of privacy,invasion_of_privacy,Other Torts,"Defamation, Privacy, and Reputation Torts",Invasion of privacy
62050403,6,62,Torts,Other Torts,05,04,03,3,"Other Torts > Defamation, Privacy, and Reputation Torts > Malicious prosecution",Malicious prosecution,malicious_prosecution,Other Torts,"Defamation, Privacy, and Reputation Torts",Malicious prosecution
62050404,6,62,Torts,Other Torts,05,04,04,3,"Other Torts > Defamation, Privacy, and Reputation Torts > Abuse of process",Abuse of process,abuse_of_process,Other Torts,"Defamation, Privacy, and Reputation Torts",Abuse of process
62050405,6,62,Torts,Other Torts,05,04,05,3,"Other Torts > Defamation, Privacy, and Reputation Torts > Wrongful institution of civil proceedings",Wrongful institution of civil proceedings,wrongful_institution_of_civil_proceedings,Other Torts,"Defamation, Privacy, and Reputation Torts",Wrongful institution of civil proceedings
62060000,6,62,Torts,Other Torts,06,00,00,1,Other Considerations,Other Considerations,other_considerations,Other Considerations,,
62060100,6,62,Torts,Other Torts,06,01,00,2,Other Considerations > Vicarious Liability for Acts of Others,Vicarious Liability for Acts of Others,vicarious_liability_for_acts_of_others,Other Considerations,Vicarious Liability for Acts of Others,
62060101,6,62,Torts,Other Torts,06,01,01,3,Other Considerations > Vicarious Liability for Acts of Others > Independent contractor and nondelegable duties,Independent contractor and nondelegable duties,independent_contractor_and_nondelegable_duties,Other Considerations,Vicarious Liability for Acts of Others,Independent contractor and nondelegable duties
62060200,6,62,Torts,Other Torts,06,02,00,2,Other Considerations > Joint Tortfeasors,Joint Tortfeasors,joint_tortfeasors,Other Considerations,Joint Tortfeasors,
62060201,6,62,Torts,Other Torts,06,02,01,3,Other Considerations > Joint Tortfeasors > Joint and several liability,Joint and several liability,joint_and_several_liability,Other Considerations,Joint Tortfeasors,Joint and several liability
62060202,6,62,Torts,Other Torts,06,02,02,3,Other Considerations > Joint Tortfeasors > Satisfaction and release,Satisfaction and release,satisfaction_and_release,Other Considerations,Joint Tortfeasors,Satisfaction and release
62060203,6,62,Torts,Other Torts,06,02,03,3,Other Considerations > Joint Tortfeasors > Contribution and indemnity,Contribution and indemnity,contribution_and_indemnity,Other Considerations,Joint Tortfeasors,Contribution and indemnity
62060204,6,62,Torts,Other Torts,06,02,04,3,Other Considerations > Joint Tortfeasors > Apportionment of damages,Apportionment of damages,apportionment_of_damages,Other Considerations,Joint Tortfeasors,Apportionment of damages
62060300,6,62,Torts,Other Torts,06,03,00,2,Other Considerations > Wrongful Death and Survival Actions,Wrongful Death and Survival Actions,wrongful_death_and_survival_actions,Other Considerations,Wrongful Death and Survival Actions,
62060400,6,62,Torts,Other Torts,06,04,00,2,Other Considerations > Loss of Consortium,Loss of Consortium,loss_of_consortium,Other Considerations,Loss of Consortium,
63030000,6,63,Torts,Strict Liability and Products Liability,03,00,00,1,Products Liability,Products Liability,products_liability,Products Liability,,
63030100,6,63,Torts,Strict Liability and Products Liability,03,01,00,2,Products Liability > Strict Products Liability,Strict Products Liability,strict_products_liability,Products Liability,Strict Products Liability,
63030200,6,63,Torts,Strict Liability and Products Liability,03,02,00,2,Products Liability > Negligence Theory,Negligence Theory,negligence_theory,Products Liability,Negligence Theory,
63030300,6,63,Torts,Strict Liability and Products Liability,03,03,00,2,Products Liability > Warranty Theory,Warranty Theory,warranty_theory,Products Liability,Warranty Theory,
63030301,6,63,Torts,Strict Liability and Products Liability,03,03,01,3,Products Liability > Warranty Theory > Express warranties,Express warranties,express_warranties,Products Liability,Warranty Theory,Express warranties
63030302,6,63,Torts,Strict Liability and Products Liability,03,03,02,3,Products Liability > Warranty Theory > Implied warranties,Implied warranties,implied_warranties,Products Liability,Warranty Theory,Implied warranties
63030400,6,63,Torts,Strict Liability and Products Liability,03,04,00,2,Products Liability > Defenses,Defenses,defenses,Products Liability,Defenses,
63040000,6,63,Torts,Strict Liability and Products Liability,04,00,00,1,Strict Liability,Strict Liability,strict_liability,Strict Liability,,
63040100,6,63,Torts,Strict Liability and Products Liability,04,01,00,2,Strict Liability > Abnormally Dangerous Activities,Abnormally Dangerous Activities,abnormally_dangerous_activities,Strict Liability,Abnormally Dangerous Activities,
63040200,6,63,Torts,Strict Liability and Products Liability,04,02,00,2,Strict Liability > Possession of Animals,Possession of Animals,possession_of_animals,Strict Liability,Possession of Animals,
63040300,6,63,Torts,Strict Liability and Products Liability,04,03,00,2,Strict Liability > Defenses,Defenses,defenses,Strict Liability,Defenses,
64010000,6,64,Torts,Intentional Torts,01,00,00,1,Intentional Torts,Intentional Torts,intentional_torts,Intentional Torts,,
64010100,6,64,Torts,Intentional Torts,01,01,00,2,Intentional Torts > Intentional Torts to the Person,Intentional Torts to the Person,intentional_torts_to_the_person,Intentional Torts,Intentional Torts to the Person,
64010101,6,64,Torts,Intentional Torts,01,01,01,3,Intentional Torts > Intentional Torts to the Person > Assault,Assault,assault,Intentional Torts,Intentional Torts to the Person,Assault
64010102,6,64,Torts,Intentional Torts,01,01,02,3,Intentional Torts > Intentional Torts to the Person > Battery,Battery,battery,Intentional Torts,Intentional Torts to the Person,Battery
64010103,6,64,Torts,Intentional Torts,01,01,03,3,Intentional Torts > Intentional Torts to the Person > False imprisonment,False imprisonment,false_imprisonment,Intentional Torts,Intentional Torts to the Person,False imprisonment
64010104,6,64,Torts,Intentional Torts,01,01,04,3,Intentional Torts > Intentional Torts to the Person > Intentional infliction of emotional distress,Intentional infliction of emotional distress,intentional_infliction_of_emotional_distress,Intentional Torts,Intentional Torts to the Person,Intentional infliction of emotional distress
64010200,6,64,Torts,Intentional Torts,01,02,00,2,Intentional Torts > Intentional Torts to Property,Intentional Torts to Property,intentional_torts_to_property,Intentional Torts,Intentional Torts to Property,
64010201,6,64,Torts,Intentional Torts,01,02,01,3,Intentional Torts > Intentional Torts to Property > Trespass to land,Trespass to land,trespass_to_land,Intentional Torts,Intentional Torts to Property,Trespass to land
64010202,6,64,Torts,Intentional Torts,01,02,02,3,Intentional Torts > Intentional Torts to Property > Trespass to chattel,Trespass to chattel,trespass_to_chattel,Intentional Torts,Intentional Torts to Property,Trespass to chattel
64010203,6,64,Torts,Intentional Torts,01,02,03,3,Intentional Torts > Intentional Torts to Property > Conversion,Conversion,conversion,Intentional Torts,Intentional Torts to Property,Conversion
64010300,6,64,Torts,Intentional Torts,01,03,00,2,Intentional Torts > Transferred Intent,Transferred Intent,transferred_intent,Intentional Torts,Transferred Intent,
64010400,6,64,Torts,Intentional Torts,01,04,00,2,Intentional Torts > Defenses to Intentional Torts,Defenses to Intentional Torts,defenses_to_intentional_torts,Intentional Torts,Defenses to Intentional Torts,
64010500,6,64,Torts,Intentional Torts,01,05,00,2,Intentional Torts > Privileges,Privileges,privileges,Intentional Torts,Privileges,
71040000,7,71,Criminal Law and Procedure,Inchoate Crimes,04,00,00,1,Inchoate Offenses,Inchoate Offenses,inchoate_offenses,Inchoate Offenses,,
71040100,7,71,Criminal Law and Procedure,Inchoate Crimes,04,01,00,2,Inchoate Offenses > Solicitation,Solicitation,solicitation,Inchoate Offenses,Solicitation,
71040200,7,71,Criminal Law and Procedure,Inchoate Crimes,04,02,00,2,Inchoate Offenses > Conspiracy,Conspiracy,conspiracy,Inchoate Offenses,Conspiracy,
71040300,7,71,Criminal Law and Procedure,Inchoate Crimes,04,03,00,2,Inchoate Offenses > Attempt,Attempt,attempt,Inchoate Offenses,Attempt,
71040400,7,71,Criminal Law and Procedure,Inchoate Crimes,04,04,00,2,Inchoate Offenses > Defenses,Defenses,defenses,Inchoate Offenses,Defenses,
72010000,7,72,Criminal Law and Procedure,General Principles,01,00,00,1,General Principles,General Principles,general_principles,General Principles,,
72010100,7,72,Criminal Law and Procedure,General Principles,01,01,00,2,General Principles > Sources of Criminal Law,Sources of Criminal Law,sources_of_criminal_law,General Principles,Sources of Criminal Law,
72010101,7,72,Criminal Law and Procedure,General Principles,01,01,01,3,General Principles > Sources of Criminal Law > Common law,Common law,common_law,General Principles,Sources of Criminal Law,Common law
72010102,7,72,Criminal Law and Procedure,General Principles,01,01,02,3,General Principles > Sources of Criminal Law > Modern law,Modern law,modern_law,General Principles,Sources of Criminal Law,Modern law
72010103,7,72,Criminal Law and Procedure,General Principles,01,01,03,3,General Principles > Sources of Criminal Law > Model Penal Code,Model Penal Code,model_penal_code,General Principles,Sources of Criminal Law,Model Penal Code
72010200,7,72,Criminal Law and Procedure,General Principles,01,02,00,2,General Principles > Classification of Crimes,Classification of Crimes,classification_of_crimes,General Principles,Classification of Crimes,
72010300,7,72,Criminal Law and Procedure,General Principles,01,03,00,2,General Principles > Elements of Crimes,Elements of Crimes,elements_of_crimes,General Principles,Elements of Crimes,
72010301,7,72,Criminal Law and Procedure,General Principles,01,03,01,3,General Principles > Elements of Crimes > Actus reus,Actus reus,actus_reus,General Principles,Elements of Crimes,Actus reus
72010302,7,72,Criminal Law and Procedure,General Principles,01,03,02,3,General Principles > Elements of Crimes > Mens rea,Mens rea,mens_rea,General Principles,Elements of Crimes,Mens rea
72010303,7,72,Criminal Law and Procedure,General Principles,01,03,03,3,General Principles > Elements of Crimes > Causation,Causation,causation,General Principles,Elements of Crimes,Causation
72010400,7,72,Criminal Law and Procedure,General Principles,01,04,00,2,General Principles > Merger Doctrine,Merger Doctrine,merger_doctrine,General Principles,Merger Doctrine,
72050000,7,72,Criminal Law and Procedure,General Principles,05,00,00,1,Parties to Crime,Parties to Crime,parties_to_crime,Parties to Crime,,
72050100,7,72,Criminal Law and Procedure,General Principles,05,01,00,2,Parties to Crime > Principals,Principals,principals,Parties to Crime,Principals,
72050200,7,72,Criminal Law and Procedure,General Principles,05,02,00,2,Parties to Crime > Accomplices,Accomplices,accomplices,Parties to Crime,Accomplices,
72050300,7,72,Criminal Law and Procedure,General Principles,05,03,00,2,Parties to Crime > Accessories,Accessories,accessories,Parties to Crime,Accessories,
72050400,7,72,Criminal Law and Procedure,General Principles,05,04,00,2,Parties to Crime > Scope of liability,Scope of liability,scope_of_liability,Parties to Crime,Scope of liability,
72060000,7,72,Criminal Law and Procedure,General Principles,06,00,00,1,Defenses,Defenses,defenses,Defenses,,
72060100,7,72,Criminal Law and Procedure,General Principles,06,01,00,2,Defenses > Excuse Defenses,Excuse Defenses,excuse_defenses,Defenses,Excuse Defenses,
72060101,7,72,Criminal Law and Procedure,General Principles,06,01,01,3,Defenses > Excuse Defenses > Responsibility,Responsibility,responsibility,Defenses,Excuse Defenses,Responsibility
72060102,7,72,Criminal Law and Procedure,General Principles,06,01,02,3,Defenses > Excuse Defenses > Infancy,Infancy,infancy,Defenses,Excuse Defenses,Infancy
72060103,7,72,Criminal Law and Procedure,General Principles,06,01,03,3,Defenses > Excuse Defenses > Mistake,Mistake,mistake,Defenses,Excuse Defenses,Mistake
72060104,7,72,Criminal Law and Procedure,General Principles,06,01,04,3,Defenses > Excuse Defenses > Impossibility,Impossibility,impossibility,Defenses,Excuse Defenses,Impossibility
72060105,7,72,Criminal Law and Procedure,General Principles,06,01,05,3,Defenses > Excuse Defenses > Entrapment,Entrapment,entrapment,Defenses,Excuse Defenses,Entrapment
72060106,7,72,Criminal Law and Procedure,General Principles,06,01,06,3,Defenses > Excuse Defenses > Consent,Consent,consent,Defenses,Excuse Defenses,Consent
72060200,7,72,Criminal Law and Procedure,General Principles,06,02,00,2,Defenses > Justification Defenses,Justification Defenses,justification_defenses,Defenses,Justification Defenses,
72060201,7,72,Criminal Law and Procedure,General Principles,06,02,01,3,Defenses > Justification Defenses > Self-defense,Self-defense,self_defense,Defenses,Justification Defenses,Self-defense
72060202,7,72,Criminal Law and Procedure,General Principles,06,02,02,3,Defenses > Justification Defenses > Imperfect self-defense,Imperfect self-defense,imperfect_self_defense,Defenses,Justification Defenses,Imperfect self-defense
72060203,7,72,Criminal Law and Procedure,General Principles,06,02,03,3,Defenses > Justification Defenses > Defense of others,Defense of others,defense_of_others,Defenses,Justification Defenses,Defense of others
72060204,7,72,Criminal Law and Procedure,General Principles,06,02,04,3,Defenses > Justification Defenses > Defense of dwelling,Defense of dwelling,defense_of_dwelling,Defenses,Justification Defenses,Defense of dwelling
72060205,7,72,Criminal Law and Procedure,General Principles,06,02,05,3,Defenses > Justification Defenses > Defense of property,Defense of property,defense_of_property,Defenses,Justification Defenses,Defense of property
72060206,7,72,Criminal Law and Procedure,General Principles,06,02,06,3,Defenses > Justification Defenses > Duress,Duress,duress,Defenses,Justification Defenses,Duress
72060207,7,72,Criminal Law and Procedure,General Principles,06,02,07,3,Defenses > Justification Defenses > Necessity,Necessity,necessity,Defenses,Justification Defenses,Necessity
73020000,7,73,Criminal Law and Procedure,Other Crimes,02,00,00,1,Crimes against the Person,Crimes against the Person,crimes_against_the_person,Crimes against the Person,,
73020200,7,73,Criminal Law and Procedure,Other Crimes,02,02,00,2,Crimes against the Person > Assault,Assault,assault,Crimes against the Person,Assault,
73020300,7,73,Criminal Law and Procedure,Other Crimes,02,03,00,2,Crimes against the Person > Battery,Battery,battery,Crimes against the Person,Battery,
73020400,7,73,Criminal Law and Procedure,Other Crimes,02,04,00,2,Crimes against the Person > False imprisonment,False imprisonment,false_imprisonment,Crimes against the Person,False imprisonment,
73020500,7,73,Criminal Law and Procedure,Other Crimes,02,05,00,2,Crimes against the Person > Kidnapping,Kidnapping,kidnapping,Crimes against the Person,Kidnapping,
73020600,7,73,Criminal Law and Procedure,Other Crimes,02,06,00,2,Crimes against the Person > Mayhem,Mayhem,mayhem,Crimes against the Person,Mayhem,
73020700,7,73,Criminal Law and Procedure,Other Crimes,02,07,00,2,Crimes against the Person > Rape,Rape,rape,Crimes against the Person,Rape,
73030000,7,73,Criminal Law and Procedure,Other Crimes,03,00,00,1,Crimes against Property,Crimes against Property,crimes_against_property,Crimes against Property,,
73030100,7,73,Criminal Law and Procedure,Other Crimes,03,01,00,2,Crimes against Property > Larceny,Larceny,larceny,Crimes against Property,Larceny,
73030200,7,73,Criminal Law and Procedure,Other Crimes,03,02,00,2,Crimes against Property > Larceny by trick,Larceny by trick,larceny_by_trick,Crimes against Property,Larceny by trick,
73030300,7,73,Criminal Law and Procedure,Other Crimes,03,03,00,2,Crimes against Property > False pretenses,False pretenses,false_pretenses,Crimes against Property,False pretenses,
73030400,7,73,Criminal Law and Procedure,Other Crimes,03,04,00,2,Crimes against Property > Robbery,Robbery,robbery,Crimes against Property,Robbery,
73030500,7,73,Criminal Law and Procedure,Other Crimes,03,05,00,2,Crimes against Property > Embezzlement,Embezzlement,embezzlement,Crimes against Property,Embezzlement,
73030600,7,73,Criminal Law and Procedure,Other Crimes,03,06,00,2,Crimes against Property > Extortion,Extortion,extortion,Crimes against Property,Extortion,
73030700,7,73,Criminal Law and Procedure,Other Crimes,03,07,00,2,Crimes against Property > Forgery,Forgery,forgery,Crimes against Property,Forgery,
73030800,7,73,Criminal Law and Procedure,Other Crimes,03,08,00,2,Crimes against Property > Possession offenses,Possession offenses,possession_offenses,Crimes against Property,Possession offenses,
73030801,7,73,Criminal Law and Procedure,Other Crimes,03,08,01,3,Crimes against Property > Possession offenses > Receipt of stolen property,Receipt of stolen property,receipt_of_stolen_property,Crimes against Property,Possession offenses,Receipt of stolen property
73030802,7,73,Criminal Law and Procedure,Other Crimes,03,08,02,3,Crimes against Property > Possession offenses > Controlled substances,Controlled substances,controlled_substances,Crimes against Property,Possession offenses,Controlled substances
73030803,7,73,Criminal Law and Procedure,Other Crimes,03,08,03,3,Crimes against Property > Possession offenses > Firearms,Firearms,firearms,Crimes against Property,Possession offenses,Firearms
73030900,7,73,Criminal Law and Procedure,Other Crimes,03,09,00,2,Crimes against Property > Arson,Arson,arson,Crimes against Property,Arson,
73031000,7,73,Criminal Law and Procedure,Other Crimes,03,10,00,2,Crimes against Property > Burglary,Burglary,burglary,Crimes against Property,Burglary,
74020100,7,74,Criminal Law and Procedure,Homicide,02,01,00,2,Crimes against the Person > Homicide,Homicide,homicide,Crimes against the Person,Homicide,
74020101,7,74,Criminal Law and Procedure,Homicide,02,01,01,3,Crimes against the Person > Homicide > Murder,Murder,murder,Crimes against the Person,Homicide,Murder
74020102,7,74,Criminal Law and Procedure,Homicide,02,01,02,3,Crimes against the Person > Homicide > Manslaughter,Manslaughter,manslaughter,Crimes against the Person,Homicide,Manslaughter
75070000,7,75,Criminal Law and Procedure,Constitutional Protection of Accused Persons (Criminal Procedure),07,00,00,1,Fourth Amendment,Fourth Amendment,fourth_amendment,Fourth Amendment,,
75070100,7,75,Criminal Law and Procedure,Constitutional Protection of Accused Persons (Criminal Procedure),07,01,00,2,Fourth Amendment > Arrest and Detention,Arrest and Detention,arrest_and_detention,Fourth Amendment,Arrest and Detention,
75070200,7,75,Criminal Law and Procedure,Constitutional Protection of Accused Persons (Criminal Procedure),07,02,00,2,Fourth Amendment > Searches and Seizures,Searches and Seizures,searches_and_seizures,Fourth Amendment,Searches and Seizures,
75070201,7,75,Criminal Law and Procedure,Constitutional Protection of Accused Persons (Criminal Procedure),07,02,01,3,Fourth Amendment > Searches and Seizures > Warrant requirement,Warrant requirement,warrant_requirement,Fourth Amendment,Searches and Seizures,Warrant requirement
75070202,7,75,Criminal Law and Procedure,Constitutional Protection of Accused Persons (Criminal Procedure),07,02,02,3,Fourth Amendment > Searches and Seizures > Exceptions to warrant requirement,Exceptions to warrant requirement,exceptions_to_warrant_requirement,Fourth Amendment,Searches and Seizures,Exceptions to warrant requirement
75080000,7,75,Criminal Law and Procedure,Constitutional Protection of Accused Persons (Criminal Procedure),08,00,00,1,"Fifth and Sixth Amendments—Statements, Confessions, and Identifications","Fifth and Sixth Amendments—Statements, Confessions, and Identifications",fifth_and_sixth_amendments_statements_confessions_and_identifications,"Fifth and Sixth Amendments—Statements, Confessions, and Identifications",,
75080100,7,75,Criminal Law and Procedure,Constitutional Protection of Accused Persons (Criminal Procedure),08,01,00,2,"Fifth and Sixth Amendments—Statements, Confessions, and Identifications > Statements and Confessions",Statements and Confessions,statements_and_confessions,"Fifth and Sixth Amendments—Statements, Confessions, and Identifications",Statements and Confessions,
75080101,7,75,Criminal Law and Procedure,Constitutional Protection of Accused Persons (Criminal Procedure),08,01,01,3,"Fifth and Sixth Amendments—Statements, Confessions, and Identifications > Statements and Confessions > Voluntary statements",Voluntary statements,voluntary_statements,"Fifth and Sixth Amendments—Statements, Confessions, and Identifications",Statements and Confessions,Voluntary statements
75080102,7,75,Criminal Law and Procedure,Constitutional Protection of Accused Persons (Criminal Procedure),08,01,02,3,"Fifth and Sixth Amendments—Statements, Confessions, and Identifications > Statements and Confessions > Waiver",Waiver,waiver,"Fifth and Sixth Amendments—Statements, Confessions, and Identifications",Statements and Confessions,Waiver
75080200,7,75,Criminal Law and Procedure,Constitutional Protection of Accused Persons (Criminal Procedure),08,02,00,2,"Fifth and Sixth Amendments—Statements, Confessions, and Identifications > Identifications",Identifications,identifications,"Fifth and Sixth Amendments—Statements, Confessions, and Identifications",Identifications,
75080300,7,75,Criminal Law and Procedure,Constitutional Protection of Accused Persons (Criminal Procedure),08,03,00,2,"Fifth and Sixth Amendments—Statements, Confessions, and Identifications > Right to Confrontation",Right to Confrontation,right_to_confrontation,"Fifth and Sixth Amendments—Statements, Confessions, and Identifications",Right to Confrontation,
75080400,7,75,Criminal Law and Procedure,Constitutional Protection of Accused Persons (Criminal Procedure),08,04,00,2,"Fifth and Sixth Amendments—Statements, Confessions, and Identifications > Double Jeopardy",Double Jeopardy,double_jeopardy,"Fifth and Sixth Amendments—Statements, Confessions, and Identifications",Double Jeopardy,
75080401,7,75,Criminal Law and Procedure,Constitutional Protection of Accused Persons (Criminal Procedure),08,04,01,3,"Fifth and Sixth Amendments—Statements, Confessions, and Identifications > Double Jeopardy > Attachment",Attachment,attachment,"Fifth and Sixth Amendments—Statements, Confessions, and Identifications",Double Jeopardy,Attachment
75080402,7,75,Criminal Law and Procedure,Constitutional Protection of Accused Persons (Criminal Procedure),08,04,02,3,"Fifth and Sixth Amendments—Statements, Confessions, and Identifications > Double Jeopardy > Underlying Offense",Underlying Offense,underlying_offense,"Fifth and Sixth Amendments—Statements, Confessions, and Identifications",Double Jeopardy,Underlying Offense
75080403,7,75,Criminal Law and Procedure,Constitutional Protection of Accused Persons (Criminal Procedure),08,04,03,3,"Fifth and Sixth Amendments—Statements, Confessions, and Identifications > Double Jeopardy > Separate Sovereignties Doctrine",Separate Sovereignties Doctrine,separate_sovereignties_doctrine,"Fifth and Sixth Amendments—Statements, Confessions, and Identifications",Double Jeopardy,Separate Sovereignties Doctrine
75080404,7,75,Criminal Law and Procedure,Constitutional Protection of Accused Persons (Criminal Procedure),08,04,04,3,"Fifth and Sixth Amendments—Statements, Confessions, and Identifications > Double Jeopardy > Retrial after Attachment",Retrial after Attachment,retrial_after_attachment,"Fifth and Sixth Amendments—Statements, Confessions, and Identifications",Double Jeopardy,Retrial after Attachment
75080405,7,75,Criminal Law and Procedure,Constitutional Protection of Accused Persons (Criminal Procedure),08,04,05,3,"Fifth and Sixth Amendments—Statements, Confessions, and Identifications > Double Jeopardy > Effect on Sentencing",Effect on Sentencing,effect_on_sentencing,"Fifth and Sixth Amendments—Statements, Confessions, and Identifications",Double Jeopardy,Effect on Sentencing
75090000,7,75,Criminal Law and Procedure,Constitutional Protection of Accused Persons (Criminal Procedure),09,00,00,1,Sixth Amendment—Other Rights of the Accused,Sixth Amendment—Other Rights of the Accused,sixth_amendment_other_rights_of_the_accused,Sixth Amendment—Other Rights of the Accused,,
75090100,7,75,Criminal Law and Procedure,Constitutional Protection of Accused Persons (Criminal Procedure),09,01,00,2,Sixth Amendment—Other Rights of the Accused > Right to Jury Trial,Right to Jury Trial,right_to_jury_trial,Sixth Amendment—Other Rights of the Accused,Right to Jury Trial,
75090200,7,75,Criminal Law and Procedure,Constitutional Protection of Accused Persons (Criminal Procedure),09,02,00,2,Sixth Amendment—Other Rights of the Accused > Right to Speedy Trial,Right to Speedy Trial,right_to_speedy_trial,Sixth Amendment—Other Rights of the Accused,Right to Speedy Trial,
75090300,7,75,Criminal Law and Procedure,Constitutional Protection of Accused Persons (Criminal Procedure),09,03,00,2,Sixth Amendment—Other Rights of the Accused > Right to Public Trial,Right to Public Trial,right_to_public_trial,Sixth Amendment—Other Rights of the Accused,Right to Public Trial,
75090400,7,75,Criminal Law and Procedure,Constitutional Protection of Accused Persons (Criminal Procedure),09,04,00,2,Sixth Amendment—Other Rights of the Accused > Right to Counsel,Right to Counsel,right_to_counsel,Sixth Amendment—Other Rights of the Accused,Right to Counsel,
75090500,7,75,Criminal Law and Procedure,Constitutional Protection of Accused Persons (Criminal Procedure),09,05,00,2,Sixth Amendment—Other Rights of the Accused > Right to Fair Trial,Right to Fair Trial,right_to_fair_trial,Sixth Amendment—Other Rights of the Accused,Right to Fair Trial,
75090600,7,75,Criminal Law and Procedure,Constitutional Protection of Accused Persons (Criminal Procedure),09,06,00,2,Sixth Amendment—Other Rights of the Accused > Rights during Discovery,Rights during Discovery,rights_during_discovery,Sixth Amendment—Other Rights of the Accused,Rights during Discovery,
75100000,7,75,Criminal Law and Procedure,Constitutional Protection of Accused Persons (Criminal Procedure),10,00,00,1,Exclusionary Rule,Exclusionary Rule,exclusionary_rule,Exclusionary Rule,,
75110000,7,75,Criminal Law and Procedure,Constitutional Protection of Accused Persons (Criminal Procedure),11,00,00,1,Post-Trial Rights,Post-Trial Rights,post_trial_rights,Post-Trial Rights,,
75110100,7,75,Criminal Law and Procedure,Constitutional Protection of Accused Persons (Criminal Procedure),11,01,00,2,Post-Trial Rights > Eighth Amendment,Eighth Amendment,eighth_amendment,Post-Trial Rights,Eighth Amendment,
75110200,7,75,Criminal Law and Procedure,Constitutional Protection of Accused Persons (Criminal Procedure),11,02,00,2,Post-Trial Rights > Rights during Sentencing,Rights during Sentencing,rights_during_sentencing,Post-Trial Rights,Rights during Sentencing,
75110300,7,75,Criminal Law and Procedure,Constitutional Protection of Accused Persons (Criminal Procedure),11,03,00,2,Post-Trial Rights > Appeal,Appeal,appeal,Post-Trial Rights,Appeal,
75110400,7,75,Criminal Law and Procedure,Constitutional Protection of Accused Persons (Criminal Procedure),11,04,00,2,Post-Trial Rights > Writ of Habeas Corpus,Writ of Habeas Corpus,writ_of_habeas_corpus,Post-Trial Rights,Writ of Habeas Corpus,
75120000,7,75,Criminal Law and Procedure,Constitutional Protection of Accused Persons (Criminal Procedure),12,00,00,1,Other Considerations,Other Considerations,other_considerations,Other Considerations,,
75120100,7,75,Criminal Law and Procedure,Constitutional Protection of Accused Persons (Criminal Procedure),12,01,00,2,Other Considerations > Ex Post Facto Crimes,Ex Post Facto Crimes,ex_post_facto_crimes,Other Considerations,Ex Post Facto Crimes,
75120200,7,75,Criminal Law and Procedure,Constitutional Protection of Accused Persons (Criminal Procedure),12,02,00,2,Other Considerations > Retroactivity of Later Decisions,Retroactivity of Later Decisions,retroactivity_of_later_decisions,Other Considerations,Retroactivity of Later Decisions,
75120300,7,75,Criminal Law and Procedure,Constitutional Protection of Accused Persons (Criminal Procedure),12,03,00,2,Other Considerations > Fourteenth Amendment Identifications,Fourteenth Amendment Identifications,fourteenth_amendment_identifications,Other Considerations,Fourteenth Amendment Identifications,
75120400,7,75,Criminal Law and Procedure,Constitutional Protection of Accused Persons (Criminal Procedure),12,04,00,2,Other Considerations > Competency,Competency,competency,Other Considerations,Competency,
81020000,8,81,Real Property,Rights in Land,02,00,00,1,Non-Possessory Rights and Interests in Land,Non-Possessory Rights and Interests in Land,non_possessory_rights_and_interests_in_land,Non-Possessory Rights and Interests in Land,,
81020100,8,81,Real Property,Rights in Land,02,01,00,2,Non-Possessory Rights and Interests in Land > Easements,Easements,easements,Non-Possessory Rights and Interests in Land,Easements,
81020101,8,81,Real Property,Rights in Land,02,01,01,3,Non-Possessory Rights and Interests in Land > Easements > Nature and Type,Nature and Type,nature_and_type,Non-Possessory Rights and Interests in Land,Easements,Nature and Type
81020102,8,81,Real Property,Rights in Land,02,01,02,3,Non-Possessory Rights and Interests in Land > Easements > Creation,Creation,creation,Non-Possessory Rights and Interests in Land,Easements,Creation
81020103,8,81,Real Property,Rights in Land,02,01,03,3,Non-Possessory Rights and Interests in Land > Easements > Scope,Scope,scope,Non-Possessory Rights and Interests in Land,Easements,Scope
81020104,8,81,Real Property,Rights in Land,02,01,04,3,Non-Possessory Rights and Interests in Land > Easements > Transferability,Transferability,transferability,Non-Possessory Rights and Interests in Land,Easements,Transferability
81020105,8,81,Real Property,Rights in Land,02,01,05,3,Non-Possessory Rights and Interests in Land > Easements > Termination and Modification,Termination and Modification,termination_and_modification,Non-Possessory Rights and Interests in Land,Easements,Termination and Modification
81020200,8,81,Real Property,Rights in Land,02,02,00,2,Non-Possessory Rights and Interests in Land > Profits,Profits,profits,Non-Possessory Rights and Interests in Land,Profits,
81020300,8,81,Real Property,Rights in Land,02,03,00,2,Non-Possessory Rights and Interests in Land > Licenses,Licenses,licenses,Non-Possessory Rights and Interests in Land,Licenses,
81020400,8,81,Real Property,Rights in Land,02,04,00,2,Non-Possessory Rights and Interests in Land > Real Covenants,Real Covenants,real_covenants,Non-Possessory Rights and Interests in Land,Real Covenants,
81020401,8,81,Real Property,Rights in Land,02,04,01,3,Non-Possessory Rights and Interests in Land > Real Covenants > Running with the land,Running with the land,running_with_the_land,Non-Possessory Rights and Interests in Land,Real Covenants,Running with the land
81020402,8,81,Real Property,Rights in Land,02,04,02,3,Non-Possessory Rights and Interests in Land > Real Covenants > Termination,Termination,termination,Non-Possessory Rights and Interests in Land,Real Covenants,Termination
81020500,8,81,Real Property,Rights in Land,02,05,00,2,Non-Possessory Rights and Interests in Land > Equitable Servitudes / Restrictive Covenants,Equitable Servitudes / Restrictive Covenants,equitable_servitudes_restrictive_covenants,Non-Possessory Rights and Interests in Land,Equitable Servitudes / Restrictive Covenants,
81020501,8,81,Real Property,Rights in Land,02,05,01,3,Non-Possessory Rights and Interests in Land > Equitable Servitudes / Restrictive Covenants > Implied from common scheme,Implied from common scheme,implied_from_common_scheme,Non-Possessory Rights and Interests in Land,Equitable Servitudes / Restrictive Covenants,Implied from common scheme
81020502,8,81,Real Property,Rights in Land,02,05,02,3,Non-Possessory Rights and Interests in Land > Equitable Servitudes / Restrictive Covenants > Running with the land,Running with the land,running_with_the_land,Non-Possessory Rights and Interests in Land,Equitable Servitudes / Restrictive Covenants,Running with the land
81020503,8,81,Real Property,Rights in Land,02,05,03,3,Non-Possessory Rights and Interests in Land > Equitable Servitudes / Restrictive Covenants > Equitable defenses,Equitable defenses,equitable_defenses,Non-Possessory Rights and Interests in Land,Equitable Servitudes / Restrictive Covenants,Equitable defenses
81020504,8,81,Real Property,Rights in Land,02,05,04,3,Non-Possessory Rights and Interests in Land > Equitable Servitudes / Restrictive Covenants > Termination,Termination,termination,Non-Possessory Rights and Interests in Land,Equitable Servitudes / Restrictive Covenants,Termination
81020600,8,81,Real Property,Rights in Land,02,06,00,2,Non-Possessory Rights and Interests in Land > Fixtures,Fixtures,fixtures,Non-Possessory Rights and Interests in Land,Fixtures,
81020601,8,81,Real Property,Rights in Land,02,06,01,3,Non-Possessory Rights and Interests in Land > Fixtures > Definition,Definition,definition,Non-Possessory Rights and Interests in Land,Fixtures,Definition
81020602,8,81,Real Property,Rights in Land,02,06,02,3,Non-Possessory Rights and Interests in Land > Fixtures > Ownership,Ownership,ownership,Non-Possessory Rights and Interests in Land,Fixtures,Ownership
81020603,8,81,Real Property,Rights in Land,02,06,03,3,Non-Possessory Rights and Interests in Land > Fixtures > Removal,Removal,removal,Non-Possessory Rights and Interests in Land,Fixtures,Removal
81020700,8,81,Real Property,Rights in Land,02,07,00,2,Non-Possessory Rights and Interests in Land > Zoning,Zoning,zoning,Non-Possessory Rights and Interests in Land,Zoning,
81020701,8,81,Real Property,Rights in Land,02,07,01,3,Non-Possessory Rights and Interests in Land > Zoning > Nonconforming use,Nonconforming use,nonconforming_use,Non-Possessory Rights and Interests in Land,Zoning,Nonconforming use
81020702,8,81,Real Property,Rights in Land,02,07,02,3,Non-Possessory Rights and Interests in Land > Zoning > Variances and special exceptions,Variances and special exceptions,variances_and_special_exceptions,Non-Possessory Rights and Interests in Land,Zoning,Variances and special exceptions
81020800,8,81,Real Property,Rights in Land,02,08,00,2,Non-Possessory Rights and Interests in Land > Takings,Takings,takings,Non-Possessory Rights and Interests in Land,Takings,
81020801,8,81,Real Property,Rights in Land,02,08,01,3,Non-Possessory Rights and Interests in Land > Takings > Actual Takings,Actual Takings,actual_takings,Non-Possessory Rights and Interests in Land,Takings,Actual Takings
81020802,8,81,Real Property,Rights in Land,02,08,02,3,Non-Possessory Rights and Interests in Land > Takings > Regulatory,Regulatory,regulatory,Non-Possessory Rights and Interests in Land,Takings,Regulatory
81020900,8,81,Real Property,Rights in Land,02,09,00,2,Non-Possessory Rights and Interests in Land > Support Rights,Support Rights,support_rights,Non-Possessory Rights and Interests in Land,Support Rights,
81020901,8,81,Real Property,Rights in Land,02,09,01,3,Non-Possessory Rights and Interests in Land > Support Rights > Lateral,Lateral,lateral,Non-Possessory Rights and Interests in Land,Support Rights,Lateral
81020902,8,81,Real Property,Rights in Land,02,09,02,3,Non-Possessory Rights and Interests in Land > Support Rights > Subjacent,Subjacent,subjacent,Non-Possessory Rights and Interests in Land,Support Rights,Subjacent
82010000,8,82,Real Property,Ownership,01,00,00,1,Nature and Ownership of Land,Nature and Ownership of Land,nature_and_ownership_of_land,Nature and Ownership of Land,,
82010100,8,82,Real Property,Ownership,01,01,00,2,Nature and Ownership of Land > Present Possessory Interests in Land,Present Possessory Interests in Land,present_possessory_interests_in_land,Nature and Ownership of Land,Present Possessory Interests in Land,
82010101,8,82,Real Property,Ownership,01,01,01,3,Nature and Ownership of Land > Present Possessory Interests in Land > Fee simple absolute,Fee simple absolute,fee_simple_absolute,Nature and Ownership of Land,Present Possessory Interests in Land,Fee simple absolute
82010102,8,82,Real Property,Ownership,01,01,02,3,Nature and Ownership of Land > Present Possessory Interests in Land > Defeasible fees,Defeasible fees,defeasible_fees,Nature and Ownership of Land,Present Possessory Interests in Land,Defeasible fees
82010103,8,82,Real Property,Ownership,01,01,03,3,Nature and Ownership of Land > Present Possessory Interests in Land > Life estates,Life estates,life_estates,Nature and Ownership of Land,Present Possessory Interests in Land,Life estates
82010200,8,82,Real Property,Ownership,01,02,00,2,Nature and Ownership of Land > Future Interests,Future Interests,future_interests,Nature and Ownership of Land,Future Interests,
82010201,8,82,Real Property,Ownership,01,02,01,3,Nature and Ownership of Land > Future Interests > Contingent and vested remainders,Contingent and vested remainders,contingent_and_vested_remainders,Nature and Ownership of Land,Future Interests,Contingent and vested remainders
82010202,8,82,Real Property,Ownership,01,02,02,3,Nature and Ownership of Land > Future Interests > Reversions,Reversions,reversions,Nature and Ownership of Land,Future Interests,Reversions
82010203,8,82,Real Property,Ownership,01,02,03,3,Nature and Ownership of Land > Future Interests > Executory interests,Executory interests,executory_interests,Nature and Ownership of Land,Future Interests,Executory interests
82010204,8,82,Real Property,Ownership,01,02,04,3,Nature and Ownership of Land > Future Interests > Possibility of reverter,Possibility of reverter,possibility_of_reverter,Nature and Ownership of Land,Future Interests,Possibility of reverter
82010205,8,82,Real Property,Ownership,01,02,05,3,Nature and Ownership of Land > Future Interests > Power of termination,Power of termination,power_of_termination,Nature and Ownership of Land,Future Interests,Power of termination
82010300,8,82,Real Property,Ownership,01,03,00,2,Nature and Ownership of Land > Concurrent Estates,Concurrent Estates,concurrent_estates,Nature and Ownership of Land,Concurrent Estates,
82010301,8,82,Real Property,Ownership,01,03,01,3,Nature and Ownership of Land > Concurrent Estates > Joint tenancy,Joint tenancy,joint_tenancy,Nature and Ownership of Land,Concurrent Estates,Joint tenancy
82010302,8,82,Real Property,Ownership,01,03,02,3,Nature and Ownership of Land > Concurrent Estates > Tenancy in common,Tenancy in common,tenancy_in_common,Nature and Ownership of Land,Concurrent Estates,Tenancy in common
82010303,8,82,Real Property,Ownership,01,03,03,3,Nature and Ownership of Land > Concurrent Estates > Rights and duties of co-tenants,Rights and duties of co-tenants,rights_and_duties_of_co_tenants,Nature and Ownership of Land,Concurrent Estates,Rights and duties of co-tenants
82010304,8,82,Real Property,Ownership,01,03,04,3,Nature and Ownership of Land > Concurrent Estates > Partition and severance,Partition and severance,partition_and_severance,Nature and Ownership of Land,Concurrent Estates,Partition and severance
82010400,8,82,Real Property,Ownership,01,04,00,2,Nature and Ownership of Land > Landlord and Tenant,Landlord and Tenant,landlord_and_tenant,Nature and Ownership of Land,Landlord and Tenant,
82010401,8,82,Real Property,Ownership,01,04,01,3,Nature and Ownership of Land > Landlord and Tenant > Types of tenancies,Types of tenancies,types_of_tenancies,Nature and Ownership of Land,Landlord and Tenant,Types of tenancies
82010402,8,82,Real Property,Ownership,01,04,02,3,Nature and Ownership of Land > Landlord and Tenant > Duties and remedies,Duties and remedies,duties_and_remedies,Nature and Ownership of Land,Landlord and Tenant,Duties and remedies
82010403,8,82,Real Property,Ownership,01,04,03,3,Nature and Ownership of Land > Landlord and Tenant > Retaliatory evictions,Retaliatory evictions,retaliatory_evictions,Nature and Ownership of Land,Landlord and Tenant,Retaliatory evictions
82010404,8,82,Real Property,Ownership,01,04,04,3,Nature and Ownership of Land > Landlord and Tenant > Assignments and subletting,Assignments and subletting,assignments_and_subletting,Nature and Ownership of Land,Landlord and Tenant,Assignments and subletting
82010405,8,82,Real Property,Ownership,01,04,05,3,"Nature and Ownership of Land > Landlord and Tenant > Termination, including surrender and mitigation","Termination, including surrender and mitigation",termination_including_surrender_and_mitigation,Nature and Ownership of Land,Landlord and Tenant,"Termination, including surrender and mitigation"
82010500,8,82,Real Property,Ownership,01,05,00,2,Nature and Ownership of Land > Problems with Interests in Land,Problems with Interests in Land,problems_with_interests_in_land,Nature and Ownership of Land,Problems with Interests in Land,
82010501,8,82,Real Property,Ownership,01,05,01,3,Nature and Ownership of Land > Problems with Interests in Land > Waste,Waste,waste,Nature and Ownership of Land,Problems with Interests in Land,Waste
82010502,8,82,Real Property,Ownership,01,05,02,3,Nature and Ownership of Land > Problems with Interests in Land > Gifts to classes,Gifts to classes,gifts_to_classes,Nature and Ownership of Land,Problems with Interests in Land,Gifts to classes
82010503,8,82,Real Property,Ownership,01,05,03,3,Nature and Ownership of Land > Problems with Interests in Land > Rule Against Perpetuities,Rule Against Perpetuities,rule_against_perpetuities,Nature and Ownership of Land,Problems with Interests in Land,Rule Against Perpetuities
82010504,8,82,Real Property,Ownership,01,05,04,3,Nature and Ownership of Land > Problems with Interests in Land > Restraints on alienation,Restraints on alienation,restraints_on_alienation,Nature and Ownership of Land,Problems with Interests in Land,Restraints on alienation
83050000,8,83,Real Property,Mortgages,05,00,00,1,Mortgages and Security Devices,Mortgages and Security Devices,mortgages_and_security_devices,Mortgages and Security Devices,,
83050100,8,83,Real Property,Mortgages,05,01,00,2,Mortgages and Security Devices > Types of Security Interests,Types of Security Interests,types_of_security_interests,Mortgages and Security Devices,Types of Security Interests,
83050101,8,83,Real Property,Mortgages,05,01,01,3,Mortgages and Security Devices > Types of Security Interests > Mortgage,Mortgage,mortgage,Mortgages and Security Devices,Types of Security Interests,Mortgage
83050102,8,83,Real Property,Mortgages,05,01,02,3,Mortgages and Security Devices > Types of Security Interests > Purchase-money mortgage,Purchase-money mortgage,purchase_money_mortgage,Mortgages and Security Devices,Types of Security Interests,Purchase-money mortgage
83050103,8,83,Real Property,Mortgages,05,01,03,3,Mortgages and Security Devices > Types of Security Interests > Future-advance mortgage,Future-advance mortgage,future_advance_mortgage,Mortgages and Security Devices,Types of Security Interests,Future-advance mortgage
83050104,8,83,Real Property,Mortgages,05,01,04,3,Mortgages and Security Devices > Types of Security Interests > Installment land-sale contract,Installment land-sale contract,installment_land_sale_contract,Mortgages and Security Devices,Types of Security Interests,Installment land-sale contract
83050105,8,83,Real Property,Mortgages,05,01,05,3,Mortgages and Security Devices > Types of Security Interests > Equitable mortgage,Equitable mortgage,equitable_mortgage,Mortgages and Security Devices,Types of Security Interests,Equitable mortgage
83050106,8,83,Real Property,Mortgages,05,01,06,3,Mortgages and Security Devices > Types of Security Interests > Deed of trust,Deed of trust,deed_of_trust,Mortgages and Security Devices,Types of Security Interests,Deed of trust
83050107,8,83,Real Property,Mortgages,05,01,07,3,Mortgages and Security Devices > Types of Security Interests > Liens,Liens,liens,Mortgages and Security Devices,Types of Security Interests,Liens
83050200,8,83,Real Property,Mortgages,05,02,00,2,Mortgages and Security Devices > Mortgage Theories,Mortgage Theories,mortgage_theories,Mortgages and Security Devices,Mortgage Theories,
83050201,8,83,Real Property,Mortgages,05,02,01,3,Mortgages and Security Devices > Mortgage Theories > Lien theory,Lien theory,lien_theory,Mortgages and Security Devices,Mortgage Theories,Lien theory
83050202,8,83,Real Property,Mortgages,05,02,02,3,Mortgages and Security Devices > Mortgage Theories > Title theory,Title theory,title_theory,Mortgages and Security Devices,Mortgage Theories,Title theory
83050203,8,83,Real Property,Mortgages,05,02,03,3,Mortgages and Security Devices > Mortgage Theories > Intermediate theory,Intermediate theory,intermediate_theory,Mortgages and Security Devices,Mortgage Theories,Intermediate theory
83050300,8,83,Real Property,Mortgages,05,03,00,2,Mortgages and Security Devices > Pre-Foreclosure Rights and Obligations,Pre-Foreclosure Rights and Obligations,pre_foreclosure_rights_and_obligations,Mortgages and Security Devices,Pre-Foreclosure Rights and Obligations,
83050301,8,83,Real Property,Mortgages,05,03,01,3,Mortgages and Security Devices > Pre-Foreclosure Rights and Obligations > Duty to pay principal and interest,Duty to pay principal and interest,duty_to_pay_principal_and_interest,Mortgages and Security Devices,Pre-Foreclosure Rights and Obligations,Duty to pay principal and interest
83050302,8,83,Real Property,Mortgages,05,03,02,3,Mortgages and Security Devices > Pre-Foreclosure Rights and Obligations > Enforcement of Contract Provisions,Enforcement of Contract Provisions,enforcement_of_contract_provisions,Mortgages and Security Devices,Pre-Foreclosure Rights and Obligations,Enforcement of Contract Provisions
83050303,8,83,Real Property,Mortgages,05,03,03,3,Mortgages and Security Devices > Pre-Foreclosure Rights and Obligations > Possession and title,Possession and title,possession_and_title,Mortgages and Security Devices,Pre-Foreclosure Rights and Obligations,Possession and title
83050400,8,83,Real Property,Mortgages,05,04,00,2,Mortgages and Security Devices > Transfers of Interest,Transfers of Interest,transfers_of_interest,Mortgages and Security Devices,Transfers of Interest,
83050401,8,83,Real Property,Mortgages,05,04,01,3,Mortgages and Security Devices > Transfers of Interest > Transfers by mortgagor,Transfers by mortgagor,transfers_by_mortgagor,Mortgages and Security Devices,Transfers of Interest,Transfers by mortgagor
83050402,8,83,Real Property,Mortgages,05,04,02,3,Mortgages and Security Devices > Transfers of Interest > Transfers by mortgagee,Transfers by mortgagee,transfers_by_mortgagee,Mortgages and Security Devices,Transfers of Interest,Transfers by mortgagee
83050500,8,83,Real Property,Mortgages,05,05,00,2,Mortgages and Security Devices > Discharge of the Mortgage,Discharge of the Mortgage,discharge_of_the_mortgage,Mortgages and Security Devices,Discharge of the Mortgage,
83050501,8,83,Real Property,Mortgages,05,05,01,3,"Mortgages and Security Devices > Discharge of the Mortgage > Payment, including prepayment","Payment, including prepayment",payment_including_prepayment,Mortgages and Security Devices,Discharge of the Mortgage,"Payment, including prepayment"
83050502,8,83,Real Property,Mortgages,05,05,02,3,Mortgages and Security Devices > Discharge of the Mortgage > Deed in lieu of foreclosure,Deed in lieu of foreclosure,deed_in_lieu_of_foreclosure,Mortgages and Security Devices,Discharge of the Mortgage,Deed in lieu of foreclosure
83050600,8,83,Real Property,Mortgages,05,06,00,2,Mortgages and Security Devices > Foreclosure,Foreclosure,foreclosure,Mortgages and Security Devices,Foreclosure,
83050601,8,83,Real Property,Mortgages,05,06,01,3,Mortgages and Security Devices > Foreclosure > Procedure,Procedure,procedure,Mortgages and Security Devices,Foreclosure,Procedure
83050602,8,83,Real Property,Mortgages,05,06,02,3,Mortgages and Security Devices > Foreclosure > Right to Redemption,Right to Redemption,right_to_redemption,Mortgages and Security Devices,Foreclosure,Right to Redemption
83050603,8,83,Real Property,Mortgages,05,06,03,3,Mortgages and Security Devices > Foreclosure > Parties and priorities,Parties and priorities,parties_and_priorities,Mortgages and Security Devices,Foreclosure,Parties and priorities
83050604,8,83,Real Property,Mortgages,05,06,04,3,Mortgages and Security Devices > Foreclosure > Proceeds,Proceeds,proceeds,Mortgages and Security Devices,Foreclosure,Proceeds
84040000,8,84,Real Property,Titles,04,00,00,1,"Titles, Deeds, and Conveyancing","Titles, Deeds, and Conveyancing",titles_deeds_and_conveyancing,"Titles, Deeds, and Conveyancing",,
84040100,8,84,Real Property,Titles,04,01,00,2,"Titles, Deeds, and Conveyancing > Adverse Possession",Adverse Possession,adverse_possession,"Titles, Deeds, and Conveyancing",Adverse Possession,
84040101,8,84,Real Property,Titles,04,01,01,3,"Titles, Deeds, and Conveyancing > Adverse Possession > Requirements",Requirements,requirements,"Titles, Deeds, and Conveyancing",Adverse Possession,Requirements
84040102,8,84,Real Property,Titles,04,01,02,3,"Titles, Deeds, and Conveyancing > Adverse Possession > Mistaken boundaries",Mistaken boundaries,mistaken_boundaries,"Titles, Deeds, and Conveyancing",Adverse Possession,Mistaken boundaries
84040103,8,84,Real Property,Titles,04,01,03,3,"Titles, Deeds, and Conveyancing > Adverse Possession > Title acquired",Title acquired,title_acquired,"Titles, Deeds, and Conveyancing",Adverse Possession,Title acquired
84040200,8,84,Real Property,Titles,04,02,00,2,"Titles, Deeds, and Conveyancing > Conveyance by Deed",Conveyance by Deed,conveyance_by_deed,"Titles, Deeds, and Conveyancing",Conveyance by Deed,
84040201,8,84,Real Property,Titles,04,02,01,3,"Titles, Deeds, and Conveyancing > Conveyance by Deed > Requirements for valid deed",Requirements for valid deed,requirements_for_valid_deed,"Titles, Deeds, and Conveyancing",Conveyance by Deed,Requirements for valid deed
84040202,8,84,Real Property,Titles,04,02,02,3,"Titles, Deeds, and Conveyancing > Conveyance by Deed > Statute of Frauds",Statute of Frauds,statute_of_frauds,"Titles, Deeds, and Conveyancing",Conveyance by Deed,Statute of Frauds
84040203,8,84,Real Property,Titles,04,02,03,3,"Titles, Deeds, and Conveyancing > Conveyance by Deed > Delivery and acceptance",Delivery and acceptance,delivery_and_acceptance,"Titles, Deeds, and Conveyancing",Conveyance by Deed,Delivery and acceptance
84040204,8,84,Real Property,Titles,04,02,04,3,"Titles, Deeds, and Conveyancing > Conveyance by Deed > Types of deeds",Types of deeds,types_of_deeds,"Titles, Deeds, and Conveyancing",Conveyance by Deed,Types of deeds
84040205,8,84,Real Property,Titles,04,02,05,3,"Titles, Deeds, and Conveyancing > Conveyance by Deed > Covenants of title",Covenants of title,covenants_of_title,"Titles, Deeds, and Conveyancing",Conveyance by Deed,Covenants of title
84040206,8,84,Real Property,Titles,04,02,06,3,"Titles, Deeds, and Conveyancing > Conveyance by Deed > Estoppel by deed",Estoppel by deed,estoppel_by_deed,"Titles, Deeds, and Conveyancing",Conveyance by Deed,Estoppel by deed
84040207,8,84,Real Property,Titles,04,02,07,3,"Titles, Deeds, and Conveyancing > Conveyance by Deed > After-acquired title",After-acquired title,after_acquired_title,"Titles, Deeds, and Conveyancing",Conveyance by Deed,After-acquired title
84040208,8,84,Real Property,Titles,04,02,08,3,"Titles, Deeds, and Conveyancing > Conveyance by Deed > Forged instruments",Forged instruments,forged_instruments,"Titles, Deeds, and Conveyancing",Conveyance by Deed,Forged instruments
84040300,8,84,Real Property,Titles,04,03,00,2,"Titles, Deeds, and Conveyancing > Conveyance by Operation of Law and Will",Conveyance by Operation of Law and Will,conveyance_by_operation_of_law_and_will,"Titles, Deeds, and Conveyancing",Conveyance by Operation of Law and Will,
84040400,8,84,Real Property,Titles,04,04,00,2,"Titles, Deeds, and Conveyancing > Recording Acts",Recording Acts,recording_acts,"Titles, Deeds, and Conveyancing",Recording Acts,
84040401,8,84,Real Property,Titles,04,04,01,3,"Titles, Deeds, and Conveyancing > Recording Acts > Common law rule",Common law rule,common_law_rule,"Titles, Deeds, and Conveyancing",Recording Acts,Common law rule
84040402,8,84,Real Property,Titles,04,04,02,3,"Titles, Deeds, and Conveyancing > Recording Acts > Types of statutes",Types of statutes,types_of_statutes,"Titles, Deeds, and Conveyancing",Recording Acts,Types of statutes
84040403,8,84,Real Property,Titles,04,04,03,3,"Titles, Deeds, and Conveyancing > Recording Acts > Bona fide purchaser",Bona fide purchaser,bona_fide_purchaser,"Titles, Deeds, and Conveyancing",Recording Acts,Bona fide purchaser
84040404,8,84,Real Property,Titles,04,04,04,3,"Titles, Deeds, and Conveyancing > Recording Acts > Types of notice",Types of notice,types_of_notice,"Titles, Deeds, and Conveyancing",Recording Acts,Types of notice
84040405,8,84,Real Property,Titles,04,04,05,3,"Titles, Deeds, and Conveyancing > Recording Acts > Indexes",Indexes,indexes,"Titles, Deeds, and Conveyancing",Recording Acts,Indexes
84040406,8,84,Real Property,Titles,04,04,06,3,"Titles, Deeds, and Conveyancing > Recording Acts > Priorities",Priorities,priorities,"Titles, Deeds, and Conveyancing",Recording Acts,Priorities
85030000,8,85,Real Property,Contracts for Land,03,00,00,1,Real Property Contracts,Real Property Contracts,real_property_contracts,Real Property Contracts,,
85030100,8,85,Real Property,Contracts for Land,03,01,00,2,Real Property Contracts > Land-Sale Contracts,Land-Sale Contracts,land_sale_contracts,Real Property Contracts,Land-Sale Contracts,
85030101,8,85,Real Property,Contracts for Land,03,01,01,3,Real Property Contracts > Land-Sale Contracts > Creation,Creation,creation,Real Property Contracts,Land-Sale Contracts,Creation
85030102,8,85,Real Property,Contracts for Land,03,01,02,3,Real Property Contracts > Land-Sale Contracts > Essential terms,Essential terms,essential_terms,Real Property Contracts,Land-Sale Contracts,Essential terms
85030103,8,85,Real Property,Contracts for Land,03,01,03,3,Real Property Contracts > Land-Sale Contracts > Time for performance,Time for performance,time_for_performance,Real Property Contracts,Land-Sale Contracts,Time for performance
85030200,8,85,Real Property,Contracts for Land,03,02,00,2,Real Property Contracts > Options and Rights of First Refusal,Options and Rights of First Refusal,options_and_rights_of_first_refusal,Real Property Contracts,Options and Rights of First Refusal,
85030300,8,85,Real Property,Contracts for Land,03,03,00,2,Real Property Contracts > Marketable Title,Marketable Title,marketable_title,Real Property Contracts,Marketable Title,
85030400,8,85,Real Property,Contracts for Land,03,04,00,2,Real Property Contracts > Risk of Loss and Equitable Conversion,Risk of Loss and Equitable Conversion,risk_of_loss_and_equitable_conversion,Real Property Contracts,Risk of Loss and Equitable Conversion,
91090000,9,91,Civil Procedure,Jury Trials,09,00,00,1,Trial,Trial,trial,Trial,,
91090100,9,91,Civil Procedure,Jury Trials,09,01,00,2,Trial > Right to Jury Trial,Right to Jury Trial,right_to_jury_trial,Trial,Right to Jury Trial,
91090200,9,91,Civil Procedure,Jury Trials,09,02,00,2,Trial > Demand for Jury Trial,Demand for Jury Trial,demand_for_jury_trial,Trial,Demand for Jury Trial,
91090300,9,91,Civil Procedure,Jury Trials,09,03,00,2,Trial > Jury Selection,Jury Selection,jury_selection,Trial,Jury Selection,
91090400,9,91,Civil Procedure,Jury Trials,09,04,00,2,Trial > Jury Instructions,Jury Instructions,jury_instructions,Trial,Jury Instructions,
92080000,9,92,Civil Procedure,Motions,08,00,00,1,Motions,Motions,motions,Motions,,
92080100,9,92,Civil Procedure,Motions,08,01,00,2,Motions > Pretrial Motions,Pretrial Motions,pretrial_motions,Motions,Pretrial Motions,
92080101,9,92,Civil Procedure,Motions,08,01,01,3,Motions > Pretrial Motions > Motion for judgment on the pleadings,Motion for judgment on the pleadings,motion_for_judgment_on_the_pleadings,Motions,Pretrial Motions,Motion for judgment on the pleadings
92080102,9,92,Civil Procedure,Motions,08,01,02,3,Motions > Pretrial Motions > Motion for more definite statement,Motion for more definite statement,motion_for_more_definite_statement,Motions,Pretrial Motions,Motion for more definite statement
92080103,9,92,Civil Procedure,Motions,08,01,03,3,Motions > Pretrial Motions > Motion to strike,Motion to strike,motion_to_strike,Motions,Pretrial Motions,Motion to strike
92080104,9,92,Civil Procedure,Motions,08,01,04,3,Motions > Pretrial Motions > Motions to dismiss,Motions to dismiss,motions_to_dismiss,Motions,Pretrial Motions,Motions to dismiss
92080105,9,92,Civil Procedure,Motions,08,01,05,3,Motions > Pretrial Motions > Summary judgment motion,Summary judgment motion,summary_judgment_motion,Motions,Pretrial Motions,Summary judgment motion
92080200,9,92,Civil Procedure,Motions,08,02,00,2,Motions > Trial and Post-Trial Motions,Trial and Post-Trial Motions,trial_and_post_trial_motions,Motions,Trial and Post-Trial Motions,
92080201,9,92,Civil Procedure,Motions,08,02,01,3,Motions > Trial and Post-Trial Motions > Motion for Judgment as a Matter of Law,Motion for Judgment as a Matter of Law,motion_for_judgment_as_a_matter_of_law,Motions,Trial and Post-Trial Motions,Motion for Judgment as a Matter of Law
92080202,9,92,Civil Procedure,Motions,08,02,02,3,Motions > Trial and Post-Trial Motions > Renewed Motion for Judgment as a Matter of Law,Renewed Motion for Judgment as a Matter of Law,renewed_motion_for_judgment_as_a_matter_of_law,Motions,Trial and Post-Trial Motions,Renewed Motion for Judgment as a Matter of Law
92080203,9,92,Civil Procedure,Motions,08,02,03,3,Motions > Trial and Post-Trial Motions > Motion for relief from judgment or order,Motion for relief from judgment or order,motion_for_relief_from_judgment_or_order,Motions,Trial and Post-Trial Motions,Motion for relief from judgment or order
92080204,9,92,Civil Procedure,Motions,08,02,04,3,Motions > Trial and Post-Trial Motions > Motion for new trial,Motion for new trial,motion_for_new_trial,Motions,Trial and Post-Trial Motions,Motion for new trial
92080205,9,92,Civil Procedure,Motions,08,02,05,3,Motions > Trial and Post-Trial Motions > Remittitur/additur,Remittitur/additur,remittitur_additur,Motions,Trial and Post-Trial Motions,Remittitur/additur
93110000,9,93,Civil Procedure,Appealability and Review,11,00,00,1,Appeal and Review,Appeal and Review,appeal_and_review,Appeal and Review,,
93110100,9,93,Civil Procedure,Appealability and Review,11,01,00,2,Appeal and Review > Interlocutory Review,Interlocutory Review,interlocutory_review,Appeal and Review,Interlocutory Review,
93110101,9,93,Civil Procedure,Appealability and Review,11,01,01,3,Appeal and Review > Interlocutory Review > Final judgment rule,Final judgment rule,final_judgment_rule,Appeal and Review,Interlocutory Review,Final judgment rule
93110200,9,93,Civil Procedure,Appealability and Review,11,02,00,2,Appeal and Review > Finality of Judgment,Finality of Judgment,finality_of_judgment,Appeal and Review,Finality of Judgment,
93110300,9,93,Civil Procedure,Appealability and Review,11,03,00,2,Appeal and Review > Scope of Review,Scope of Review,scope_of_review,Appeal and Review,Scope of Review,
94010000,9,94,Civil Procedure,Jurisdiction and Venue,01,00,00,1,Federal Subject-Matter Jurisdiction,Federal Subject-Matter Jurisdiction,federal_subject_matter_jurisdiction,Federal Subject-Matter Jurisdiction,,
94010100,9,94,Civil Procedure,Jurisdiction and Venue,01,01,00,2,Federal Subject-Matter Jurisdiction > Diversity Jurisdiction,Diversity Jurisdiction,diversity_jurisdiction,Federal Subject-Matter Jurisdiction,Diversity Jurisdiction,
94010200,9,94,Civil Procedure,Jurisdiction and Venue,01,02,00,2,Federal Subject-Matter Jurisdiction > Federal-Question Jurisdiction,Federal-Question Jurisdiction,federal_question_jurisdiction,Federal Subject-Matter Jurisdiction,Federal-Question Jurisdiction,
94010300,9,94,Civil Procedure,Jurisdiction and Venue,01,03,00,2,Federal Subject-Matter Jurisdiction > Supplemental Jurisdiction,Supplemental Jurisdiction,supplemental_jurisdiction,Federal Subject-Matter Jurisdiction,Supplemental Jurisdiction,
94020000,9,94,Civil Procedure,Jurisdiction and Venue,02,00,00,1,Personal Jurisdiction,Personal Jurisdiction,personal_jurisdiction,Personal Jurisdiction,,
94020100,9,94,Civil Procedure,Jurisdiction and Venue,02,01,00,2,Personal Jurisdiction > Specific and General Jurisdiction,Specific and General Jurisdiction,specific_and_general_jurisdiction,Personal Jurisdiction,Specific and General Jurisdiction,
94020200,9,94,Civil Procedure,Jurisdiction and Venue,02,02,00,2,Personal Jurisdiction > Traditional Bases for Personal Jurisdiction,Traditional Bases for Personal Jurisdiction,traditional_bases_for_personal_jurisdiction,Personal Jurisdiction,Traditional Bases for Personal Jurisdiction,
94020201,9,94,Civil Procedure,Jurisdiction and Venue,02,02,01,3,Personal Jurisdiction > Traditional Bases for Personal Jurisdiction > Consent,Consent,consent,Personal Jurisdiction,Traditional Bases for Personal Jurisdiction,Consent
94020202,9,94,Civil Procedure,Jurisdiction and Venue,02,02,02,3,Personal Jurisdiction > Traditional Bases for Personal Jurisdiction > Service,Service,service,Personal Jurisdiction,Traditional Bases for Personal Jurisdiction,Service
94020203,9,94,Civil Procedure,Jurisdiction and Venue,02,02,03,3,Personal Jurisdiction > Traditional Bases for Personal Jurisdiction > Domicile,Domicile,domicile,Personal Jurisdiction,Traditional Bases for Personal Jurisdiction,Domicile
94020300,9,94,Civil Procedure,Jurisdiction and Venue,02,03,00,2,Personal Jurisdiction > Modern Due Process or Constitutional Tests,Modern Due Process or Constitutional Tests,modern_due_process_or_constitutional_tests,Personal Jurisdiction,Modern Due Process or Constitutional Tests,
94020301,9,94,Civil Procedure,Jurisdiction and Venue,02,03,01,3,Personal Jurisdiction > Modern Due Process or Constitutional Tests > Long-arm statutes,Long-arm statutes,long_arm_statutes,Personal Jurisdiction,Modern Due Process or Constitutional Tests,Long-arm statutes
94020302,9,94,Civil Procedure,Jurisdiction and Venue,02,03,02,3,Personal Jurisdiction > Modern Due Process or Constitutional Tests > Minimum contacts test,Minimum contacts test,minimum_contacts_test,Personal Jurisdiction,Modern Due Process or Constitutional Tests,Minimum contacts test
94020303,9,94,Civil Procedure,Jurisdiction and Venue,02,03,03,3,Personal Jurisdiction > Modern Due Process or Constitutional Tests > Substantial business,Substantial business,substantial_business,Personal Jurisdiction,Modern Due Process or Constitutional Tests,Substantial business
94030000,9,94,Civil Procedure,Jurisdiction and Venue,03,00,00,1,Removal and Remand,Removal and Remand,removal_and_remand,Removal and Remand,,
94030100,9,94,Civil Procedure,Jurisdiction and Venue,03,01,00,2,Removal and Remand > Removal to Federal Court,Removal to Federal Court,removal_to_federal_court,Removal and Remand,Removal to Federal Court,
94030200,9,94,Civil Procedure,Jurisdiction and Venue,03,02,00,2,Removal and Remand > Remand to State Court,Remand to State Court,remand_to_state_court,Removal and Remand,Remand to State Court,
94040000,9,94,Civil Procedure,Jurisdiction and Venue,04,00,00,1,Notice and Service of Process,Notice and Service of Process,notice_and_service_of_process,Notice and Service of Process,,
94040100,9,94,Civil Procedure,Jurisdiction and Venue,04,01,00,2,Notice and Service of Process > Due Process Notice Requirements,Due Process Notice Requirements,due_process_notice_requirements,Notice and Service of Process,Due Process Notice Requirements,
94040200,9,94,Civil Procedure,Jurisdiction and Venue,04,02,00,2,Notice and Service of Process > Service of Process,Service of Process,service_of_process,Notice and Service of Process,Service of Process,
94040300,9,94,Civil Procedure,Jurisdiction and Venue,04,03,00,2,Notice and Service of Process > Waiver of Service,Waiver of Service,waiver_of_service,Notice and Service of Process,Waiver of Service,
94050000,9,94,Civil Procedure,Jurisdiction and Venue,05,00,00,1,Venue,Venue,venue,Venue,,
94050100,9,94,Civil Procedure,Jurisdiction and Venue,05,01,00,2,Venue > Venue,Venue,venue,Venue,Venue,
94050200,9,94,Civil Procedure,Jurisdiction and Venue,05,02,00,2,Venue > Transfer,Transfer,transfer,Venue,Transfer,
94050300,9,94,Civil Procedure,Jurisdiction and Venue,05,03,00,2,Venue > Forum non conveniens,Forum non conveniens,forum_non_conveniens,Venue,Forum non conveniens,
95070000,9,95,Civil Procedure,Pretrial Procedures,07,00,00,1,Pretrial Procedures,Pretrial Procedures,pretrial_procedures,Pretrial Procedures,,
95070100,9,95,Civil Procedure,Pretrial Procedures,07,01,00,2,Pretrial Procedures > Pleadings,Pleadings,pleadings,Pretrial Procedures,Pleadings,
95070101,9,95,Civil Procedure,Pretrial Procedures,07,01,01,3,Pretrial Procedures > Pleadings > Complaint,Complaint,complaint,Pretrial Procedures,Pleadings,Complaint
95070102,9,95,Civil Procedure,Pretrial Procedures,07,01,02,3,Pretrial Procedures > Pleadings > Answer,Answer,answer,Pretrial Procedures,Pleadings,Answer
95070103,9,95,Civil Procedure,Pretrial Procedures,07,01,03,3,Pretrial Procedures > Pleadings > Counterclaims,Counterclaims,counterclaims,Pretrial Procedures,Pleadings,Counterclaims
95070104,9,95,Civil Procedure,Pretrial Procedures,07,01,04,3,Pretrial Procedures > Pleadings > Crossclaims,Crossclaims,crossclaims,Pretrial Procedures,Pleadings,Crossclaims
95070105,9,95,Civil Procedure,Pretrial Procedures,07,01,05,3,Pretrial Procedures > Pleadings > Other pleadings,Other pleadings,other_pleadings,Pretrial Procedures,Pleadings,Other pleadings
95070200,9,95,Civil Procedure,Pretrial Procedures,07,02,00,2,Pretrial Procedures > Amendment of Pleadings,Amendment of Pleadings,amendment_of_pleadings,Pretrial Procedures,Amendment of Pleadings,
95070300,9,95,Civil Procedure,Pretrial Procedures,07,03,00,2,Pretrial Procedures > Multiple Parties and Claims,Multiple Parties and Claims,multiple_parties_and_claims,Pretrial Procedures,Multiple Parties and Claims,
95070301,9,95,Civil Procedure,Pretrial Procedures,07,03,01,3,Pretrial Procedures > Multiple Parties and Claims > Joinder of claims,Joinder of claims,joinder_of_claims,Pretrial Procedures,Multiple Parties and Claims,Joinder of claims
95070302,9,95,Civil Procedure,Pretrial Procedures,07,03,02,3,Pretrial Procedures > Multiple Parties and Claims > Joinder of parties,Joinder of parties,joinder_of_parties,Pretrial Procedures,Multiple Parties and Claims,Joinder of parties
95070303,9,95,Civil Procedure,Pretrial Procedures,07,03,03,3,Pretrial Procedures > Multiple Parties and Claims > Class actions,Class actions,class_actions,Pretrial Procedures,Multiple Parties and Claims,Class actions
95070400,9,95,Civil Procedure,Pretrial Procedures,07,04,00,2,Pretrial Procedures > Discovery,Discovery,discovery,Pretrial Procedures,Discovery,
95070401,9,95,Civil Procedure,Pretrial Procedures,07,04,01,3,Pretrial Procedures > Discovery > Initial disclosures,Initial disclosures,initial_disclosures,Pretrial Procedures,Discovery,Initial disclosures
95070402,9,95,Civil Procedure,Pretrial Procedures,07,04,02,3,Pretrial Procedures > Discovery > Devices,Devices,devices,Pretrial Procedures,Discovery,Devices
95070403,9,95,Civil Procedure,Pretrial Procedures,07,04,03,3,Pretrial Procedures > Discovery > Scope of discovery,Scope of discovery,scope_of_discovery,Pretrial Procedures,Discovery,Scope of discovery
95070404,9,95,Civil Procedure,Pretrial Procedures,07,04,04,3,Pretrial Procedures > Discovery > E-Discovery,E-Discovery,e_discovery,Pretrial Procedures,Discovery,E-Discovery
95070405,9,95,Civil Procedure,Pretrial Procedures,07,04,05,3,Pretrial Procedures > Discovery > Privileges,Privileges,privileges,Pretrial Procedures,Discovery,Privileges
95070406,9,95,Civil Procedure,Pretrial Procedures,07,04,06,3,Pretrial Procedures > Discovery > Inadvertent disclosure,Inadvertent disclosure,inadvertent_disclosure,Pretrial Procedures,Discovery,Inadvertent disclosure
95070407,9,95,Civil Procedure,Pretrial Procedures,07,04,07,3,Pretrial Procedures > Discovery > Sanctions,Sanctions,sanctions,Pretrial Procedures,Discovery,Sanctions
95070500,9,95,Civil Procedure,Pretrial Procedures,07,05,00,2,Pretrial Procedures > Rule 11,Rule 11,rule_11,Pretrial Procedures,Rule 11,
95070600,9,95,Civil Procedure,Pretrial Procedures,07,06,00,2,Pretrial Procedures > Pretrial Conferences and Orders,Pretrial Conferences and Orders,pretrial_conferences_and_orders,Pretrial Procedures,Pretrial Conferences and Orders,
95070700,9,95,Civil Procedure,Pretrial Procedures,07,07,00,2,Pretrial Procedures > Disposition without Trial,Disposition without Trial,disposition_without_trial,Pretrial Procedures,Disposition without Trial,
95070701,9,95,Civil Procedure,Pretrial Procedures,07,07,01,3,Pretrial Procedures > Disposition without Trial > Voluntary dismissal,Voluntary dismissal,voluntary_dismissal,Pretrial Procedures,Disposition without Trial,Voluntary dismissal
95070702,9,95,Civil Procedure,Pretrial Procedures,07,07,02,3,Pretrial Procedures > Disposition without Trial > Involuntary dismissal,Involuntary dismissal,involuntary_dismissal,Pretrial Procedures,Disposition without Trial,Involuntary dismissal
95070703,9,95,Civil Procedure,Pretrial Procedures,07,07,03,3,Pretrial Procedures > Disposition without Trial > Summary judgment,Summary judgment,summary_judgment,Pretrial Procedures,Disposition without Trial,Summary judgment
95070704,9,95,Civil Procedure,Pretrial Procedures,07,07,04,3,Pretrial Procedures > Disposition without Trial > Default judgment,Default judgment,default_judgment,Pretrial Procedures,Disposition without Trial,Default judgment
95070705,9,95,Civil Procedure,Pretrial Procedures,07,07,05,3,"Pretrial Procedures > Disposition without Trial > Preliminary injunctions, permanent injunctions, and temporary restraining orders","Preliminary injunctions, permanent injunctions, and temporary restraining orders",preliminary_injunctions_permanent_injunctions_and_temporary_restraining_orders,Pretrial Procedures,Disposition without Trial,"Preliminary injunctions, permanent injunctions, and temporary restraining orders"
96060000,9,96,Civil Procedure,Law Applied by Federal Courts (Erie),06,00,00,1,State Law Applied in Federal Courts,State Law Applied in Federal Courts,state_law_applied_in_federal_courts,State Law Applied in Federal Courts,,
96060100,9,96,Civil Procedure,Law Applied by Federal Courts (Erie),06,01,00,2,State Law Applied in Federal Courts > Erie Doctrine,Erie Doctrine,erie_doctrine,State Law Applied in Federal Courts,Erie Doctrine,
96060200,9,96,Civil Procedure,Law Applied by Federal Courts (Erie),06,02,00,2,State Law Applied in Federal Courts > Federal Common Law,Federal Common Law,federal_common_law,State Law Applied in Federal Courts,Federal Common Law,
97100000,9,97,Civil Procedure,Verdicts and Judgments,10,00,00,1,Judgments and Verdicts,Judgments and Verdicts,judgments_and_verdicts,Judgments and Verdicts,,
97100100,9,97,Civil Procedure,Verdicts and Judgments,10,01,00,2,Judgments and Verdicts > Types of Jury Verdicts,Types of Jury Verdicts,types_of_jury_verdicts,Judgments and Verdicts,Types of Jury Verdicts,
97100200,9,97,Civil Procedure,Verdicts and Judgments,10,02,00,2,Judgments and Verdicts > Judicial Findings and Conclusions,Judicial Findings and Conclusions,judicial_findings_and_conclusions,Judgments and Verdicts,Judicial Findings and Conclusions,
97100300,9,97,Civil Procedure,Verdicts and Judgments,10,03,00,2,Judgments and Verdicts > Issue and Claim Preclusion,Issue and Claim Preclusion,issue_and_claim_preclusion,Judgments and Verdicts,Issue and Claim Preclusion,
97100400,9,97,Civil Procedure,Verdicts and Judgments,10,04,00,2,Judgments and Verdicts > Defaults,Defaults,defaults,Judgments and Verdicts,Defaults,
97100500,9,97,Civil Procedure,Verdicts and Judgments,10,05,00,2,Judgments and Verdicts > Dismissals,Dismissals,dismissals,Judgments and Verdicts,Dismissals,
