No,ID,Pattern,Trap,Correct Letter,Correct Answer To Look For,Rule Capsule,Most Popular Wrong,Most Popular Wrong Choice,Nugget,Word Count
1,14575,A defendant was charged with murder. Several witnesses testified that the crime was committed by a person of the defendant's general description who walked with a severe limp. The defendant in fact walks with a severe limp. He objected to…,"Evidence of how the defendant walks is non-testimonial, similar to ordering blood samples or handwriting exemplars, so the privilege against self-incrimination is not implicated",C,"denied, because the order sought by the prosecution is a legitimate part of a proper courtroom identification process","The defendant's mode of walking is relevant to aid with the in-court identification, and the court can properly order the defendant to give such a demonstration without running afoul of his constitutional rights",A,"sustained, because the order sought by the prosecution would violate the defendant's privilege against self-incrimination.","001. ID 14575 | Pattern: A defendant was charged with murder. Several witnesses testified that the crime was committed by a person of the defendant's general description who walked with a severe limp. The defendant in fact walks with a severe limp. He objected to… | Trap: Evidence of how the defendant walks is non-testimonial, similar to ordering blood samples or handwriting exemplars, so the privilege against self-incrimination is not implicated | Look for: C — denied, because the order sought by the prosecution is a legitimate part of a proper courtroom identification process. Rule: The defendant's mode of walking is relevant to aid with the in-court identification, and the court can properly order the defendant to give such a demonstration without running afoul of his constitutional rights",128
2,16048,"In the course of robbing a bank, the defendant pointed a gun at three bank tellers and the bank manager and ordered them to go from the bank lobby to the back room while his confederate attempted to open the…","Do not require the defendant personally to have intercourse; ordering coerced sex under threat can make him guilty of rape, not merely solicitation or no crime",B,Rape,"Rape is sexual intercourse without consent of the female. Since the bank teller's resistance was overcome by the defendant's threat and her resulting fear of death, the intercourse occurred without her consent",D,Neither solicitation to commit rape nor rape.,"002. ID 16048 | Pattern: In the course of robbing a bank, the defendant pointed a gun at three bank tellers and the bank manager and ordered them to go from the bank lobby to the back room while his confederate attempted to open the… | Trap: Do not require the defendant personally to have intercourse; ordering coerced sex under threat can make him guilty of rape, not merely solicitation or no crime | Look for: B — Rape. Rule: Rape is sexual intercourse without consent of the female. Since the bank teller's resistance was overcome by the defendant's threat and her resulting fear of death, the intercourse occurred without her consent",112
3,16059,"The defendant was driving across the border from Mexico. He arrived at the border station. The border inspector asked him to open the trunk of his car and began searching it. In the course of the search, the inspector discovered…",Do not use same transaction as the double-jeopardy test; separate sovereigns may prosecute offenses arising from the same conduct,D,"denied, since the two prosecutions are not by the same sovereign","The double jeopardy clause prevents a person from being placed twice in jeopardy for the same offense. This does not prevent prosecution by two separate sovereigns for crimes arising out of the same transaction, however, because a different offense has been committed…",A,"granted, since both the prosecutions resulted from the same transaction.","003. ID 16059 | Pattern: The defendant was driving across the border from Mexico. He arrived at the border station. The border inspector asked him to open the trunk of his car and began searching it. In the course of the search, the inspector discovered… | Trap: Do not use same transaction as the double-jeopardy test; separate sovereigns may prosecute offenses arising from the same conduct | Look for: D — denied, since the two prosecutions are not by the same sovereign. Rule: The double jeopardy clause prevents a person from being placed twice in jeopardy for the same offense. This does not prevent prosecution by two separate sovereigns for crimes arising out of the same transaction, however, because a different offense has been committed…",125
4,19099,"After voluntarily drinking heavily, Simon throws a heavy glass bottle toward a crowd from a balcony. The bottle narrowly misses Dana. Simon is charged with attempted murder. Witnesses say Simon was laughing and yelling nonsense, not aiming at anyone in…",It affects only the specific intent element of attempted murder,A,To argue he lacked the specific intent to kill required for attempted murder,Attempted murder requires specific intent to kill; voluntary intoxication may be relevant if it prevents formation of that intent,C,"Not at all, because voluntary intoxication is never relevant to attempt","004. ID 19099 | Pattern: After voluntarily drinking heavily, Simon throws a heavy glass bottle toward a crowd from a balcony. The bottle narrowly misses Dana. Simon is charged with attempted murder. Witnesses say Simon was laughing and yelling nonsense, not aiming at anyone in… | Trap: It affects only the specific intent element of attempted murder | Look for: A — To argue he lacked the specific intent to kill required for attempted murder. Rule: Attempted murder requires specific intent to kill; voluntary intoxication may be relevant if it prevents formation of that intent",95
5,20828,"Police conduct a suggestive stationhouse identification that the court suppresses. The witness had also spent fifteen minutes face-to-face with the robber in a bright office, gave a detailed description before the stationhouse procedure, and recognized the defendant in court based…",Independent-source analysis can permit the later in-court identification,A,"Yes, if the prosecution proves the in-court identification rests on an independent source from the witness's original observations",A later in-court identification may be admitted despite an earlier defective identification procedure if the prosecution shows an independent source based on the witness's observations at the crime,B,"No, because any earlier defective identification permanently bars all later identifications","005. ID 20828 | Pattern: Police conduct a suggestive stationhouse identification that the court suppresses. The witness had also spent fifteen minutes face-to-face with the robber in a bright office, gave a detailed description before the stationhouse procedure, and recognized the defendant in court based… | Trap: Independent-source analysis can permit the later in-court identification | Look for: A — Yes, if the prosecution proves the in-court identification rests on an independent source from the witness's original observations. Rule: A later in-court identification may be admitted despite an earlier defective identification procedure if the prosecution shows an independent source based on the witness's observations at the crime",107
6,18718,"An officer stopped Victor without reasonable suspicion. While the officer was asking questions, Victor punched the officer and tried to run away. The state charged Victor with assault on a police officer and seeks to introduce testimony about the punch.…",A new voluntary crime against an officer is generally treated as an independent act not suppressed as fruit of the prior illegality,C,"No, because Victor's assault was a new voluntary crime sufficiently independent of the unlawful stop",The exclusionary rule generally does not suppress evidence of a new crime committed in response to or after police illegality when the new act is sufficiently independent,A,"Yes, because the punch happened during an unlawful stop","006. ID 18718 | Pattern: An officer stopped Victor without reasonable suspicion. While the officer was asking questions, Victor punched the officer and tried to run away. The state charged Victor with assault on a police officer and seeks to introduce testimony about the punch.… | Trap: A new voluntary crime against an officer is generally treated as an independent act not suppressed as fruit of the prior illegality | Look for: C — No, because Victor's assault was a new voluntary crime sufficiently independent of the unlawful stop. Rule: The exclusionary rule generally does not suppress evidence of a new crime committed in response to or after police illegality when the new act is sufficiently independent",117
7,21562,"Officer Reyes observed Morgan run a red light and pulled her over. When Reyes asked for Morgan's license, Morgan refused, cursed at the officer, and began walking rapidly away. Reyes grabbed Morgan's arm to stop her. Morgan wrenched free and…",Graham v. Connor* explicitly rejected a subjective intent standard,C,Whether Reyes's force was objectively reasonable under the totality of the circumstances as judged from the perspective of a reasonable officer on the scene,"A warrantless arrest in a public place is valid if supported by probable cause; force used during arrest must be objectively reasonable under *Graham v. Connor*, judged from the perspective of a reasonable officer on the scene without the benefit of hindsight",B,Whether the force was the minimum necessary to complete the arrest,"007. ID 21562 | Pattern: Officer Reyes observed Morgan run a red light and pulled her over. When Reyes asked for Morgan's license, Morgan refused, cursed at the officer, and began walking rapidly away. Reyes grabbed Morgan's arm to stop her. Morgan wrenched free and… | Trap: Graham v. Connor* explicitly rejected a subjective intent standard | Look for: C — Whether Reyes's force was objectively reasonable under the totality of the circumstances as judged from the perspective of a reasonable officer on the scene. Rule: A warrantless arrest in a public place is valid if supported by probable cause; force used during arrest must be objectively reasonable under *Graham v. Connor*, judged from the perspective of a reasonable officer on the scene without the benefit of hindsight",128
8,19746,"Rina sells a stolen tablet to Caleb for cash. Caleb knows the tablet is stolen and buys it for his own use. There is no evidence that Caleb agreed to help Rina steal more goods, resell stolen goods, recruit buyers…",A conspiracy requires agreement to pursue a shared criminal objective,B,"The facts show only a buyer-seller transaction, not an agreement that Caleb join or further Rina's trafficking scheme","A mere buyer-seller relationship, without evidence of an agreement to further a broader criminal venture, does not automatically establish conspiracy",A,Knowing purchase of stolen property automatically proves a conspiracy with the seller,"008. ID 19746 | Pattern: Rina sells a stolen tablet to Caleb for cash. Caleb knows the tablet is stolen and buys it for his own use. There is no evidence that Caleb agreed to help Rina steal more goods, resell stolen goods, recruit buyers… | Trap: A conspiracy requires agreement to pursue a shared criminal objective | Look for: B — The facts show only a buyer-seller transaction, not an agreement that Caleb join or further Rina's trafficking scheme. Rule: A mere buyer-seller relationship, without evidence of an agreement to further a broader criminal venture, does not automatically establish conspiracy",101
9,20888,"Police arrest Dana for robbery, take her to the station, give Miranda warnings, and question her before any indictment, information, arraignment, or preliminary hearing. Dana waives her Miranda rights and admits she drove the getaway car. She later moves to…","Miranda is Fifth Amendment doctrine. The Sixth Amendment turns on formal adversary proceedings, not custody alone",A,"No, because formal adversary proceedings had not yet begun, so the Sixth Amendment right to counsel had not attached","The Sixth Amendment right to counsel attaches only when formal adversary proceedings begin, such as indictment, information, arraignment, preliminary hearing, or formal charge",B,"Yes, because custody automatically triggers both Miranda and the Sixth Amendment right to counsel","009. ID 20888 | Pattern: Police arrest Dana for robbery, take her to the station, give Miranda warnings, and question her before any indictment, information, arraignment, or preliminary hearing. Dana waives her Miranda rights and admits she drove the getaway car. She later moves to… | Trap: Miranda is Fifth Amendment doctrine. The Sixth Amendment turns on formal adversary proceedings, not custody alone | Look for: A — No, because formal adversary proceedings had not yet begun, so the Sixth Amendment right to counsel had not attached. Rule: The Sixth Amendment right to counsel attaches only when formal adversary proceedings begin, such as indictment, information, arraignment, preliminary hearing, or formal charge",111
10,18465,"An officer lawfully stands on a public sidewalk and sees a stolen sculpture through the window of a home. Without a warrant or exigent circumstances, the officer opens the front door, enters, and seizes the sculpture. Does plain view justify…",Plain view also requires lawful access to the object,B,"No, because the officer lacked lawful access to enter the home and seize the sculpture","Plain view permits seizure only when officers have lawful vantage, lawful access to the object, and immediately apparent incriminating character",A,"Yes, because the officer could see the sculpture from a lawful public vantage point","010. ID 18465 | Pattern: An officer lawfully stands on a public sidewalk and sees a stolen sculpture through the window of a home. Without a warrant or exigent circumstances, the officer opens the front door, enters, and seizes the sculpture. Does plain view justify… | Trap: Plain view also requires lawful access to the object | Look for: B — No, because the officer lacked lawful access to enter the home and seize the sculpture. Rule: Plain view permits seizure only when officers have lawful vantage, lawful access to the object, and immediately apparent incriminating character",97
11,14685,"A man and his friend were watching a televised football game at the man’s home. Upset by a penalty called by the referee, the friend threw a bottle of beer at the man’s television, breaking the screen. Enraged, the man…",It is debatable whether the friend breaking the man's television could constitute adequate provocation to mitigate murder to voluntary manslaughter,A,Murder,"At common law, a defendant could be convicted of murder not only for an intentional killing but also for causing another's death by actions intended to cause serious bodily injury short of death",B,Voluntary manslaughter.,"011. ID 14685 | Pattern: A man and his friend were watching a televised football game at the man’s home. Upset by a penalty called by the referee, the friend threw a bottle of beer at the man’s television, breaking the screen. Enraged, the man… | Trap: It is debatable whether the friend breaking the man's television could constitute adequate provocation to mitigate murder to voluntary manslaughter | Look for: A — Murder. Rule: At common law, a defendant could be convicted of murder not only for an intentional killing but also for causing another's death by actions intended to cause serious bodily injury short of death",107
12,18297,"A woman broke off her engagement to a man but refused to return the engagement ring the man had given her. One night, the man entered the woman's house after midnight to retrieve the ring. Although the woman was not…","This fact does not provide a defense to burglary, because the man still broke into and entered the house without the woman's consent",B,The man incorrectly and unreasonably believed that he was legally entitled to the ring,"The crime of burglary requires that the breaking and entering of the dwelling have been done at night, with the intent to commit an underlying felony (in most cases, larceny). The man's subjective belief that he was entitled to the ring (even…",A,The man knew that the woman kept a key under the doormat and he used the key to enter the house.,"012. ID 18297 | Pattern: A woman broke off her engagement to a man but refused to return the engagement ring the man had given her. One night, the man entered the woman's house after midnight to retrieve the ring. Although the woman was not… | Trap: This fact does not provide a defense to burglary, because the man still broke into and entered the house without the woman's consent | Look for: B — The man incorrectly and unreasonably believed that he was legally entitled to the ring. Rule: The crime of burglary requires that the breaking and entering of the dwelling have been done at night, with the intent to commit an underlying felony (in most cases, larceny). The man's subjective belief that he was entitled to the ring (even…",132
13,17522,"Evelyn was shot during a robbery. As paramedics worked to stabilize her, she told a detective who had arrived at the scene that the shooter was ""the man who works at the corner store, everyone calls him Nino."" Evelyn stated…",Crawford itself noted that dying declarations may represent a historical exception,C,"Yes, because dying declarations are a historical exception that survives the Confrontation Clause even when testimonial",Crawford left open whether dying declarations survive the Confrontation Clause; the majority of courts hold that dying declarations are a historical exception that predates and therefore survives Crawford,B,"No, because Evelyn's statement is testimonial and Nino lacked any prior opportunity to cross-examine her","013. ID 17522 | Pattern: Evelyn was shot during a robbery. As paramedics worked to stabilize her, she told a detective who had arrived at the scene that the shooter was ""the man who works at the corner store, everyone calls him Nino."" Evelyn stated… | Trap: Crawford itself noted that dying declarations may represent a historical exception | Look for: C — Yes, because dying declarations are a historical exception that survives the Confrontation Clause even when testimonial. Rule: Crawford left open whether dying declarations survive the Confrontation Clause; the majority of courts hold that dying declarations are a historical exception that predates and therefore survives Crawford",108
14,18171,"Tariq robbed a jewelry store at gunpoint. A security guard fired at Tariq during the robbery, missed, and killed a shopper. The jurisdiction expressly follows the proximate-cause theory of felony murder. Tariq was charged with felony murder for the shopper's…","The question expressly supplies proximate-cause theory. Under that theory, liability can attach when the felony proximately causes the death",C,"Yes, because the armed robbery proximately caused the guard's responsive shot and the shopper's death","If the jurisdiction supplies the proximate-cause theory, felony murder can attach to deaths proximately caused by the felony, even when the immediate shooter is a resisting non-felon",A,"No, because the guard, not Tariq or a co-felon, fired the fatal shot","014. ID 18171 | Pattern: Tariq robbed a jewelry store at gunpoint. A security guard fired at Tariq during the robbery, missed, and killed a shopper. The jurisdiction expressly follows the proximate-cause theory of felony murder. Tariq was charged with felony murder for the shopper's… | Trap: The question expressly supplies proximate-cause theory. Under that theory, liability can attach when the felony proximately causes the death | Look for: C — Yes, because the armed robbery proximately caused the guard's responsive shot and the shopper's death. Rule: If the jurisdiction supplies the proximate-cause theory, felony murder can attach to deaths proximately caused by the felony, even when the immediate shooter is a resisting non-felon",114
15,18371,"A defendant was upset because he was going to have to close his liquor store due to competition from a discount store in a new shopping mall nearby. In desperation, he decided to set fire to his store to collect…",Negligence alone is insufficient proof of malicious burning; recklessness combined with the obvious risk demonstrates malice,A,"guilty, because he could have put out the fire before it spread and did not do so because he wanted the building destroyed","Arson is not a specific intent crime; instead, it requires malice on the part of the defendant",C,"not guilty, because even if he wanted to burn the building there was no concurrence between his mens rea and the act of starting the fire.","015. ID 18371 | Pattern: A defendant was upset because he was going to have to close his liquor store due to competition from a discount store in a new shopping mall nearby. In desperation, he decided to set fire to his store to collect… | Trap: Negligence alone is insufficient proof of malicious burning; recklessness combined with the obvious risk demonstrates malice | Look for: A — guilty, because he could have put out the fire before it spread and did not do so because he wanted the building destroyed. Rule: Arson is not a specific intent crime; instead, it requires malice on the part of the defendant",109
16,18484,Samuel was indicted for aggravated robbery. Police conducted a post-indictment in-person lineup without notifying Samuel's defense counsel. The store clerk who witnessed the robbery identified Samuel at the lineup. The trial court correctly suppressed the lineup identification as a violation…,United States v. Wade* recognized that suppression of the out-of-court identification does not automatically require suppression of an in-court identification,B,"No, because the clerk's in-court identification rests on an independent source — her direct observation of the robbery — that is untainted by the suppressed lineup","When a pretrial identification is suppressed as constitutionally tainted, the prosecution may still offer an in-court identification if the witness has an independent source of knowledge — a basis to identify the defendant untainted by the unlawful procedure — such as a…",A,"No, because once a lineup identification is suppressed, all subsequent identifications by the same witness are automatically barred as fruit of the poisonous tree","016. ID 18484 | Pattern: Samuel was indicted for aggravated robbery. Police conducted a post-indictment in-person lineup without notifying Samuel's defense counsel. The store clerk who witnessed the robbery identified Samuel at the lineup. The trial court correctly suppressed the lineup identification as a violation… | Trap: United States v. Wade* recognized that suppression of the out-of-court identification does not automatically require suppression of an in-court identification | Look for: B — No, because the clerk's in-court identification rests on an independent source — her direct observation of the robbery — that is untainted by the suppressed lineup. Rule: When a pretrial identification is suppressed as constitutionally tainted, the prosecution may still offer an in-court identification if the witness has an independent source of knowledge — a basis to identify the defendant untainted by the unlawful procedure — such as a…",141
17,18884,"A witness saw a masked robber for about two seconds at night from across a parking lot. Six weeks later, police showed the witness a single photograph and said, ""This is the person we caught."" The witness hesitated, then identified…",Due process can require suppression when police-arranged suggestiveness and unreliability create a substantial likelihood of misidentification,A,"Yes, because the police-arranged single-photo procedure was suggestive and the reliability factors are weak",A police-arranged identification violates due process when it is unnecessarily suggestive and creates a substantial likelihood of irreparable misidentification,B,"No, because witness identifications are always for the jury to weigh","017. ID 18884 | Pattern: A witness saw a masked robber for about two seconds at night from across a parking lot. Six weeks later, police showed the witness a single photograph and said, ""This is the person we caught."" The witness hesitated, then identified… | Trap: Due process can require suppression when police-arranged suggestiveness and unreliability create a substantial likelihood of misidentification | Look for: A — Yes, because the police-arranged single-photo procedure was suggestive and the reliability factors are weak. Rule: A police-arranged identification violates due process when it is unnecessarily suggestive and creates a substantial likelihood of irreparable misidentification",102
18,19846,Lena borrowed her aunt's car for the weekend with permission and carried the keys. She was the only occupant when police stopped the car for no valid reason and searched the center console without consent or any warrant exception. They…,"Lawful possession, control, and permission to use the car can create a reasonable expectation of privacy",B,Lena has standing because she lawfully possessed and controlled the borrowed car with the owner's permission,Lawful possession and control can create a reasonable expectation of privacy in a vehicle; title ownership is not the only path to standing,A,Lena lacks standing because she was not the car's titled owner,"018. ID 19846 | Pattern: Lena borrowed her aunt's car for the weekend with permission and carried the keys. She was the only occupant when police stopped the car for no valid reason and searched the center console without consent or any warrant exception. They… | Trap: Lawful possession, control, and permission to use the car can create a reasonable expectation of privacy | Look for: B — Lena has standing because she lawfully possessed and controlled the borrowed car with the owner's permission. Rule: Lawful possession and control can create a reasonable expectation of privacy in a vehicle; title ownership is not the only path to standing",108
19,19651,"A woman told a man to accompany her into her friend's unlocked barn and retrieve an expensive black saddle that she said she had loaned to the friend. The man accompanied the woman to the friend's barn, opened the door…",The friend and the man lacked the requisite criminal intent,D,Only the woman,"Only the woman had the requisite criminal intent. Burglary requires unlawful entry with intent to commit a felony (in this case, larceny)",C,The man and the woman.,"019. ID 19651 | Pattern: A woman told a man to accompany her into her friend's unlocked barn and retrieve an expensive black saddle that she said she had loaned to the friend. The man accompanied the woman to the friend's barn, opened the door… | Trap: The friend and the man lacked the requisite criminal intent | Look for: D — Only the woman. Rule: Only the woman had the requisite criminal intent. Burglary requires unlawful entry with intent to commit a felony (in this case, larceny)",88
20,17884,"Defendant is convicted by a jury of second-degree assault, which carries a maximum sentence of five years. At sentencing, the judge finds by a preponderance of the evidence that the assault was motivated by racial bias—a fact not submitted to…",Apprendi v. New Jersey (2000) held that the Sixth Amendment right to jury trial extends to any fact (other than a prior conviction) that increases the penalty beyond the statutory…,C,"Yes, because the racial bias finding increased the sentence beyond the five-year maximum authorized by the jury's verdict, and that finding was required to be submitted…","Under Apprendi v. New Jersey, any fact other than a prior conviction that increases the penalty beyond the prescribed statutory maximum must be submitted to the jury and proved beyond a reasonable doubt; judicial fact-finding that increases the maximum is unconstitutional",A,"No, because sentencing facts are traditionally found by judges, and the Sixth Amendment right to jury trial does not extend to the sentencing phase","020. ID 17884 | Pattern: Defendant is convicted by a jury of second-degree assault, which carries a maximum sentence of five years. At sentencing, the judge finds by a preponderance of the evidence that the assault was motivated by racial bias—a… | Trap: Apprendi v. New Jersey (2000) held that the Sixth Amendment right to jury trial extends to any fact (other than a prior conviction) that increases the penalty beyond… | Look for: C — Yes, because the racial bias finding increased the sentence beyond the five-year maximum authorized by the jury's verdict, and that finding was required to…. Rule: Under Apprendi v. New Jersey, any fact other than a prior conviction that increases the penalty beyond the prescribed statutory maximum must be submitted to the jury and proved beyond a reasonable doubt; judicial fact-finding that increases the…",139
21,21489,"An officer sought a warrant to search Sol's home. The affidavit stated that an informant had bought drugs inside the home that morning. In fact, the officer knew the informant had only walked past the home and guessed drugs were…",Good faith does not apply when the officer misled the magistrate with a knowingly or recklessly false material statement,C,"No, because the officer knowingly or recklessly included a false statement necessary to probable cause",The good-faith exception fails when the affiant knowingly or recklessly misleads the magistrate,A,"Yes, because a magistrate issued the warrant","021. ID 21489 | Pattern: An officer sought a warrant to search Sol's home. The affidavit stated that an informant had bought drugs inside the home that morning. In fact, the officer knew the informant had only walked past the home and guessed drugs were… | Trap: Good faith does not apply when the officer misled the magistrate with a knowingly or recklessly false material statement | Look for: C — No, because the officer knowingly or recklessly included a false statement necessary to probable cause. Rule: The good-faith exception fails when the affiant knowingly or recklessly misleads the magistrate",100
22,14724,"In a crowded football stadium, a man saw a wallet fall out of a spectator's purse. The man picked up the wallet and found that it contained $100 in cash. Thinking that he could use the money and seeing no…","Because the spectator never entrusted the man with the wallet, the man is guilty of larceny rather than embezzlement",C,Larceny,The initial taking of the wallet was a trespass because the man knew that the wallet belonged to the spectator and he intended to convert the wallet to his own use in permanent deprivation of the spectator's right,A,Embezzlement.,"022. ID 14724 | Pattern: In a crowded football stadium, a man saw a wallet fall out of a spectator's purse. The man picked up the wallet and found that it contained $100 in cash. Thinking that he could use the money and seeing no… | Trap: Because the spectator never entrusted the man with the wallet, the man is guilty of larceny rather than embezzlement | Look for: C — Larceny. Rule: The initial taking of the wallet was a trespass because the man knew that the wallet belonged to the spectator and he intended to convert the wallet to his own use in permanent deprivation of the spectator's right",111
23,17337,"Gina and Raul conspire to steal a truckload of electronics and split the goods. They complete the theft and divide the goods. A week later, without telling Gina, Raul burns a storage shed to destroy evidence of his own fingerprints.…",Concealment extends the conspiracy only when it is part of the agreed objective or otherwise in furtherance of an ongoing conspiracy,A,The arson occurred after the conspiracy's theft objective was complete and was not part of the original agreement,A conspiracy generally ends when its central objective is achieved or abandoned; later concealment acts are not automatically in furtherance unless concealment was part of the original agreement,C,Gina is liable because she once conspired with Raul,"023. ID 17337 | Pattern: Gina and Raul conspire to steal a truckload of electronics and split the goods. They complete the theft and divide the goods. A week later, without telling Gina, Raul burns a storage shed to destroy evidence of his own fingerprints.… | Trap: Concealment extends the conspiracy only when it is part of the agreed objective or otherwise in furtherance of an ongoing conspiracy | Look for: A — The arson occurred after the conspiracy's theft objective was complete and was not part of the original agreement. Rule: A conspiracy generally ends when its central objective is achieved or abandoned; later concealment acts are not automatically in furtherance unless concealment was part of the original agreement",120
24,16088,"After being arrested and charged with bribery, the defendant spent one night in a detention cell at the county jail. The informant, who had been arrested on a charge unrelated to the defendant's case, was assigned to the same detention…","e., while the defendant was clearly in custody), the statements in question were not made at that time",D,"No, because the defendant was not in police custody when he admitted his guilt to the informant","Because of the inherently coercive nature of police custody, the United States Supreme Court held (in Miranda) that inculpatory statements resulting from custodial interrogation of a defendant are inadmissible unless the defendant received certain warnings prior to making the statements",A,"Yes, because the police asked for the informant's help before putting him in a cell with the defendant.","024. ID 16088 | Pattern: After being arrested and charged with bribery, the defendant spent one night in a detention cell at the county jail. The informant, who had been arrested on a charge unrelated to the defendant's case, was assigned to the same detention… | Trap: e., while the defendant was clearly in custody), the statements in question were not made at that time | Look for: D — No, because the defendant was not in police custody when he admitted his guilt to the informant. Rule: Because of the inherently coercive nature of police custody, the United States Supreme Court held (in Miranda) that inculpatory statements resulting from custodial interrogation of a defendant are inadmissible unless the defendant received certain warnings prior to making the statements",128
25,21197,"Guards removed Lina from her cell, handcuffed her to a wall in a locked interview room, and told her she could not return to her unit until detectives finished questioning her about a new assault charge. Detectives questioned her for…",Counsel is not automatically required for every prison question,A,"Yes, because the added restraints made the interrogation custodial and no warnings were given",An inmate is in Miranda custody for a new interrogation when the setting adds restraint comparable to formal arrest for that investigation,C,"No, because Lina was already in prison before the questioning began","025. ID 21197 | Pattern: Guards removed Lina from her cell, handcuffed her to a wall in a locked interview room, and told her she could not return to her unit until detectives finished questioning her about a new assault charge. Detectives questioned her for… | Trap: Counsel is not automatically required for every prison question | Look for: A — Yes, because the added restraints made the interrogation custodial and no warnings were given. Rule: An inmate is in Miranda custody for a new interrogation when the setting adds restraint comparable to formal arrest for that investigation",98
26,21707,"Because of a severe psychotic disorder, Lior believed his sleeping roommate was a wax statue placed in the room as a prank. Acting under that delusion, Lior struck the roommate repeatedly with a hammer, killing him. The jurisdiction uses the…",Mental illness alone is not enough. It must satisfy the jurisdiction's legal test,A,"Yes, because his mental disease prevented him from knowing the nature and quality of his act","Under M'Naghten, insanity applies if, because of mental disease or defect, the defendant did not know the nature and quality of the act or did not know it was wrong",C,"No, because Lior intentionally swung the hammer","026. ID 21707 | Pattern: Because of a severe psychotic disorder, Lior believed his sleeping roommate was a wax statue placed in the room as a prank. Acting under that delusion, Lior struck the roommate repeatedly with a hammer, killing him. The jurisdiction uses the… | Trap: Mental illness alone is not enough. It must satisfy the jurisdiction's legal test | Look for: A — Yes, because his mental disease prevented him from knowing the nature and quality of his act. Rule: Under M'Naghten, insanity applies if, because of mental disease or defect, the defendant did not know the nature and quality of the act or did not know it was wrong",112
27,20233,"Ramos was charged with drug trafficking. The government's key witness was Acosta, a co-conspirator who agreed to testify for the government. Before trial, the prosecutor made a written agreement with Acosta promising that Acosta would receive a substantially reduced sentence…",Giglio v. United States* (1972) extended Brady's disclosure obligation to impeachment evidence — including deals with witnesses,C,"Yes, because a leniency deal with the key government witness is impeachment evidence that must be disclosed under *Giglio v. United States*","Under *Giglio v. United States*, the prosecution's Brady duty extends to evidence that could be used to impeach a key government witness, including promises of leniency or deals made with the witness in exchange for testimony",A,"No, because the agreement did not directly prove Ramos's innocence and therefore is not exculpatory under Brady","027. ID 20233 | Pattern: Ramos was charged with drug trafficking. The government's key witness was Acosta, a co-conspirator who agreed to testify for the government. Before trial, the prosecutor made a written agreement with Acosta promising that Acosta would receive a substantially reduced sentence… | Trap: Giglio v. United States* (1972) extended Brady's disclosure obligation to impeachment evidence — including deals with witnesses | Look for: C — Yes, because a leniency deal with the key government witness is impeachment evidence that must be disclosed under *Giglio v. United States*. Rule: Under *Giglio v. United States*, the prosecution's Brady duty extends to evidence that could be used to impeach a key government witness, including promises of leniency or deals made with the witness in exchange for testimony",128
28,18102,"During a heated argument at a poker game, Pete slammed his fist on the table and shouted at his friend Ross: ""You've been cheating all night — somebody ought to kill you!"" Pete and Ross had been friends for fifteen…",Solicitation requires specific intent that the solicited person actually commit the crime,C,"No, because the statement lacked specific intent that anyone actually commit murder",Criminal solicitation requires that the defendant specifically intend that the person solicited commit the crime; a request made without genuine intent that the crime be carried out is not solicitation,A,"Yes, because Pete verbally communicated a request for another person to commit murder","028. ID 18102 | Pattern: During a heated argument at a poker game, Pete slammed his fist on the table and shouted at his friend Ross: ""You've been cheating all night — somebody ought to kill you!"" Pete and Ross had been friends for fifteen… | Trap: Solicitation requires specific intent that the solicited person actually commit the crime | Look for: C — No, because the statement lacked specific intent that anyone actually commit murder. Rule: Criminal solicitation requires that the defendant specifically intend that the person solicited commit the crime; a request made without genuine intent that the crime be carried out is not solicitation",107
29,18442,"At arraignment on a felony charge, Dana appears without counsel. The judge asks for a plea. Dana, not understanding available defenses, pleads guilty. The court never obtains a waiver of counsel. Dana later challenges the plea",A stage can be critical even without witnesses if rights are affected or a plea is entered,A,"Arraignment was a critical stage because Dana entered a guilty plea, and she had no counsel or valid waiver",Arraignment is a critical stage when important rights may be lost or pleas entered; an uncounseled plea at arraignment can violate the Sixth Amendment absent valid waiver,C,The plea is valid because counsel is required only at trial,"029. ID 18442 | Pattern: At arraignment on a felony charge, Dana appears without counsel. The judge asks for a plea. Dana, not understanding available defenses, pleads guilty. The court never obtains a waiver of counsel. Dana later challenges the plea | Trap: A stage can be critical even without witnesses if rights are affected or a plea is entered | Look for: A — Arraignment was a critical stage because Dana entered a guilty plea, and she had no counsel or valid waiver. Rule: Arraignment is a critical stage when important rights may be lost or pleas entered; an uncounseled plea at arraignment can violate the Sixth Amendment absent valid waiver",112
30,20089,"Without a warrant, officers crawl under a suspect's car parked in a public lot and attach a GPS tracker. They monitor the car's movements for three weeks and use the data to connect the suspect to several robberies. Was attaching…",Physical attachment of a device to obtain information is a search even if the vehicle later travels publicly,B,"Yes, because officers physically trespassed on the vehicle to install a device for information gathering",Physically attaching a GPS device to a vehicle to obtain information is a Fourth Amendment search,A,"No, because the car traveled only on public roads where anyone could watch it","030. ID 20089 | Pattern: Without a warrant, officers crawl under a suspect's car parked in a public lot and attach a GPS tracker. They monitor the car's movements for three weeks and use the data to connect the suspect to several robberies. Was attaching… | Trap: Physical attachment of a device to obtain information is a search even if the vehicle later travels publicly | Look for: B — Yes, because officers physically trespassed on the vehicle to install a device for information gathering. Rule: Physically attaching a GPS device to a vehicle to obtain information is a Fourth Amendment search",102
31,17104,"Evelyn suffers from severe schizophrenia. During a psychotic episode, she strangles her neighbor, believing she is squeezing the juice from a giant orange. She has no awareness that she is harming a human being. She is charged with murder and…","The ""nature and quality"" prong under M'Naghten asks whether the defendant knew what she was actually doing — that she was killing a human being, not squeezing an orange",C,"Yes, because Evelyn did not know the nature and quality of her act — she believed she was squeezing an orange, not harming a person","Under M'Naghten, a defendant is not guilty by reason of insanity if, at the time of the act, due to a mental disease, she either (1) did not know the nature and quality of the act, or (2) did not know the…",A,"No, because Evelyn knew she was performing a physical act (squeezing)","031. ID 17104 | Pattern: Evelyn suffers from severe schizophrenia. During a psychotic episode, she strangles her neighbor, believing she is squeezing the juice from a giant orange. She has no awareness that she is harming a human being. She is charged with murder and… | Trap: The ""nature and quality"" prong under M'Naghten asks whether the defendant knew what she was actually doing — that she was killing a human being, not squeezing an orange | Look for: C — Yes, because Evelyn did not know the nature and quality of her act — she believed she was squeezing an orange, not harming a person. Rule: Under M'Naghten, a defendant is not guilty by reason of insanity if, at the time of the act, due to a mental disease, she either (1) did not know the nature and quality of the act, or (2) did not know the…",149
32,21607,"After voluntarily drinking for hours, Reed fires a gun several times into the ceiling of a crowded apartment. One bullet ricochets and kills a guest. Reed is charged with second-degree murder based on extreme recklessness, often called depraved-heart malice. Reed…",Voluntary intoxication generally does not negate malice or recklessness,C,It generally does not defeat depraved-heart murder because voluntary intoxication does not negate malice recklessness,"Voluntary intoxication generally does not negate malice, recklessness, negligence, or general intent; it is limited to specific-intent mental elements",A,It defeats murder because intoxication prevents malice,"032. ID 21607 | Pattern: After voluntarily drinking for hours, Reed fires a gun several times into the ceiling of a crowded apartment. One bullet ricochets and kills a guest. Reed is charged with second-degree murder based on extreme recklessness, often called depraved-heart malice. Reed… | Trap: Voluntary intoxication generally does not negate malice or recklessness | Look for: C — It generally does not defeat depraved-heart murder because voluntary intoxication does not negate malice recklessness. Rule: Voluntary intoxication generally does not negate malice, recklessness, negligence, or general intent; it is limited to specific-intent mental elements",96
33,16151,"After being fired from his job, the defendant drank almost a quart of vodka and decided to ride the bus home. While on the bus, he saw a briefcase he mistakenly thought was his own, and began struggling with the…",Do not choose robbery when the defendant honestly believes the property is his; mistake can defeat the intent to steal property of another,B,"acquitted, because his mistake negated the required specific intent","Robbery is the: (1) taking, (2) of personal property of another, (3) from the other’s person or presence, (4) by force or intimidation, (5) with the intent to permanently deprive him of it. The intent required for robbery is the intent to…",B,"acquitted, because his mistake negated the required specific intent.","033. ID 16151 | Pattern: After being fired from his job, the defendant drank almost a quart of vodka and decided to ride the bus home. While on the bus, he saw a briefcase he mistakenly thought was his own, and began struggling with the… | Trap: Do not choose robbery when the defendant honestly believes the property is his; mistake can defeat the intent to steal property of another | Look for: B — acquitted, because his mistake negated the required specific intent. Rule: Robbery is the: (1) taking, (2) of personal property of another, (3) from the other’s person or presence, (4) by force or intimidation, (5) with the intent to permanently deprive him of it. The intent required for robbery is the intent to…",127
34,17279,"While hunting at dusk, Petra saw movement in brush near a marked trail. Without identifying the target, she fired once, believing it was a deer. The shot killed a hiker. Petra had ignored a safety rule requiring hunters to confirm…","The facts show negligent failure to identify a target, not intent or conscious extreme indifference to human life",B,"Involuntary manslaughter, because Petra's criminal negligence caused the hiker's death",Criminally negligent conduct causing death supports involuntary manslaughter when the risk is serious but does not show the extreme conscious disregard required for depraved-heart murder,C,"No homicide liability, because Petra honestly believed she was shooting at a deer","034. ID 17279 | Pattern: While hunting at dusk, Petra saw movement in brush near a marked trail. Without identifying the target, she fired once, believing it was a deer. The shot killed a hiker. Petra had ignored a safety rule requiring hunters to confirm… | Trap: The facts show negligent failure to identify a target, not intent or conscious extreme indifference to human life | Look for: B — Involuntary manslaughter, because Petra's criminal negligence caused the hiker's death. Rule: Criminally negligent conduct causing death supports involuntary manslaughter when the risk is serious but does not show the extreme conscious disregard required for depraved-heart murder",106
35,14599,A state enacted a statute to regulate administratively the conduct of motor vehicle junkyard businesses in order to deter motor vehicle theft and trafficking in stolen motor vehicles or parts thereof. The statute requires a junkyard owner or operator to…,"The discretion of the officers is not unbridled; it is limited in time, place, and scope",C,"denied, because the statute deals reasonably with a highly regulated industry","Because commercial property owners in highly regulated industries have a lower expectation of privacy, and thus are subject to warrantless inspections of those properties, the statute here is constitutional",A,"sustained, because the statute grants unbridled discretion to law enforcement officers to make warrantless searches.","035. ID 14599 | Pattern: A state enacted a statute to regulate administratively the conduct of motor vehicle junkyard businesses in order to deter motor vehicle theft and trafficking in stolen motor vehicles or parts thereof. The statute requires a junkyard owner or operator to… | Trap: The discretion of the officers is not unbridled; it is limited in time, place, and scope | Look for: C — denied, because the statute deals reasonably with a highly regulated industry. Rule: Because commercial property owners in highly regulated industries have a lower expectation of privacy, and thus are subject to warrantless inspections of those properties, the statute here is constitutional",109
36,18355,"Gabrielle was indicted for armed robbery. Three days after the indictment, police conducted a lineup without notifying Gabrielle's appointed attorney. The victim identified Gabrielle in the lineup. At trial, the prosecution called the victim to testify. The victim testified both…","The post-indictment lineup was a critical stage. Absent counsel, the lineup identification is per se inadmissible",C,"The lineup identification is inadmissible, but the in-court identification may be admitted if supported by an independent source",A post-indictment lineup is a critical stage of prosecution; absence of counsel renders identification evidence inadmissible unless an independent source for the in-court identification is established,B,Both identifications are inadmissible as fruit of the uncounseled lineup,"036. ID 18355 | Pattern: Gabrielle was indicted for armed robbery. Three days after the indictment, police conducted a lineup without notifying Gabrielle's appointed attorney. The victim identified Gabrielle in the lineup. At trial, the prosecution called the victim to testify. The victim testified both… | Trap: The post-indictment lineup was a critical stage. Absent counsel, the lineup identification is per se inadmissible | Look for: C — The lineup identification is inadmissible, but the in-court identification may be admitted if supported by an independent source. Rule: A post-indictment lineup is a critical stage of prosecution; absence of counsel renders identification evidence inadmissible unless an independent source for the in-court identification is established",113
37,19882,"Greta believed that it was illegal to purchase a particular imported cheese without a special government permit. Acting on this belief, she purchased a wheel of the cheese from a local gourmet shop, believing she was committing a crime. In…","At common law, true legal impossibility is a complete defense",B,The defense succeeds because the completed act would not have been a crime,"At common law, true legal impossibility — where the defendant's completed acts, even as she believed them to be, would not constitute a crime — is a defense to attempt",A,The defense fails because Greta's intent to commit a crime is sufficient for attempt,"037. ID 19882 | Pattern: Greta believed that it was illegal to purchase a particular imported cheese without a special government permit. Acting on this belief, she purchased a wheel of the cheese from a local gourmet shop, believing she was committing a crime. In… | Trap: At common law, true legal impossibility is a complete defense | Look for: B — The defense succeeds because the completed act would not have been a crime. Rule: At common law, true legal impossibility — where the defendant's completed acts, even as she believed them to be, would not constitute a crime — is a defense to attempt",106
38,16183,"A defendant was charged with and tried for murder. At trial, the defendant testified that he had acted in self-defense. The trial court instructed the jury that the defendant had the burden of proving by a preponderance of the evidence…",Do not make the prosecution disprove every affirmative defense beyond a reasonable doubt; due process requires proof of the crime elements,A,"No, because due process does not preclude requiring a defendant to prove self-defense by a preponderance of the evidence",” The Due Process Clause (of both the Fifth and Fourteenth Amendments) protects a criminal defendant against conviction except upon proof beyond a reasonable doubt of every fact necessary to establish each element of the crime,D,"Yes, because due process precludes requiring a criminal defendant to bear the burden on an issue that would make an act lawful.","038. ID 16183 | Pattern: A defendant was charged with and tried for murder. At trial, the defendant testified that he had acted in self-defense. The trial court instructed the jury that the defendant had the burden of proving by a preponderance of the evidence… | Trap: Do not make the prosecution disprove every affirmative defense beyond a reasonable doubt; due process requires proof of the crime elements | Look for: A — No, because due process does not preclude requiring a defendant to prove self-defense by a preponderance of the evidence. Rule: ” The Due Process Clause (of both the Fifth and Fourteenth Amendments) protects a criminal defendant against conviction except upon proof beyond a reasonable doubt of every fact necessary to establish each element of the crime",129
39,14675,"Suffering from painful and terminal cancer, a wife persuaded her husband to kill her to end her misery. As they reminisced about their life together and reaffirmed their love for each other, the husband tried to discourage the wife from…","A ""good"" motive for murder is not a legally acceptable defense to a murder charge",D,murder,"The husband, with deliberation and premeditation, and with the intent to kill his wife, put a gun to her head and shot her",C,voluntary manslaughter.,"039. ID 14675 | Pattern: Suffering from painful and terminal cancer, a wife persuaded her husband to kill her to end her misery. As they reminisced about their life together and reaffirmed their love for each other, the husband tried to discourage the wife from… | Trap: A ""good"" motive for murder is not a legally acceptable defense to a murder charge | Look for: D — murder. Rule: The husband, with deliberation and premeditation, and with the intent to kill his wife, put a gun to her head and shot her",92
40,21320,"Hector aimed a pistol at Victor intending to kill him. Victor ducked as Hector fired, and the bullet struck and killed Paula, who was standing behind Victor. Hector was charged with murder for Paula's death. Is Hector guilty of murder…",Intent to kill transfers for completed homicide. Hector's intent to kill Victor supplies the malice for Paula's death,C,"Yes, because his intent to kill Victor transfers to Paula's completed homicide","For completed homicide, intent to kill the intended victim can transfer to an unintended victim who is actually killed",A,"No, because Hector intended to kill Victor, not Paula","040. ID 21320 | Pattern: Hector aimed a pistol at Victor intending to kill him. Victor ducked as Hector fired, and the bullet struck and killed Paula, who was standing behind Victor. Hector was charged with murder for Paula's death. Is Hector guilty of murder… | Trap: Intent to kill transfers for completed homicide. Hector's intent to kill Victor supplies the malice for Paula's death | Look for: C — Yes, because his intent to kill Victor transfers to Paula's completed homicide. Rule: For completed homicide, intent to kill the intended victim can transfer to an unintended victim who is actually killed",102
41,14676,"A teenager's high school teacher told her that she was going to receive a failing grade in history, which would prevent her from graduating. Furious, she reported to the principal that the teacher had fondled her, and the teacher was…",A charge of manslaughter does not require proof of intent to kill,A,committed no act that proximately caused the teacher's death,"The teacher committed suicide, and the teenager committed no act that was a proximate cause of the teacher's death",B,did not intend to cause the teacher's death.,"041. ID 14676 | Pattern: A teenager's high school teacher told her that she was going to receive a failing grade in history, which would prevent her from graduating. Furious, she reported to the principal that the teacher had fondled her, and the teacher was… | Trap: A charge of manslaughter does not require proof of intent to kill | Look for: A — committed no act that proximately caused the teacher's death. Rule: The teacher committed suicide, and the teenager committed no act that was a proximate cause of the teacher's death",93
42,18029,"During a psychotic episode, Bianca attacks a sleeping person with a heavy lamp while believing she is striking a department-store mannequin. She understands that she is swinging a lamp, but she does not understand that the object is a human…","The nature-and-quality inquiry asks whether she understood what she was actually doing, including that she was striking a person rather than an object",C,"Yes, because she did not know the nature and quality of the act due to mental disease","M'Naghten is satisfied if, due to mental disease, the defendant did not know the nature and quality of the act",A,"No, because Bianca knew she was swinging a lamp","042. ID 18029 | Pattern: During a psychotic episode, Bianca attacks a sleeping person with a heavy lamp while believing she is striking a department-store mannequin. She understands that she is swinging a lamp, but she does not understand that the object is a human… | Trap: The nature-and-quality inquiry asks whether she understood what she was actually doing, including that she was striking a person rather than an object | Look for: C — Yes, because she did not know the nature and quality of the act due to mental disease. Rule: M'Naghten is satisfied if, due to mental disease, the defendant did not know the nature and quality of the act",113
43,19042,"At the defendant's trial on criminal charges, undisputed evidence established that the defendant and his friend had planned to take a certain fur coat from the victim's fur shop by threatening the victim with a pistol carried by the friend…",Do not require the defendant to aid the actual shooting; an accomplice to armed robbery is liable for foreseeable killings in furtherance of the robbery,A,"guilty, because she and the friend planned to take the coat by threatening the victim with the friend's pistol",Self-defense is a privilege to use reasonable force to defend oneself against the use of force,D,"not guilty, because she did not aid or abet the friend in shooting the victim.","043. ID 19042 | Pattern: At the defendant's trial on criminal charges, undisputed evidence established that the defendant and his friend had planned to take a certain fur coat from the victim's fur shop by threatening the victim with a pistol carried by the friend… | Trap: Do not require the defendant to aid the actual shooting; an accomplice to armed robbery is liable for foreseeable killings in furtherance of the robbery | Look for: A — guilty, because she and the friend planned to take the coat by threatening the victim with the friend's pistol. Rule: Self-defense is a privilege to use reasonable force to defend oneself against the use of force",113
44,18518,"During a valid Terry stop, an officer reasonably suspects the suspect is armed and pats down the suspect's outer clothing. The officer feels a small soft pouch. It does not feel like a weapon. The officer squeezes and rolls it…","A frisk is for weapons, and plain-feel seizure requires immediately apparent contraband without manipulation",B,"No, because the officer manipulated a nonweapon item before its incriminating character became apparent","During a lawful frisk, plain-feel seizure is allowed only when contraband's incriminating character is immediately apparent without further manipulation",A,"Yes, because any lawful frisk permits seizure of evidence discovered by touch","044. ID 18518 | Pattern: During a valid Terry stop, an officer reasonably suspects the suspect is armed and pats down the suspect's outer clothing. The officer feels a small soft pouch. It does not feel like a weapon. The officer squeezes and rolls it… | Trap: A frisk is for weapons, and plain-feel seizure requires immediately apparent contraband without manipulation | Look for: B — No, because the officer manipulated a nonweapon item before its incriminating character became apparent. Rule: During a lawful frisk, plain-feel seizure is allowed only when contraband's incriminating character is immediately apparent without further manipulation",100
45,21273,"Nia tells Chris, ""If the night guard is alone when you pass the office, break in and take the payroll laptop."" Nia gives Chris the office code. Chris refuses and leaves. Nia is charged with solicitation to commit burglary. Which…",A conditional request can still intentionally seek criminal conduct if the condition occurs,B,Nia is guilty because she intentionally asked Chris to commit burglary if the stated condition occurred,A conditional request can still be solicitation if the defendant intentionally asks another person to commit a crime if the stated condition occurs,C,Nia is not guilty because Chris did not agree,"045. ID 21273 | Pattern: Nia tells Chris, ""If the night guard is alone when you pass the office, break in and take the payroll laptop."" Nia gives Chris the office code. Chris refuses and leaves. Nia is charged with solicitation to commit burglary. Which… | Trap: A conditional request can still intentionally seek criminal conduct if the condition occurs | Look for: B — Nia is guilty because she intentionally asked Chris to commit burglary if the stated condition occurred. Rule: A conditional request can still be solicitation if the defendant intentionally asks another person to commit a crime if the stated condition occurs",105
46,18992,"Officers applied for a warrant to search a suspect's house based on an affidavit containing information from a confidential informant. A judge issued the warrant. Officers executed the warrant in good faith and found cocaine. At a suppression hearing, the…","United States v. Leon created the good-faith exception: when officers execute a search warrant in objectively reasonable good faith, the evidence is not suppressible even if the warrant is later…",C,"No, because officers reasonably relied on a facially valid warrant issued by a neutral magistrate, and none of the four Leon exceptions applies; suppression would not…","Evidence seized pursuant to a facially valid warrant is admissible even if the warrant is later found defective, unless (1) the magistrate was misled by deliberate or reckless falsehoods, (2) the magistrate wholly abandoned his judicial role, (3) the affidavit was so…",A,"Yes, because if the warrant was based on insufficient probable cause, the evidence is always suppressible regardless of the officers' good faith","046. ID 18992 | Pattern: Officers applied for a warrant to search a suspect's house based on an affidavit containing information from a confidential informant. A judge issued the warrant. Officers executed the warrant in good faith and found cocaine. At… | Trap: United States v. Leon created the good-faith exception: when officers execute a search warrant in objectively reasonable good faith, the evidence is not suppressible even if the warrant… | Look for: C — No, because officers reasonably relied on a facially valid warrant issued by a neutral magistrate, and none of the four Leon exceptions applies; suppression…. Rule: Evidence seized pursuant to a facially valid warrant is admissible even if the warrant is later found defective, unless (1) the magistrate was misled by deliberate or reckless falsehoods, (2) the magistrate wholly abandoned his judicial role, (3)…",139
47,20654,"Marcus has a severe impulse-control disorder recognized by psychiatrists as a legitimate mental disease. He has been examined and found to understand fully that stealing is illegal and wrong. Despite this knowledge, he experiences overwhelming uncontrollable urges to steal whenever…",The question specifies a jurisdiction that uses M'Naghten plus the irresistible-impulse supplement,C,Marcus may have an insanity defense under the irresistible-impulse supplement because he could not conform his conduct to the law despite knowing it was wrong,"The irresistible-impulse test supplements M'Naghten by excusing a defendant who, due to mental disease, knew the act was wrong but was unable to control his conduct; M'Naghten alone does not recognize the volitional prong",A,Marcus has no insanity defense because he knew stealing was wrong,"047. ID 20654 | Pattern: Marcus has a severe impulse-control disorder recognized by psychiatrists as a legitimate mental disease. He has been examined and found to understand fully that stealing is illegal and wrong. Despite this knowledge, he experiences overwhelming uncontrollable urges to steal whenever… | Trap: The question specifies a jurisdiction that uses M'Naghten plus the irresistible-impulse supplement | Look for: C — Marcus may have an insanity defense under the irresistible-impulse supplement because he could not conform his conduct to the law despite knowing it was wrong. Rule: The irresistible-impulse test supplements M'Naghten by excusing a defendant who, due to mental disease, knew the act was wrong but was unable to control his conduct; M'Naghten alone does not recognize the volitional prong",124
48,14556,"FBI agents, without a warrant and without permission of Mexican law enforcement or judicial officers, entered Mexico, kidnapped an American citizen wanted in the United States for drug smuggling violations, and forcibly drove him back to Texas. Thereafter, the agents…","Because an unlawful arrest by itself has no bearing on a subsequent criminal prosecution, neither motion to dismiss should be granted",D,deny the motions of both the kidnapped person and the woman,"Although the kidnapped person and the woman may have been arrested in violation of the Fourth Amendment, the proper remedy for that violation is not the dismissal of the indictment against them",B,grant the motion of the kidnapped person and deny the motion of the woman.,"048. ID 14556 | Pattern: FBI agents, without a warrant and without permission of Mexican law enforcement or judicial officers, entered Mexico, kidnapped an American citizen wanted in the United States for drug smuggling violations, and forcibly drove him back to Texas. Thereafter, the agents… | Trap: Because an unlawful arrest by itself has no bearing on a subsequent criminal prosecution, neither motion to dismiss should be granted | Look for: D — deny the motions of both the kidnapped person and the woman. Rule: Although the kidnapped person and the woman may have been arrested in violation of the Fourth Amendment, the proper remedy for that violation is not the dismissal of the indictment against them",117
49,16160,"At 11:00 p.m., a husband and his wife were accosted in the entrance to their apartment building by the defendant, who was armed as well as masked. The defendant ordered the couple to take him into their apartment. After they…","Do not miss constructive breaking or felony murder; forced entry into an apartment plus robbery can support burglary, robbery, and murder",A,"burglary, robbery, and murder","Let’s take the crimes one at a time. First, let’s look at burglary",A,"burglary, robbery, and murder.","049. ID 16160 | Pattern: At 11:00 p.m., a husband and his wife were accosted in the entrance to their apartment building by the defendant, who was armed as well as masked. The defendant ordered the couple to take him into their apartment. After they… | Trap: Do not miss constructive breaking or felony murder; forced entry into an apartment plus robbery can support burglary, robbery, and murder | Look for: A — burglary, robbery, and murder. Rule: Let’s take the crimes one at a time. First, let’s look at burglary",91
50,18273,Talia voluntarily becomes intoxicated at a party and later has sex with a person who is under the statutory age of consent. The jurisdiction treats statutory rape as strict liability as to age. Talia argues she was too drunk to…,The jurisdiction makes age strict liability. There is no age-related mens rea for intoxication to negate,C,It is not a defense because age is a strict-liability element,Voluntary intoxication cannot defeat strict-liability crimes or strict-liability elements because no mens rea exists for intoxication to negate,A,It is a defense because intoxication prevented knowledge of age,050. ID 18273 | Pattern: Talia voluntarily becomes intoxicated at a party and later has sex with a person who is under the statutory age of consent. The jurisdiction treats statutory rape as strict liability as to age. Talia argues she was too drunk to… | Trap: The jurisdiction makes age strict liability. There is no age-related mens rea for intoxication to negate | Look for: C — It is not a defense because age is a strict-liability element. Rule: Voluntary intoxication cannot defeat strict-liability crimes or strict-liability elements because no mens rea exists for intoxication to negate,98
51,19369,"After receiving and waiving Miranda warnings, Jonah answered questions about a shooting. Halfway through, he said, ""Maybe I should talk to a lawyer if this gets serious."" The detectives continued questioning. Ten minutes later, Jonah admitted firing the gun. Should…","Invocation must be clear and unambiguous. ""Maybe I should talk to a lawyer if this gets serious"" is conditional and equivocal",C,"No, because Jonah's lawyer reference was ambiguous and did not invoke Miranda counsel",A suspect must invoke Miranda counsel unambiguously; ambiguous or equivocal references do not require questioning to cease,A,"Yes, because any mention of a lawyer invokes the right to counsel","051. ID 19369 | Pattern: After receiving and waiving Miranda warnings, Jonah answered questions about a shooting. Halfway through, he said, ""Maybe I should talk to a lawyer if this gets serious."" The detectives continued questioning. Ten minutes later, Jonah admitted firing the gun. Should… | Trap: Invocation must be clear and unambiguous. ""Maybe I should talk to a lawyer if this gets serious"" is conditional and equivocal | Look for: C — No, because Jonah's lawyer reference was ambiguous and did not invoke Miranda counsel. Rule: A suspect must invoke Miranda counsel unambiguously; ambiguous or equivocal references do not require questioning to cease",104
52,16095,"The defendant was the owner of a tavern. On two occasions in the recent past, thieves entered the defendant's tavern after closing time and stole several thousand dollars worth of liquor. In an attempt to protect himself against further thefts…","Although deadly force is not ordinarily considered reasonable in defense of mere property,",A,"not guilty, because the defendant reasonably believed that his life was in danger",A person is privileged by self-defense to use reasonable force to protect himself or herself against what reasonably appears to be an imminent threat of bodily harm,B,"guilty, because deadly force is not permitted in defense of property.","052. ID 16095 | Pattern: The defendant was the owner of a tavern. On two occasions in the recent past, thieves entered the defendant's tavern after closing time and stole several thousand dollars worth of liquor. In an attempt to protect himself against further thefts… | Trap: Although deadly force is not ordinarily considered reasonable in defense of mere property, | Look for: A — not guilty, because the defendant reasonably believed that his life was in danger. Rule: A person is privileged by self-defense to use reasonable force to protect himself or herself against what reasonably appears to be an imminent threat of bodily harm",106
53,20996,"Luca voluntarily takes a large amount of an illegal hallucinogen at a party. During the hallucination, he smashes a neighbor's window, believing the glass is a waterfall. He has no underlying mental disease and no evidence of chronic intoxication-related disorder.…",Acute voluntary intoxication is not a mental disease for insanity purposes,C,"No, because acute voluntary intoxication alone is not legal insanity","Acute voluntary intoxication is analyzed under intoxication doctrine, not insanity; insanity requires mental disease or defect",A,"Yes, because he did not understand reality while hallucinating","053. ID 20996 | Pattern: Luca voluntarily takes a large amount of an illegal hallucinogen at a party. During the hallucination, he smashes a neighbor's window, believing the glass is a waterfall. He has no underlying mental disease and no evidence of chronic intoxication-related disorder.… | Trap: Acute voluntary intoxication is not a mental disease for insanity purposes | Look for: C — No, because acute voluntary intoxication alone is not legal insanity. Rule: Acute voluntary intoxication is analyzed under intoxication doctrine, not insanity; insanity requires mental disease or defect",90
54,18864,"An anonymous caller tells police that ""a man in a red jacket near the park has a gun."" The caller gives no name, basis of knowledge, predictive information, or emergency details. Officers arrive, see a man in a red jacket…",Reasonable suspicion still requires reliability. A bare anonymous gun tip is not automatically enough,A,"No, because the anonymous tip lacked sufficient indicia of reliability and the officers observed no suspicious conduct","A Terry stop requires reasonable suspicion based on specific, articulable facts; an anonymous tip lacking predictive detail or corroboration is usually insufficient",B,"Yes, because any gun tip allows police to stop and frisk the described person","054. ID 18864 | Pattern: An anonymous caller tells police that ""a man in a red jacket near the park has a gun."" The caller gives no name, basis of knowledge, predictive information, or emergency details. Officers arrive, see a man in a red jacket… | Trap: Reasonable suspicion still requires reliability. A bare anonymous gun tip is not automatically enough | Look for: A — No, because the anonymous tip lacked sufficient indicia of reliability and the officers observed no suspicious conduct. Rule: A Terry stop requires reasonable suspicion based on specific, articulable facts; an anonymous tip lacking predictive detail or corroboration is usually insufficient",106
55,21770,"Milo starts an argument by shoving Perry in the chest. Perry immediately pulls a knife and lunges at Milo's abdomen. Milo grabs a metal stool and swings once at Perry's arm, knocking the knife away and breaking Perry's wrist. Milo…",The rule is not absolute. A nondeadly aggressor may defend when the other party escalates to deadly force,C,Milo may claim self-defense because Perry escalated a nondeadly shove into a deadly knife attack,"An initial aggressor generally loses self-defense, but may regain it if the victim escalates a nondeadly fight to deadly force and the aggressor responds proportionately",A,Milo has no defense because he was the initial aggressor,"055. ID 21770 | Pattern: Milo starts an argument by shoving Perry in the chest. Perry immediately pulls a knife and lunges at Milo's abdomen. Milo grabs a metal stool and swings once at Perry's arm, knocking the knife away and breaking Perry's wrist. Milo… | Trap: The rule is not absolute. A nondeadly aggressor may defend when the other party escalates to deadly force | Look for: C — Milo may claim self-defense because Perry escalated a nondeadly shove into a deadly knife attack. Rule: An initial aggressor generally loses self-defense, but may regain it if the victim escalates a nondeadly fight to deadly force and the aggressor responds proportionately",111
56,20168,"After Oliver is indicted for armed robbery, police deliberately question him without waiver about the same incident, calling it ""simple theft"" instead of robbery. Theft is a lesser-included offense of the charged robbery. Oliver makes incriminating statements. What is Oliver's…",Labels do not control. A lesser-included offense is the same offense for this purpose,B,The questioning implicated the attached Sixth Amendment right because theft was a lesser-included offense of the charged robbery,"Offense-specific Sixth Amendment protection extends to charged offenses and offenses that are the same under the elements test, including lesser-included offenses",A,Police avoided the Sixth Amendment because they used a different label for the questioning,"056. ID 20168 | Pattern: After Oliver is indicted for armed robbery, police deliberately question him without waiver about the same incident, calling it ""simple theft"" instead of robbery. Theft is a lesser-included offense of the charged robbery. Oliver makes incriminating statements. What is Oliver's… | Trap: Labels do not control. A lesser-included offense is the same offense for this purpose | Look for: B — The questioning implicated the attached Sixth Amendment right because theft was a lesser-included offense of the charged robbery. Rule: Offense-specific Sixth Amendment protection extends to charged offenses and offenses that are the same under the elements test, including lesser-included offenses",106
57,14649,The owner of an old warehouse decided to destroy the warehouse because the taxes on the structure exceeded the income that he could receive from it. He crept into the building in the middle of the night with a can…,"Although factual impossibility is not a defense, the owner also had a legal impossibility claim that served as a defense to the attempt charge",D,"No, because even if his actions had every consequence he intended, they would not have constituted arson","The warehouse owner, even if everything went as he had intended, could not have committed the crime of arson, nor can he be convicted of attempted arson. Arson requires that the building being burned be owned by ""another"" and that it be…",A,"Yes, because factual impossibility is no defense.","057. ID 14649 | Pattern: The owner of an old warehouse decided to destroy the warehouse because the taxes on the structure exceeded the income that he could receive from it. He crept into the building in the middle of the night with a can… | Trap: Although factual impossibility is not a defense, the owner also had a legal impossibility claim that served as a defense to the attempt charge | Look for: D — No, because even if his actions had every consequence he intended, they would not have constituted arson. Rule: The warehouse owner, even if everything went as he had intended, could not have committed the crime of arson, nor can he be convicted of attempted arson. Arson requires that the building being burned be owned by ""another"" and that it be…",136
58,20227,"After an indictment for aggravated assault, Lee appears before a judge for an initial bail hearing. No lawyer is appointed. The prosecutor argues for high bail and describes Lee as a danger to witnesses. Lee is unable to respond effectively…",A proceeding may be critical even if it does not decide guilt,A,Lee had a right to counsel because the post-indictment bail hearing was a critical stage affecting his pretrial liberty,"After formal proceedings begin, the right to counsel applies at critical stages, including proceedings where counsel can affect pretrial liberty or protect trial rights",B,Lee had no right to counsel because bail is administrative and does not determine guilt,"058. ID 20227 | Pattern: After an indictment for aggravated assault, Lee appears before a judge for an initial bail hearing. No lawyer is appointed. The prosecutor argues for high bail and describes Lee as a danger to witnesses. Lee is unable to respond effectively… | Trap: A proceeding may be critical even if it does not decide guilt | Look for: A — Lee had a right to counsel because the post-indictment bail hearing was a critical stage affecting his pretrial liberty. Rule: After formal proceedings begin, the right to counsel applies at critical stages, including proceedings where counsel can affect pretrial liberty or protect trial rights",108
59,16064,"A rare migratory bird is protected by international treaty. For this reason, hunting of the bird is restricted to seasons fixed by a law known as the Protection Act. Until recently, the Act permitted hunting of the bird only during…","Since the elements of criminal attempt are often included among the elements of the substantive crime that was attempted, criminal attempts are often lesser included offenses of the substantive crimes",B,The act that he intended to commit was not a crime,"A person is guilty of a criminal attempt when, with the specific intent to bring about a criminally prohibited result, he or she performs some act that comes substantially close to achieving that result. Many jurisdictions hold that if the result that…",C,The friend was in pari delicto with the defendant because he was unaware that the law had been changed.,"059. ID 16064 | Pattern: A rare migratory bird is protected by international treaty. For this reason, hunting of the bird is restricted to seasons fixed by a law known as the Protection Act. Until recently, the Act permitted hunting of the bird only during… | Trap: Since the elements of criminal attempt are often included among the elements of the substantive crime that was attempted, criminal attempts are often lesser included offenses of the substantive crimes | Look for: B — The act that he intended to commit was not a crime. Rule: A person is guilty of a criminal attempt when, with the specific intent to bring about a criminally prohibited result, he or she performs some act that comes substantially close to achieving that result. Many jurisdictions hold that if the result that…",136
60,19500,"Fiona intended to shoot her ex-boyfriend Derek as he walked down the sidewalk. She fired once; the bullet missed Derek completely and shattered the plate-glass window of a storefront behind him. Derek was unharmed. The store owner, who was inside…",Transferred intent does not extend across different crime types,B,Fiona is not guilty of malicious destruction of property under transferred intent because the doctrine does not operate across different crime types,"Transferred intent does not operate across different crimes; if defendant intends to harm a person but accidentally damages property, the homicidal intent does not transfer to create malicious destruction of property",A,Fiona is guilty of malicious destruction of property under transferred intent because she intended to cause harm and did cause harm,"060. ID 19500 | Pattern: Fiona intended to shoot her ex-boyfriend Derek as he walked down the sidewalk. She fired once; the bullet missed Derek completely and shattered the plate-glass window of a storefront behind him. Derek was unharmed. The store owner, who was inside… | Trap: Transferred intent does not extend across different crime types | Look for: B — Fiona is not guilty of malicious destruction of property under transferred intent because the doctrine does not operate across different crime types. Rule: Transferred intent does not operate across different crimes; if defendant intends to harm a person but accidentally damages property, the homicidal intent does not transfer to create malicious destruction of property",115
61,21196,"Detectives intentionally questioned Clara in custody without Miranda warnings until she admitted setting a fire. Ten minutes later, in the same room with the same detectives, they read warnings and said, ""Now repeat what you just told us."" No curative…",The warnings may be ineffective when police deliberately use a question-first strategy and immediately ask the suspect to repeat the unwarned confession,C,"No, because the deliberate two-step strategy made the later warnings ineffective","When police deliberately obtain an unwarned confession and then give warnings to repeat it, the later statement may be suppressed unless curative measures make the warnings effective",A,"Yes, because Miranda warnings were given before the second confession","061. ID 21196 | Pattern: Detectives intentionally questioned Clara in custody without Miranda warnings until she admitted setting a fire. Ten minutes later, in the same room with the same detectives, they read warnings and said, ""Now repeat what you just told us."" No curative… | Trap: The warnings may be ineffective when police deliberately use a question-first strategy and immediately ask the suspect to repeat the unwarned confession | Look for: C — No, because the deliberate two-step strategy made the later warnings ineffective. Rule: When police deliberately obtain an unwarned confession and then give warnings to repeat it, the later statement may be suppressed unless curative measures make the warnings effective",113
62,14637,"A man decided to steal a car he saw parked on a hill. After he got in and started the engine, the car began rolling down the hill. The man quickly discovered that the car’s brakes did not work. He…",Just because the man had the intent to steal the car does not mean he intentionally damaged the store,C,"No, because the instruction wrongly described the necessary mental state","The instruction was an incorrect statement of the law. Intent to steal the car would not prove the man intentionally damaged the store, nor would the fact that the man was in the process of committing another felony prove that the man…",A,"Yes, because his intent to steal the car provides the necessary mental element.","062. ID 14637 | Pattern: A man decided to steal a car he saw parked on a hill. After he got in and started the engine, the car began rolling down the hill. The man quickly discovered that the car’s brakes did not work. He… | Trap: Just because the man had the intent to steal the car does not mean he intentionally damaged the store | Look for: C — No, because the instruction wrongly described the necessary mental state. Rule: The instruction was an incorrect statement of the law. Intent to steal the car would not prove the man intentionally damaged the store, nor would the fact that the man was in the process of committing another felony prove that the man…",124
63,14665,"Despondent over losing his job, a businessman drank all night at a bar. While driving home, he noticed a car following him and, in his intoxicated state, concluded he was being followed by robbers. In fact, a police car was…","To successfully raise a self-defense claim, the businessman must not only believe that he faced an imminent threat of death or severe bodily injury, but also that belief must be…",D,"convicted, because he acted recklessly and his apprehension of danger was not reasonable",Manslaughter is a death caused by criminal negligence or recklessness under the Model Penal Code. A person acts recklessly when he consciously disregards a substantial and unjustifiable risk that circumstances exist or that a prohibited result will follow,A,"acquitted, because he honestly believed he faced an imminent threat of death or severe bodily injury.","063. ID 14665 | Pattern: Despondent over losing his job, a businessman drank all night at a bar. While driving home, he noticed a car following him and, in his intoxicated state, concluded he was being followed by robbers. In fact, a police car was… | Trap: To successfully raise a self-defense claim, the businessman must not only believe that he faced an imminent threat of death or severe bodily injury, but also that belief must be… | Look for: D — convicted, because he acted recklessly and his apprehension of danger was not reasonable. Rule: Manslaughter is a death caused by criminal negligence or recklessness under the Model Penal Code. A person acts recklessly when he consciously disregards a substantial and unjustifiable risk that circumstances exist or that a prohibited result will follow",134
64,18228,"Diana was charged by information with felony theft. At her arraignment, no attorney was present because the public defender's office was understaffed. The judge asked Diana whether she wanted to plead guilty or not guilty; Diana said she did not…",Arraignment is a critical stage. The complete absence of counsel at a critical stage is a structural error that does not require a showing of specific prejudice,C,"Yes, because Diana was denied counsel at a critical stage, which is presumptively prejudicial structural error","Arraignment is a critical stage of criminal prosecution; the defendant is entitled to counsel, and absence of counsel is presumptively prejudicial",D,"Yes, but only if Diana can demonstrate a reasonable probability that the outcome would have been different with counsel present","064. ID 18228 | Pattern: Diana was charged by information with felony theft. At her arraignment, no attorney was present because the public defender's office was understaffed. The judge asked Diana whether she wanted to plead guilty or not guilty; Diana said she did not… | Trap: Arraignment is a critical stage. The complete absence of counsel at a critical stage is a structural error that does not require a showing of specific prejudice | Look for: C — Yes, because Diana was denied counsel at a critical stage, which is presumptively prejudicial structural error. Rule: Arraignment is a critical stage of criminal prosecution; the defendant is entitled to counsel, and absence of counsel is presumptively prejudicial",117
65,16065,"The defendant had suspected for some time that his wife was unfaithful to him. One night, when she came home later than usual, the defendant confronted her, demanding to know where she had been. Tearfully, the wife confessed that she…","A and B are incorrect because although a killing with the intent to kill or inflict great bodily harm may be murder, extreme emotional distress may reduce it to voluntary…",D,"In the defendant's position, a person of ordinary temperament would not have become angry enough to lose normal self-control","Voluntary manslaughter is the killing of a human being with the intent to kill or inflict great bodily harm, under circumstances of extreme emotional distress (or mistaken justification)",C,The defendant did not catch the wife in flagrante delicto.,"065. ID 16065 | Pattern: The defendant had suspected for some time that his wife was unfaithful to him. One night, when she came home later than usual, the defendant confronted her, demanding to know where she had been. Tearfully, the wife confessed that she… | Trap: A and B are incorrect because although a killing with the intent to kill or inflict great bodily harm may be murder, extreme emotional distress may reduce it to voluntary… | Look for: D — In the defendant's position, a person of ordinary temperament would not have become angry enough to lose normal self-control. Rule: Voluntary manslaughter is the killing of a human being with the intent to kill or inflict great bodily harm, under circumstances of extreme emotional distress (or mistaken justification)",130
66,14745,A woman who wanted to rob a bank offered to pay her friend one-third of the money she stole if the friend would drive the getaway car to be used in the robbery. The friend agreed but made the woman…,"As discussed above, both the friend and the store owner are accomplices to the murder",A,Both the friend and the store owner,"The friend is responsible for the unintended but reasonably foreseeable acts of her co-conspirator in furtherance of the conspiracy. When the friend agreed to drive the getaway vehicle after a bank robbery, it was foreseeable that the woman would use a weapon…",C,Only the friend.,"066. ID 14745 | Pattern: A woman who wanted to rob a bank offered to pay her friend one-third of the money she stole if the friend would drive the getaway car to be used in the robbery. The friend agreed but made the woman… | Trap: As discussed above, both the friend and the store owner are accomplices to the murder | Look for: A — Both the friend and the store owner. Rule: The friend is responsible for the unintended but reasonably foreseeable acts of her co-conspirator in furtherance of the conspiracy. When the friend agreed to drive the getaway vehicle after a bank robbery, it was foreseeable that the woman would use a weapon…",117
67,17486,"After Lena is indicted for robbery, police conduct an uncounseled lineup. The witness identifies Lena there. Before the lineup, the witness had seen the robber only for one second from behind in a dim alley and had given no useful…",A courtroom identification can be suppressed when it derives from an unconstitutional lineup and lacks an independent source,A,"Yes, because the uncounseled lineup was tainted and the witness lacks an independent source for identifying Lena","If an unconstitutional lineup taints the witness and the government cannot show an independent source for the in-court identification, both the lineup identification and the in-court identification are suppressible",B,"No, because the witness may always identify the defendant in open court","067. ID 17486 | Pattern: After Lena is indicted for robbery, police conduct an uncounseled lineup. The witness identifies Lena there. Before the lineup, the witness had seen the robber only for one second from behind in a dim alley and had given no useful… | Trap: A courtroom identification can be suppressed when it derives from an unconstitutional lineup and lacks an independent source | Look for: A — Yes, because the uncounseled lineup was tainted and the witness lacks an independent source for identifying Lena. Rule: If an unconstitutional lineup taints the witness and the government cannot show an independent source for the in-court identification, both the lineup identification and the in-court identification are suppressible",117
68,20836,"A state statute authorized officers to inspect pawnshop records without a warrant. Officers followed the statute exactly, inspected a shop ledger, and found entries linking Maya to stolen jewelry. Months later, the statute was held unconstitutional. Maya moves to suppress…",The exclusionary rule is not automatic. Objectively reasonable reliance on a statute later invalidated may make suppression inappropriate,B,Admit the evidence because officers reasonably relied on the statute when they conducted the search,"Suppression is not required when officers act in objectively reasonable reliance on binding authority or a statute later invalidated, absent culpable police misconduct",A,Suppress the evidence because any unconstitutional search requires exclusion,"068. ID 20836 | Pattern: A state statute authorized officers to inspect pawnshop records without a warrant. Officers followed the statute exactly, inspected a shop ledger, and found entries linking Maya to stolen jewelry. Months later, the statute was held unconstitutional. Maya moves to suppress… | Trap: The exclusionary rule is not automatic. Objectively reasonable reliance on a statute later invalidated may make suppression inappropriate | Look for: B — Admit the evidence because officers reasonably relied on the statute when they conducted the search. Rule: Suppression is not required when officers act in objectively reasonable reliance on binding authority or a statute later invalidated, absent culpable police misconduct",109
69,21031,"Priya is indicted for drug distribution and released pending trial. At police direction, Priya's cousin wears a recording device and visits Priya at a restaurant. The cousin repeatedly asks where Priya hid the drug proceeds, and Priya eventually answers. Priya…",Massiah is a Sixth Amendment doctrine and does not require custody after formal proceedings begin,A,"Yes, because a government agent deliberately elicited statements about the charged offense after indictment without counsel or waiver","Once formal proceedings have begun, the government may not use an agent to deliberately elicit statements about the charged offense in counsel's absence, even outside custody",B,"No, because Priya was not in custody at the restaurant","069. ID 21031 | Pattern: Priya is indicted for drug distribution and released pending trial. At police direction, Priya's cousin wears a recording device and visits Priya at a restaurant. The cousin repeatedly asks where Priya hid the drug proceeds, and Priya eventually answers. Priya… | Trap: Massiah is a Sixth Amendment doctrine and does not require custody after formal proceedings begin | Look for: A — Yes, because a government agent deliberately elicited statements about the charged offense after indictment without counsel or waiver. Rule: Once formal proceedings have begun, the government may not use an agent to deliberately elicit statements about the charged offense in counsel's absence, even outside custody",112
70,18721,"Officers arrested Vera outside a warehouse after finding and securing the only gun reported in the incident. Vera was handcuffed in a patrol car, the scene was cleared, and no other danger was suspected. Without Miranda warnings, a detective asked…",The gun was already secured and the scene cleared,C,"No, because the scene was secure and the question was investigative custodial interrogation requiring Miranda warnings","Public-safety questioning must be limited to an immediate safety need; once the danger is secured, unwarned investigative questions remain subject to Miranda",A,"Yes, because the case originally involved a gun","070. ID 18721 | Pattern: Officers arrested Vera outside a warehouse after finding and securing the only gun reported in the incident. Vera was handcuffed in a patrol car, the scene was cleared, and no other danger was suspected. Without Miranda warnings, a detective asked… | Trap: The gun was already secured and the scene cleared | Look for: C — No, because the scene was secure and the question was investigative custodial interrogation requiring Miranda warnings. Rule: Public-safety questioning must be limited to an immediate safety need; once the danger is secured, unwarned investigative questions remain subject to Miranda",100
71,21367,"An undercover officer purchased narcotics directly from a dealer in a well-lit apartment. The transaction lasted approximately four minutes, during which the officer observed the dealer at close range. The officer gave a detailed description of the dealer to his…",There is no per se rule of exclusion for suggestive identification procedures,C,"No, because even though the procedure was suggestive, the identification was sufficiently reliable under the totality of the circumstances","Under *Manson v. Brathwaite*, courts assess reliability by weighing: (1) the witness's opportunity to view, (2) the witness's degree of attention, (3) the accuracy of the prior description, (4) the level of certainty at the confrontation, and (5) the time between the…",A,"Yes, because showing a single photograph and describing it as the perpetrator is per se impermissibly suggestive and requires automatic suppression","071. ID 21367 | Pattern: An undercover officer purchased narcotics directly from a dealer in a well-lit apartment. The transaction lasted approximately four minutes, during which the officer observed the dealer at close range. The officer gave a detailed description of the dealer to his… | Trap: There is no per se rule of exclusion for suggestive identification procedures | Look for: C — No, because even though the procedure was suggestive, the identification was sufficiently reliable under the totality of the circumstances. Rule: Under *Manson v. Brathwaite*, courts assess reliability by weighing: (1) the witness's opportunity to view, (2) the witness's degree of attention, (3) the accuracy of the prior description, (4) the level of certainty at the confrontation, and (5) the time between the…",126
72,14701,"A bank teller was fired by the president of a bank. The teller wanted to take revenge against the president, but decided against attempting it personally, because he knew the president was protected around the clock by bank security guards.…",A charge of attempt requires that the defendant have the intent that the crime be committed; extreme recklessness is insufficient,A,"guilty, because he intended to kill the president and used the man to carry out his plan",Attempted murder requires that a defendant have the specific intent for a murder to occur and that the defendant take a substantial step toward the commission of the murder,C,"not guilty, because the president was never in imminent danger of being killed.","072. ID 14701 | Pattern: A bank teller was fired by the president of a bank. The teller wanted to take revenge against the president, but decided against attempting it personally, because he knew the president was protected around the clock by bank security guards.… | Trap: A charge of attempt requires that the defendant have the intent that the crime be committed; extreme recklessness is insufficient | Look for: A — guilty, because he intended to kill the president and used the man to carry out his plan. Rule: Attempted murder requires that a defendant have the specific intent for a murder to occur and that the defendant take a substantial step toward the commission of the murder",119
73,21596,"Theo takes his neighbor's car without permission to drive to a casino 60 miles away, intending to gamble and then buy gasoline to drive the car back. He parks the car at the casino, loses all his money, and cannot…",The intent-to-return defense requires that the return be unconditional or at minimum not substantially contingent on an uncertain event,C,"Yes, because Theo's intent to return was contingent on winning at gambling, making it equivalent to no genuine intent to return","Larceny requires intent to permanently deprive; genuine intent to return the specific property negates this element, but intent conditioned on ability to return or intent to return in worthless or substantially different form does not",A,"No, because Theo genuinely intended to return the car at the time of taking","073. ID 21596 | Pattern: Theo takes his neighbor's car without permission to drive to a casino 60 miles away, intending to gamble and then buy gasoline to drive the car back. He parks the car at the casino, loses all his money, and cannot… | Trap: The intent-to-return defense requires that the return be unconditional or at minimum not substantially contingent on an uncertain event | Look for: C — Yes, because Theo's intent to return was contingent on winning at gambling, making it equivalent to no genuine intent to return. Rule: Larceny requires intent to permanently deprive; genuine intent to return the specific property negates this element, but intent conditioned on ability to return or intent to return in worthless or substantially different form does not",128
74,14569,The police suspected that a 16-year-old high school student had committed a series of burglaries. Two officers went to the student's high school and asked the principal to call the student out of class and to search his backpack. While…,This was not a search incident to a lawful arrest,D,grant the motion on the ground that the search was conducted without probable cause or a warrant,"The principal searched the student's backpack under the direction of the police officers and did so without probable cause or a search warrant, at least one of which was needed to prevent a constitutional violation",B,deny the motion on the ground that school searches are reasonable if conducted by school personnel on school grounds on the basis of reasonable suspicion.,"074. ID 14569 | Pattern: The police suspected that a 16-year-old high school student had committed a series of burglaries. Two officers went to the student's high school and asked the principal to call the student out of class and to search his backpack. While… | Trap: This was not a search incident to a lawful arrest | Look for: D — grant the motion on the ground that the search was conducted without probable cause or a warrant. Rule: The principal searched the student's backpack under the direction of the police officers and did so without probable cause or a search warrant, at least one of which was needed to prevent a constitutional violation",115
75,18111,"Jules finds Taylor's blank checkbook, writes a check payable to ""cash"" for $800, signs Taylor's name without authority, and plans to cash it at a bank. Has Jules committed forgery?",Forgery does not require completed financial loss. The false making of a legally effective writing with intent to defraud is enough,C,"Yes, because Jules falsely made a check with apparent legal efficacy intending to defraud",Signing another person's name to a check without authority can be forgery because the check has apparent legal efficacy,A,"No, because Taylor did not actually lose money yet","075. ID 18111 | Pattern: Jules finds Taylor's blank checkbook, writes a check payable to ""cash"" for $800, signs Taylor's name without authority, and plans to cash it at a bank. Has Jules committed forgery? | Trap: Forgery does not require completed financial loss. The false making of a legally effective writing with intent to defraud is enough | Look for: C — Yes, because Jules falsely made a check with apparent legal efficacy intending to defraud. Rule: Signing another person's name to a check without authority can be forgery because the check has apparent legal efficacy",97
76,14657,"A statute in the jurisdiction defines murder in the first degree as knowingly killing another person after deliberation. Deliberation is defined as ""cool reflection for any length of time no matter how brief."" Murder in the second degree is defined…","The statute defines murder in the first degree as ""knowingly"" killing another person after deliberation",B,murder in the second degree,"The act of firing an assault rifle through the front window of the store, especially knowing there were people outside, clearly demonstrates the defendant's reckless indifference to an unjustifiably high risk to human life",A,murder in first degree.,"076. ID 14657 | Pattern: A statute in the jurisdiction defines murder in the first degree as knowingly killing another person after deliberation. Deliberation is defined as ""cool reflection for any length of time no matter how brief."" Murder in the second degree is defined… | Trap: The statute defines murder in the first degree as ""knowingly"" killing another person after deliberation | Look for: B — murder in the second degree. Rule: The act of firing an assault rifle through the front window of the store, especially knowing there were people outside, clearly demonstrates the defendant's reckless indifference to an unjustifiably high risk to human life",107
77,14708,"A woman wanted to kill a business competitor. She contacted a man who she believed was willing to commit murder for hire and offered him $50,000 to kill the competitor. The man agreed to do so and accepted $25,000 as…",It is no defense to unilateral conspiracy that the other person was feigning agreement or acting in an undercover capacity,C,"Yes, because the woman believed that she had an agreement with the man that would bring about the competitor's death","The woman agreed to commit a crime, and she committed an overt act in furtherance of that agreement when she paid the man $25,000",D,"Yes, because the woman took a substantial step toward bringing about the competitor's death by paying the man $25,000.","077. ID 14708 | Pattern: A woman wanted to kill a business competitor. She contacted a man who she believed was willing to commit murder for hire and offered him $50,000 to kill the competitor. The man agreed to do so and accepted $25,000 as… | Trap: It is no defense to unilateral conspiracy that the other person was feigning agreement or acting in an undercover capacity | Look for: C — Yes, because the woman believed that she had an agreement with the man that would bring about the competitor's death. Rule: The woman agreed to commit a crime, and she committed an overt act in furtherance of that agreement when she paid the man $25,000",117
78,21706,"Officer Park arrested Cal and read him the complete Miranda warnings from a card. Cal nodded and said, ""Yeah, I got it."" Officer Park then began asking questions about a robbery. Cal answered for the next forty minutes, ultimately admitting…",The Supreme Court in *Berghuis v. Thompkins* (2010) explicitly held that an express oral or written waiver is not required,C,"Yes, because Cal impliedly waived his rights by acknowledging the warnings and voluntarily answering questions for forty minutes","A suspect may impliedly waive Miranda rights by receiving warnings, indicating understanding, and then voluntarily responding to questioning; no express written or oral waiver is required",A,"No, because a valid Miranda waiver requires an express oral or written statement of waiver","078. ID 21706 | Pattern: Officer Park arrested Cal and read him the complete Miranda warnings from a card. Cal nodded and said, ""Yeah, I got it."" Officer Park then began asking questions about a robbery. Cal answered for the next forty minutes, ultimately admitting… | Trap: The Supreme Court in *Berghuis v. Thompkins* (2010) explicitly held that an express oral or written waiver is not required | Look for: C — Yes, because Cal impliedly waived his rights by acknowledging the warnings and voluntarily answering questions for forty minutes. Rule: A suspect may impliedly waive Miranda rights by receiving warnings, indicating understanding, and then voluntarily responding to questioning; no express written or oral waiver is required",117
79,21539,"Alice and Bob conspired to commit armed robbery. They carried out the robbery as planned, stealing $20,000 from a jewelry store. Both are convicted of armed robbery. The prosecutor also seeks convictions for conspiracy to commit armed robbery based on…",The merger principle does not apply uniformly to all inchoate offenses,C,"No, because conspiracy does not merge into the completed crime at common law",Conspiracy does not merge into the completed crime; a defendant who agrees to commit a crime and then completes it may be convicted and punished separately for both conspiracy and the substantive offense,A,"Yes, because inchoate offenses always merge into the completed crime","079. ID 21539 | Pattern: Alice and Bob conspired to commit armed robbery. They carried out the robbery as planned, stealing $20,000 from a jewelry store. Both are convicted of armed robbery. The prosecutor also seeks convictions for conspiracy to commit armed robbery based on… | Trap: The merger principle does not apply uniformly to all inchoate offenses | Look for: C — No, because conspiracy does not merge into the completed crime at common law. Rule: Conspiracy does not merge into the completed crime; a defendant who agrees to commit a crime and then completes it may be convicted and punished separately for both conspiracy and the substantive offense",110
80,14727,"An employee worked at a day-care center run by the Happy Faced Day Care Corporation. At the center, one of the young children often arrived with bruises and welts on his back and legs. A statute in the jurisdiction requires…","This is not the best argument for the employee to be found not guilty, and the employee's awareness of the duty-to-report statute is irrelevant to whether or not he will…",B,he lacked the mental state necessary to the commission of the crime,"The employee will not bear criminal responsibility for the actions of another unless he intended that those actions be committed and he aided and abetted in the commission of the offense. Because the employee never intended that the child be murdered, he…",C,his omission was not the proximate cause of death.,"080. ID 14727 | Pattern: An employee worked at a day-care center run by the Happy Faced Day Care Corporation. At the center, one of the young children often arrived with bruises and welts on his back and legs. A statute in the jurisdiction requires… | Trap: This is not the best argument for the employee to be found not guilty, and the employee's awareness of the duty-to-report statute is irrelevant to whether or not he will… | Look for: B — he lacked the mental state necessary to the commission of the crime. Rule: The employee will not bear criminal responsibility for the actions of another unless he intended that those actions be committed and he aided and abetted in the commission of the offense. Because the employee never intended that the child be murdered, he…",137
81,19762,"Willa had been publicly mocked by her coworker, Dex, for months — he would imitate her speech in team meetings and post unflattering photos of her in the break room. One afternoon, Dex loudly called Willa a derogatory name in…",The adequate provocation standard is objective — would the provocation cause a reasonable person to lose self-control to the point of killing?,C,"Murder, because verbal insults and mockery do not constitute adequate provocation at common law","Voluntary manslaughter requires adequate provocation that would cause a reasonable person to lose self-control; the standard is objective (reasonable person), not purely subjective; minor insults or petty slights are legally insufficient",A,"Voluntary manslaughter, because Dex's sustained harassment gave Willa adequate provocation to lose her self-control","081. ID 19762 | Pattern: Willa had been publicly mocked by her coworker, Dex, for months — he would imitate her speech in team meetings and post unflattering photos of her in the break room. One afternoon, Dex loudly called Willa a derogatory name in… | Trap: The adequate provocation standard is objective — would the provocation cause a reasonable person to lose self-control to the point of killing? | Look for: C — Murder, because verbal insults and mockery do not constitute adequate provocation at common law. Rule: Voluntary manslaughter requires adequate provocation that would cause a reasonable person to lose self-control; the standard is objective (reasonable person), not purely subjective; minor insults or petty slights are legally insufficient",120
82,21081,"Carla robbed a pharmacy at gunpoint. After taking the drugs and cash, she fled on foot through a parking lot. A loss-prevention officer from an adjacent store witnessed the robbery through a window and pursued her. During the chase —…",Felony murder extends through the escape phase until the defendant reaches a place of temporary safety,C,"Yes, because the killing occurred during Carla's immediate flight before reaching a place of temporary safety, which is within the scope of felony murder",Felony murder liability extends through the escape phase of a felony until the defendant reaches a place of temporary safety; a killing committed while fleeing from a qualifying felony before reaching safety triggers felony murder,A,"No, because the robbery was complete when Carla left the pharmacy, and the shooting occurred after the underlying felony ended","082. ID 21081 | Pattern: Carla robbed a pharmacy at gunpoint. After taking the drugs and cash, she fled on foot through a parking lot. A loss-prevention officer from an adjacent store witnessed the robbery through a window and pursued her. During the chase —… | Trap: Felony murder extends through the escape phase until the defendant reaches a place of temporary safety | Look for: C — Yes, because the killing occurred during Carla's immediate flight before reaching a place of temporary safety, which is within the scope of felony murder. Rule: Felony murder liability extends through the escape phase of a felony until the defendant reaches a place of temporary safety; a killing committed while fleeing from a qualifying felony before reaching safety triggers felony murder",128
83,16110,"A nine-year-old girl fell into a public pool, striking her head against its edge. Her aunt saw the girl fall and realized that the child would drown if someone did not rescue her. The aunt knew that there was no…","This is true even though she could have saved the girl without risk to herself, even though she knew that there was no one else who could rescue the child…",D,"not guilty, because she had no duty to aid the girl. After a man raped the defendant in her apartment, he fell asleep. The defendant tied…","In the absence of special circumstances, no person is under a legal duty to render aid to another",D,"not guilty, because she had no duty to aid the girl. After a man raped the defendant in her apartment, he fell asleep. The defendant tied his hands and feet to the four corners of the bed and woke him. She said, “Now you are going to be punished for what you have done. I should kill you, but I won't because I want to make sure that you suffer for the rest of your life.” Using the man's own knife, she began to cut and jab him with it, planning to torture but not to kill him. She stabbed and blinded him in both eyes, then cut off his sex organs. She also severed the tip of his nose and made a series of cuts across his face and chest.","083. ID 16110 | Pattern: A nine-year-old girl fell into a public pool, striking her head against its edge. Her aunt saw the girl fall and realized that the child would drown if someone did not rescue her. The aunt knew that there was no… | Trap: This is true even though she could have saved the girl without risk to herself, even though she knew that there was no one else who could rescue the child… | Look for: D — not guilty, because she had no duty to aid the girl. After a man raped the defendant in her apartment, he fell asleep. The defendant tied…. Rule: In the absence of special circumstances, no person is under a legal duty to render aid to another",127
84,16190,"A defendant was charged with attempted murder. At the preliminary hearing, the presiding judge heard the testimony of four prosecution witnesses and found that the prosecution had failed to establish probable cause that the defendant had committed any offense. Accordingly…","Do not treat a preliminary-hearing dismissal as jeopardy; jeopardy attaches at trial, not during probable-cause screening",C,"Deny the motion, because the defendant has not yet been in jeopardy of conviction on the attempted murder charge","The protection against double jeopardy does not apply until jeopardy has “attached.” Therefore, if a proceeding is terminated before jeopardy has attached, the Double Jeopardy Clause does not limit the prosecution’s right to try the defendant for the same charge in a…",D,"Deny the motion, because the protection of the double jeopardy clause does not come into play until there has been a conviction or an acquittal.","084. ID 16190 | Pattern: A defendant was charged with attempted murder. At the preliminary hearing, the presiding judge heard the testimony of four prosecution witnesses and found that the prosecution had failed to establish probable cause that the defendant had committed any offense. Accordingly… | Trap: Do not treat a preliminary-hearing dismissal as jeopardy; jeopardy attaches at trial, not during probable-cause screening | Look for: C — Deny the motion, because the defendant has not yet been in jeopardy of conviction on the attempted murder charge. Rule: The protection against double jeopardy does not apply until jeopardy has “attached.” Therefore, if a proceeding is terminated before jeopardy has attached, the Double Jeopardy Clause does not limit the prosecution’s right to try the defendant for the same charge in a…",130
85,20708,"Lena is holding her purse strap tightly over her shoulder. Nico grabs the purse and yanks hard enough to spin Lena around and break the strap, then runs away with the purse. Is this more than a stealthy larceny?",This snatching involved force overcoming resistance,A,"Yes, because Nico used force to overcome Lena's resistance and take property from her person",Purse snatching can be robbery when the defendant uses force sufficient to overcome the victim's resistance or cause dispossession,B,"No, because purse snatching is always mere larceny","085. ID 20708 | Pattern: Lena is holding her purse strap tightly over her shoulder. Nico grabs the purse and yanks hard enough to spin Lena around and break the strap, then runs away with the purse. Is this more than a stealthy larceny? | Trap: This snatching involved force overcoming resistance | Look for: A — Yes, because Nico used force to overcome Lena's resistance and take property from her person. Rule: Purse snatching can be robbery when the defendant uses force sufficient to overcome the victim's resistance or cause dispossession",92
86,21763,"Carla came home and found her spouse in bed with another person. She screamed and left the house. She spent the next four hours at a friend's apartment, repeatedly saying she needed to ""settle the score."" She then returned home…","Adequate provocation is only one element. A reasonable cooling period defeats mitigation, and Carla's delay plus revenge statements show cooling and retaliation",C,"No, because the delay and revenge planning gave a reasonable cooling period before the killing",Even adequate provocation does not reduce murder to voluntary manslaughter if a reasonable person would have cooled off before the killing or if the defendant actually cooled and acted in revenge,A,"Yes, because discovering adultery is adequate provocation under common-law framing","086. ID 21763 | Pattern: Carla came home and found her spouse in bed with another person. She screamed and left the house. She spent the next four hours at a friend's apartment, repeatedly saying she needed to ""settle the score."" She then returned home… | Trap: Adequate provocation is only one element. A reasonable cooling period defeats mitigation, and Carla's delay plus revenge statements show cooling and retaliation | Look for: C — No, because the delay and revenge planning gave a reasonable cooling period before the killing. Rule: Even adequate provocation does not reduce murder to voluntary manslaughter if a reasonable person would have cooled off before the killing or if the defendant actually cooled and acted in revenge",121
87,18323,"Police obtain a valid warrant to search Nina's apartment for stolen diamond rings. In the bedroom, officers open a jewelry box on the dresser and find the rings. Nina argues the warrant did not separately list the jewelry box. Was…",A valid warrant for small items permits searching containers where those items may be located,A,"Yes, because diamond rings could reasonably be found inside a jewelry box",A valid warrant authorizes police to search places and containers where the objects described in the warrant could reasonably be located,B,"No, because every closed container requires a separate warrant by name","087. ID 18323 | Pattern: Police obtain a valid warrant to search Nina's apartment for stolen diamond rings. In the bedroom, officers open a jewelry box on the dresser and find the rings. Nina argues the warrant did not separately list the jewelry box. Was… | Trap: A valid warrant for small items permits searching containers where those items may be located | Look for: A — Yes, because diamond rings could reasonably be found inside a jewelry box. Rule: A valid warrant authorizes police to search places and containers where the objects described in the warrant could reasonably be located",101
88,21476,"Minutes after a robbery, police detain a suspect one block away carrying the victim's bag. The victim had seen the robber face-to-face under bright lights. Police bring the victim to the scene, where the victim immediately identifies the suspect. The…",Suggestiveness does not automatically require suppression. Courts consider necessity and reliability,B,The identification is likely admissible because it was immediate and reliability factors are strong,"A one-person showup is suggestive, but due process suppression depends on whether the procedure was unnecessarily suggestive and created a substantial likelihood of misidentification under reliability factors",A,Suppression is automatic because one-person showups are always unconstitutional,"088. ID 21476 | Pattern: Minutes after a robbery, police detain a suspect one block away carrying the victim's bag. The victim had seen the robber face-to-face under bright lights. Police bring the victim to the scene, where the victim immediately identifies the suspect. The… | Trap: Suggestiveness does not automatically require suppression. Courts consider necessity and reliability | Look for: B — The identification is likely admissible because it was immediate and reliability factors are strong. Rule: A one-person showup is suggestive, but due process suppression depends on whether the procedure was unnecessarily suggestive and created a substantial likelihood of misidentification under reliability factors",105
89,19105,"Without reasonable suspicion, officers stop Carla on a sidewalk and tell her she cannot leave. Two minutes later, while still detaining her, they ask to search her backpack. Carla says yes. No intervening event occurs, and officers find stolen credit…",Consent during an illegal detention can be tainted unless sufficiently attenuated,A,"No, because the consent was obtained during an illegal detention and was not attenuated from the seizure",Consent obtained during an illegal seizure is invalid unless the government shows the consent was sufficiently voluntary and attenuated from the unlawful detention,B,"Yes, because saying ""yes"" always cures any prior Fourth Amendment violation","089. ID 19105 | Pattern: Without reasonable suspicion, officers stop Carla on a sidewalk and tell her she cannot leave. Two minutes later, while still detaining her, they ask to search her backpack. Carla says yes. No intervening event occurs, and officers find stolen credit… | Trap: Consent during an illegal detention can be tainted unless sufficiently attenuated | Look for: A — No, because the consent was obtained during an illegal detention and was not attenuated from the seizure. Rule: Consent obtained during an illegal seizure is invalid unless the government shows the consent was sufficiently voluntary and attenuated from the unlawful detention",104
90,21651,"Jalen stabbed Theo in the abdomen during a fight. At the hospital, a doctor negligently delayed ordering surgery for several hours. Theo died from internal bleeding that surgery likely would have stopped if performed promptly. The medical delay was careless…",Ordinary negligent medical treatment is a foreseeable response to a dangerous wound and generally does not supersede the defendant's causal responsibility,C,"Yes, because the negligent treatment was a foreseeable response to the stabbing and did not supersede Jalen's act","Ordinary negligent medical treatment is a foreseeable response to injury and generally does not break causation; only grossly abnormal, independent treatment may supersede the defendant's act",A,"No, because the doctor's negligence was the immediate cause of death","090. ID 21651 | Pattern: Jalen stabbed Theo in the abdomen during a fight. At the hospital, a doctor negligently delayed ordering surgery for several hours. Theo died from internal bleeding that surgery likely would have stopped if performed promptly. The medical delay was careless… | Trap: Ordinary negligent medical treatment is a foreseeable response to a dangerous wound and generally does not supersede the defendant's causal responsibility | Look for: C — Yes, because the negligent treatment was a foreseeable response to the stabbing and did not supersede Jalen's act. Rule: Ordinary negligent medical treatment is a foreseeable response to injury and generally does not break causation; only grossly abnormal, independent treatment may supersede the defendant's act",118
91,21460,"Owen was swimming alone at a public beach when he noticed a stranger, Leon, struggling in the water about thirty yards away. Owen was a strong swimmer and could have reached Leon with minimal effort. Owen watched from the shore…",Criminal law does not impose liability for omission based solely on the ability to help,C,"No, because Owen owed Leon no legal duty to act, and criminal liability for omission requires a legal duty","Criminal liability for omission requires a legal duty to act, arising from statute, status relationship, contract, voluntary assumption of care, or creation of peril; a mere moral duty does not create criminal liability",A,"Yes, because Owen had the ability to save Leon and chose not to","091. ID 21460 | Pattern: Owen was swimming alone at a public beach when he noticed a stranger, Leon, struggling in the water about thirty yards away. Owen was a strong swimmer and could have reached Leon with minimal effort. Owen watched from the shore… | Trap: Criminal law does not impose liability for omission based solely on the ability to help | Look for: C — No, because Owen owed Leon no legal duty to act, and criminal liability for omission requires a legal duty. Rule: Criminal liability for omission requires a legal duty to act, arising from statute, status relationship, contract, voluntary assumption of care, or creation of peril; a mere moral duty does not create criminal liability",120
92,21410,"Eli wants to buy a food truck. He tells the seller, ""My bank has already approved the loan and wired the funds; the cashier's check will clear tomorrow."" Eli knows no loan exists. Relying on the statement, the seller signs…","The seller signed over title, not just temporary possession",A,"False pretenses, because Eli obtained title by lying about an existing financing fact",False pretenses requires obtaining title through a false representation of present or past material fact made with intent to defraud,B,"Larceny by trick, because all fraud-induced transfers are possession-only takings","092. ID 21410 | Pattern: Eli wants to buy a food truck. He tells the seller, ""My bank has already approved the loan and wired the funds; the cashier's check will clear tomorrow."" Eli knows no loan exists. Relying on the statement, the seller signs… | Trap: The seller signed over title, not just temporary possession | Look for: A — False pretenses, because Eli obtained title by lying about an existing financing fact. Rule: False pretenses requires obtaining title through a false representation of present or past material fact made with intent to defraud",95
93,16097,"After being advised by an informant that the defendant was growing marijuana in a large field, two police officers flew over the field in an airplane and observed marijuana growing there. Because of particularly dense cloud formations, it was necessary…",The United States Constitution provides that a warrant may be issued only upon a showing of probable cause,C,"Yes, because it was reasonable for the defendant to believe that nobody would look into his field","The United States Constitution protects criminal defendants against unreasonable search and seizure. To give this protection meaning, the courts exclude evidence obtained as the result of an unreasonable search",A,"Yes, because the police used special equipment to photograph the field.","093. ID 16097 | Pattern: After being advised by an informant that the defendant was growing marijuana in a large field, two police officers flew over the field in an airplane and observed marijuana growing there. Because of particularly dense cloud formations, it was necessary… | Trap: The United States Constitution provides that a warrant may be issued only upon a showing of probable cause | Look for: C — Yes, because it was reasonable for the defendant to believe that nobody would look into his field. Rule: The United States Constitution protects criminal defendants against unreasonable search and seizure. To give this protection meaning, the courts exclude evidence obtained as the result of an unreasonable search",117
94,17149,"Rae walks up behind a pedestrian and yanks a necklace from the pedestrian's neck. The chain catches, cuts the pedestrian's skin, and breaks only after Rae pulls hard a second time. Rae runs away with the necklace. Is Rae guilty…",Here Rae used force to overcome the necklace's attachment and injured the victim,C,"Yes, because Rae used force against the person to take property from the person","A taking from the person by force, even force used to pull property from the victim's body, can satisfy robbery",A,"No, because purse-snatching and necklace-snatching are always only larceny","094. ID 17149 | Pattern: Rae walks up behind a pedestrian and yanks a necklace from the pedestrian's neck. The chain catches, cuts the pedestrian's skin, and breaks only after Rae pulls hard a second time. Rae runs away with the necklace. Is Rae guilty… | Trap: Here Rae used force to overcome the necklace's attachment and injured the victim | Look for: C — Yes, because Rae used force against the person to take property from the person. Rule: A taking from the person by force, even force used to pull property from the victim's body, can satisfy robbery",100
95,19771,"Officers chased a robbery suspect through a crowded bus terminal and arrested him after seeing him toss an object behind a row of seats. Before giving Miranda warnings, an officer asked, ""Where is the gun?"" The suspect said, ""Behind the…",The public safety exception permits limited unwarned questioning when an immediate threat exists,C,"Yes, because the question was limited to locating an immediate public safety threat","Under the public safety exception, police may ask limited unwarned questions reasonably prompted by an immediate safety threat, and the answer may be admissible",A,"No, because the suspect was in custody and had not yet received Miranda warnings","095. ID 19771 | Pattern: Officers chased a robbery suspect through a crowded bus terminal and arrested him after seeing him toss an object behind a row of seats. Before giving Miranda warnings, an officer asked, ""Where is the gun?"" The suspect said, ""Behind the… | Trap: The public safety exception permits limited unwarned questioning when an immediate threat exists | Look for: C — Yes, because the question was limited to locating an immediate public safety threat. Rule: Under the public safety exception, police may ask limited unwarned questions reasonably prompted by an immediate safety threat, and the answer may be admissible",103
96,16002,"The defendant met the victim in a bar where both were drinking. Because the defendant was too drunk to drive, the victim offered him a ride home. In the victim's car, the defendant put his arms around the victim and…","Since the victim initially attempted to resist the defendant's advances, it may be found that the intercourse was without her consent even though she was so drunk that she was…",B,The defendant was so drunk that he did not realize that he was engaging in sexual intercourse,"Under the common law, rape is forced sexual intercourse with a female, who is not the spouse of the defendant, without her consent",A,The defendant was so drunk that he believed the victim was willing to have sexual intercourse with him.,"096. ID 16002 | Pattern: The defendant met the victim in a bar where both were drinking. Because the defendant was too drunk to drive, the victim offered him a ride home. In the victim's car, the defendant put his arms around the victim and… | Trap: Since the victim initially attempted to resist the defendant's advances, it may be found that the intercourse was without her consent even though she was so drunk that she was… | Look for: B — The defendant was so drunk that he did not realize that he was engaging in sexual intercourse. Rule: Under the common law, rape is forced sexual intercourse with a female, who is not the spouse of the defendant, without her consent",123
97,20580,"Sasha asks Tyler to steal exam files from a professor's office that night. Tyler agrees to think about it but does not commit. An hour later, Sasha panics, calls Tyler, and says, ""Do not do it. I was wrong to…",Solicitation was complete when Sasha communicated the request with criminal intent,B,Sasha is guilty because the solicitation was complete when the request was communicated,"At common law, solicitation is complete upon communication, and later withdrawal or remorse generally does not erase the completed solicitation",A,Sasha is not guilty because she withdrew before Tyler acted,"097. ID 20580 | Pattern: Sasha asks Tyler to steal exam files from a professor's office that night. Tyler agrees to think about it but does not commit. An hour later, Sasha panics, calls Tyler, and says, ""Do not do it. I was wrong to… | Trap: Solicitation was complete when Sasha communicated the request with criminal intent | Look for: B — Sasha is guilty because the solicitation was complete when the request was communicated. Rule: At common law, solicitation is complete upon communication, and later withdrawal or remorse generally does not erase the completed solicitation",97
98,18342,"After indictment for forgery, police obtain a court order requiring Aaron to copy several neutral sentences so experts can compare his handwriting to a forged check. Aaron's lawyer is not present. Aaron argues that the handwriting sample must be suppressed…",Attachment does not mean counsel is required at every event,A,The sample is not suppressible on Sixth Amendment grounds because providing a handwriting exemplar is not generally a critical stage,"Compelling a defendant to provide a physical exemplar, such as handwriting, is generally not a critical stage requiring counsel, even after formal charges",B,The sample must be suppressed because every post-indictment police procedure requires counsel,"098. ID 18342 | Pattern: After indictment for forgery, police obtain a court order requiring Aaron to copy several neutral sentences so experts can compare his handwriting to a forged check. Aaron's lawyer is not present. Aaron argues that the handwriting sample must be suppressed… | Trap: Attachment does not mean counsel is required at every event | Look for: A — The sample is not suppressible on Sixth Amendment grounds because providing a handwriting exemplar is not generally a critical stage. Rule: Compelling a defendant to provide a physical exemplar, such as handwriting, is generally not a critical stage requiring counsel, even after formal charges",106
99,21650,"After Levi is indicted for robbery, police place him in a live lineup with five fillers. Each participant repeats the robber's phrase while the victim listens from behind glass. Levi's counsel is not notified and no waiver is obtained. The…",This was not merely collecting an exemplar for analysis; it was a live identification confrontation with a witness,A,The live voice lineup was a post-attachment corporeal identification procedure requiring counsel or waiver,"After attachment, a live lineup or similar corporeal confrontation for witness identification is a critical stage requiring counsel or a valid waiver",B,Counsel was unnecessary because the witness identified a voice rather than a face,"099. ID 21650 | Pattern: After Levi is indicted for robbery, police place him in a live lineup with five fillers. Each participant repeats the robber's phrase while the victim listens from behind glass. Levi's counsel is not notified and no waiver is obtained. The… | Trap: This was not merely collecting an exemplar for analysis; it was a live identification confrontation with a witness | Look for: A — The live voice lineup was a post-attachment corporeal identification procedure requiring counsel or waiver. Rule: After attachment, a live lineup or similar corporeal confrontation for witness identification is a critical stage requiring counsel or a valid waiver",107
100,21076,"Harold owns a remote cabin that has been burglarized repeatedly. Frustrated, Harold installs a spring-loaded shotgun rigged to fire at anyone who opens the cabin door without first pressing a hidden button. Harold posts no warning signs. One night, a…",The castle doctrine gives extra rights when the owner is present and facing a threat — it does not authorize booby traps in the owner's absence,C,Harold is criminally liable because using a deadly spring gun to protect property alone is never justified,"An owner may not use a deadly mechanical device (spring gun, trap) to protect property from trespassers or burglars; the device is treated as though the owner pulled the trigger, and deadly force to protect property alone is never justified",A,Harold is not liable because property owners may use any means necessary to protect their homes,"100. ID 21076 | Pattern: Harold owns a remote cabin that has been burglarized repeatedly. Frustrated, Harold installs a spring-loaded shotgun rigged to fire at anyone who opens the cabin door without first pressing a hidden button. Harold posts no warning signs. One night, a… | Trap: The castle doctrine gives extra rights when the owner is present and facing a threat — it does not authorize booby traps in the owner's absence | Look for: C — Harold is criminally liable because using a deadly spring gun to protect property alone is never justified. Rule: An owner may not use a deadly mechanical device (spring gun, trap) to protect property from trespassers or burglars; the device is treated as though the owner pulled the trigger, and deadly force to protect property alone is never justified",136
101,17225,"At midnight, Cole knocks on a homeowner's door and falsely says he is from the gas company and needs to check a leak. The homeowner lets him in. Cole entered intending to steal jewelry from the bedroom","Opening a door, or entry by fraud, can satisfy breaking without damage",A,"Yes, because entry obtained by fraud can be constructive breaking","Common-law burglary's breaking element may be satisfied by constructive breaking, such as gaining entry through fraud, if the other elements exist",C,"No, because the homeowner opened the door voluntarily","101. ID 17225 | Pattern: At midnight, Cole knocks on a homeowner's door and falsely says he is from the gas company and needs to check a leak. The homeowner lets him in. Cole entered intending to steal jewelry from the bedroom | Trap: Opening a door, or entry by fraud, can satisfy breaking without damage | Look for: A — Yes, because entry obtained by fraud can be constructive breaking. Rule: Common-law burglary's breaking element may be satisfied by constructive breaking, such as gaining entry through fraud, if the other elements exist",93
102,16071,In,"In A, the car that the defendant received had already been recovered by the police and was therefore not stolen at the time of the sale",B,"A man told the defendant that the police were after him for stealing a car, and that he wanted to get rid of the car as…",Receiving stolen property consists of the acquisition of stolen property with the knowledge that it has been stolen and with the intent to permanently deprive its owner of it. Acquisition occurs when the defendant takes possession of the property himself or herself…,A,"After a woman was arrested for car theft, the district attorney offered to let her plead guilty to a lesser offense in return for her cooperation in the apprehension of the defendant. At the district attorney's request, the woman offered to sell the defendant the car that she had been caught stealing, telling the defendant that it was stolen. The defendant agreed to purchase it for $300 and was arrested as he handed the cash to the woman.","102. ID 16071 | Pattern: In | Trap: In A, the car that the defendant received had already been recovered by the police and was therefore not stolen at the time of the sale | Look for: B — A man told the defendant that the police were after him for stealing a car, and that he wanted to get rid of the car as…. Rule: Receiving stolen property consists of the acquisition of stolen property with the knowledge that it has been stolen and with the intent to permanently deprive its owner of it. Acquisition occurs when the defendant takes possession of the property himself or herself…",108
103,18002,"Tessa agreed to drive a getaway car for an armed robbery. An hour before the robbery, she texted the others that she was out, drove the car away from the meeting place, and called the store to warn that a…","Liability for later consequences can be cut off by effective withdrawal before the crime, communication to the other participants, and neutralization of prior assistance",C,"No, because she effectively withdrew before the robbery and neutralized her assistance","A participant who effectively withdraws from the felony before the fatal act, communicates withdrawal, and attempts to neutralize assistance is generally not liable for later felony-murder consequences",A,"Yes, because she originally agreed to help commit the robbery","103. ID 18002 | Pattern: Tessa agreed to drive a getaway car for an armed robbery. An hour before the robbery, she texted the others that she was out, drove the car away from the meeting place, and called the store to warn that a… | Trap: Liability for later consequences can be cut off by effective withdrawal before the crime, communication to the other participants, and neutralization of prior assistance | Look for: C — No, because she effectively withdrew before the robbery and neutralized her assistance. Rule: A participant who effectively withdraws from the felony before the fatal act, communicates withdrawal, and attempts to neutralize assistance is generally not liable for later felony-murder consequences",116
104,14731,"A woman broke off her engagement to a man but refused to return the engagement ring the man had given her. One night, the man entered the woman's house after midnight to retrieve the ring. Although the woman was not…","This fact does not provide a defense to burglary, because the man still broke into and entered the house without the woman's consent",B,The man incorrectly and unreasonably believed that he was legally entitled to the ring,"The crime of burglary requires that the breaking and entering of the dwelling have been done at night, with the intent to commit an underlying felony (in most cases, larceny). The man's subjective belief that he was entitled to the ring (even…",D,The man took nothing of value from the house.,"104. ID 14731 | Pattern: A woman broke off her engagement to a man but refused to return the engagement ring the man had given her. One night, the man entered the woman's house after midnight to retrieve the ring. Although the woman was not… | Trap: This fact does not provide a defense to burglary, because the man still broke into and entered the house without the woman's consent | Look for: B — The man incorrectly and unreasonably believed that he was legally entitled to the ring. Rule: The crime of burglary requires that the breaking and entering of the dwelling have been done at night, with the intent to commit an underlying felony (in most cases, larceny). The man's subjective belief that he was entitled to the ring (even…",132
105,18944,"Officers reasonably suspect Tom of shoplifting after seeing him hide store merchandise under his coat. They stop him outside the store. Tom is calm, cooperative, makes no threatening movement, and has no visible bulge. Without more, an officer pats him…",Stop and frisk are separate intrusions with separate justifications,A,"No, because officers lacked reasonable suspicion that Tom was armed and dangerous",A Terry frisk is permitted only when officers reasonably suspect the stopped person is armed and dangerous; reasonable suspicion of crime alone is not enough,B,"Yes, because every valid Terry stop includes a frisk","105. ID 18944 | Pattern: Officers reasonably suspect Tom of shoplifting after seeing him hide store merchandise under his coat. They stop him outside the store. Tom is calm, cooperative, makes no threatening movement, and has no visible bulge. Without more, an officer pats him… | Trap: Stop and frisk are separate intrusions with separate justifications | Look for: A — No, because officers lacked reasonable suspicion that Tom was armed and dangerous. Rule: A Terry frisk is permitted only when officers reasonably suspect the stopped person is armed and dangerous; reasonable suspicion of crime alone is not enough",99
106,16117,"In the course of robbing a bank, the defendant pointed a gun at three bank tellers and the bank manager and ordered them to go from the bank lobby to the back room while his confederate attempted to open the…","In some jurisdictions, a ransom demand makes the defendant guilty of a more serious degree of the crime, but no jurisdiction requires a ransom demand as an essential element of…",C,ordering the bank manager to go from the bank lobby to the back room was incidental and necessary to the commission of the robbery,Kidnapping is the intentional asportation and confinement of a person against the person's will by means of force or threat and without lawful authority,A,he did not demand a ransom.,"106. ID 16117 | Pattern: In the course of robbing a bank, the defendant pointed a gun at three bank tellers and the bank manager and ordered them to go from the bank lobby to the back room while his confederate attempted to open the… | Trap: In some jurisdictions, a ransom demand makes the defendant guilty of a more serious degree of the crime, but no jurisdiction requires a ransom demand as an essential element of… | Look for: C — ordering the bank manager to go from the bank lobby to the back room was incidental and necessary to the commission of the robbery. Rule: Kidnapping is the intentional asportation and confinement of a person against the person's will by means of force or threat and without lawful authority",131
107,20812,"Same facts as CR-076: Agent Reyes, working undercover, approached Leonard and proposed that they jointly sell stolen electronics. Leonard agreed and provided a list of items he could supply. Agent Reyes never intended to complete any sale. The jurisdiction has…",This is an MPC jurisdiction. The MPC deliberately abandoned the bilateral requirement,B,"Yes, because under the MPC only Leonard's agreement and criminal intent need to be proved","Under the MPC, conspiracy is unilateral: a person is guilty if he agrees with another to commit a crime, even if that other person feigns agreement or is acquitted; only the agreeing defendant's genuine intent is required",A,"No, because there was no genuine bilateral agreement","107. ID 20812 | Pattern: Same facts as CR-076: Agent Reyes, working undercover, approached Leonard and proposed that they jointly sell stolen electronics. Leonard agreed and provided a list of items he could supply. Agent Reyes never intended to complete any sale. The jurisdiction has… | Trap: This is an MPC jurisdiction. The MPC deliberately abandoned the bilateral requirement | Look for: B — Yes, because under the MPC only Leonard's agreement and criminal intent need to be proved. Rule: Under the MPC, conspiracy is unilateral: a person is guilty if he agrees with another to commit a crime, even if that other person feigns agreement or is acquitted; only the agreeing defendant's genuine intent is required",117
108,21869,"Police have an arrest warrant for Victor. They receive a tip that Victor is visiting a friend's apartment. Without consent, exigency, or a search warrant for the apartment, officers enter the friend's home and arrest Victor in a bedroom. Was…",A third party's home has its own Fourth Amendment protection,B,"No, because police needed a search warrant for the third party's home or a valid exception",An arrest warrant for a suspect does not by itself authorize entry into a third party's home; police generally need a search warrant or an exception,A,"Yes, because an arrest warrant follows the suspect into any home","108. ID 21869 | Pattern: Police have an arrest warrant for Victor. They receive a tip that Victor is visiting a friend's apartment. Without consent, exigency, or a search warrant for the apartment, officers enter the friend's home and arrest Victor in a bedroom. Was… | Trap: A third party's home has its own Fourth Amendment protection | Look for: B — No, because police needed a search warrant for the third party's home or a valid exception. Rule: An arrest warrant for a suspect does not by itself authorize entry into a third party's home; police generally need a search warrant or an exception",105
109,16179,"A defendant was charged with armed robbery. The defendant had only an eighth-grade education and no legal knowledge. At a pretrial hearing, the defendant told the judge that he was unhappy with the public defender who had been appointed to…",Do not call self-representation valid merely because the defendant chose it; waiver of counsel must be knowing and intelligent on the record,D,"Yes, because the record does not establish a valid waiver of the right to counsel","” When a criminal defendant wishes to waive his Sixth Amendment right to assistance of counsel, and to instead represent himself at trial, he has a Sixth Amendment right to elect to do so. However, because the right to assistance of counsel…",B,"No, because the trial court’s error was harmless in light of the overwhelming evidence.","109. ID 16179 | Pattern: A defendant was charged with armed robbery. The defendant had only an eighth-grade education and no legal knowledge. At a pretrial hearing, the defendant told the judge that he was unhappy with the public defender who had been appointed to… | Trap: Do not call self-representation valid merely because the defendant chose it; waiver of counsel must be knowing and intelligent on the record | Look for: D — Yes, because the record does not establish a valid waiver of the right to counsel. Rule: ” When a criminal defendant wishes to waive his Sixth Amendment right to assistance of counsel, and to instead represent himself at trial, he has a Sixth Amendment right to elect to do so. However, because the right to assistance of counsel…",132
110,21168,"Nora sees a painting hanging in her cousin's apartment and honestly believes it is the same painting her grandmother left to Nora in a will. Without asking, Nora takes the painting to her own home, intending to keep it as…",A sincere claim of right can negate larcenous intent even when the taking is civilly wrongful,C,"No, because her sincere belief in a right to the specific painting negates larcenous intent",A defendant who honestly believes he has a right to the specific property taken generally lacks the larcenous intent required for larceny,A,"Yes, because Nora did not ask permission before taking the painting","110. ID 21168 | Pattern: Nora sees a painting hanging in her cousin's apartment and honestly believes it is the same painting her grandmother left to Nora in a will. Without asking, Nora takes the painting to her own home, intending to keep it as… | Trap: A sincere claim of right can negate larcenous intent even when the taking is civilly wrongful | Look for: C — No, because her sincere belief in a right to the specific painting negates larcenous intent. Rule: A defendant who honestly believes he has a right to the specific property taken generally lacks the larcenous intent required for larceny",106
111,21357,"Norbert is a cashier at a hardware store. His manager asks him to take the day's cash receipts to the bank for deposit. While walking to the bank, Norbert decides to pocket $400 from the deposit bag and deposit only…",Larceny requires a trespassory taking — one in which the defendant had no lawful right to possession at the moment of taking,B,"Embezzlement, because Norbert fraudulently converted property entrusted to him","Embezzlement requires that the defendant's initial possession of the property be lawful — typically through entrustment by the owner in a fiduciary or employment relationship. If the initial taking was trespassory, the crime is larceny, not embezzlement",A,"Larceny, because Norbert took the $400 without the owner's consent","111. ID 21357 | Pattern: Norbert is a cashier at a hardware store. His manager asks him to take the day's cash receipts to the bank for deposit. While walking to the bank, Norbert decides to pocket $400 from the deposit bag and deposit only… | Trap: Larceny requires a trespassory taking — one in which the defendant had no lawful right to possession at the moment of taking | Look for: B — Embezzlement, because Norbert fraudulently converted property entrusted to him. Rule: Embezzlement requires that the defendant's initial possession of the property be lawful — typically through entrustment by the owner in a fiduciary or employment relationship. If the initial taking was trespassory, the crime is larceny, not embezzlement",121
112,18861,"Evan's supervisor tells him that unless he falsifies customer refund records by Friday, Evan will be fired and blacklisted in the industry. Evan believes he will lose his apartment if fired. He falsifies the records and is charged with fraud.…",Duress requires an imminent threat of death or serious bodily harm,C,"No, because economic pressure is not the type of imminent physical threat required for duress","Duress requires an imminent threat of death or serious bodily harm, not merely economic pressure, job loss, embarrassment, or financial ruin",A,"Yes, because losing housing is a serious consequence","112. ID 18861 | Pattern: Evan's supervisor tells him that unless he falsifies customer refund records by Friday, Evan will be fired and blacklisted in the industry. Evan believes he will lose his apartment if fired. He falsifies the records and is charged with fraud.… | Trap: Duress requires an imminent threat of death or serious bodily harm | Look for: C — No, because economic pressure is not the type of imminent physical threat required for duress. Rule: Duress requires an imminent threat of death or serious bodily harm, not merely economic pressure, job loss, embarrassment, or financial ruin",100
113,20127,"Officers arrested Victor for robbery and questioned him without Miranda warnings. Victor voluntarily said, ""The stolen watch is in my locker."" Officers obtained a valid search warrant for the locker based on the statement and found the watch. The prosecution…",Physical fruits of a voluntary unwarned statement are generally not suppressed for a Miranda violation,C,"No, because physical evidence derived from a voluntary unwarned statement need not be suppressed",A Miranda violation does not require suppression of physical evidence discovered through an unwarned but voluntary statement,A,"Yes, because all evidence derived from an unwarned statement is fruit of the poisonous tree","113. ID 20127 | Pattern: Officers arrested Victor for robbery and questioned him without Miranda warnings. Victor voluntarily said, ""The stolen watch is in my locker."" Officers obtained a valid search warrant for the locker based on the statement and found the watch. The prosecution… | Trap: Physical fruits of a voluntary unwarned statement are generally not suppressed for a Miranda violation | Look for: C — No, because physical evidence derived from a voluntary unwarned statement need not be suppressed. Rule: A Miranda violation does not require suppression of physical evidence discovered through an unwarned but voluntary statement",99
114,21024,"Police arrested Omar for selling drugs under the street name ""Northside O."" At booking, before Miranda warnings, an officer asked for Omar's name, address, date of birth, and ""the street name you used for sales on Maple Avenue."" Omar answered…",The exception covers routine administrative data. A question tying Omar to drug sales was investigative and likely to elicit incriminating evidence,C,"No, because the alias question was reasonably likely to elicit an incriminating response","The booking exception covers routine administrative identity questions, not questions police should know are reasonably likely to elicit incriminating responses",A,"Yes, because all questions asked during booking are exempt from Miranda","114. ID 21024 | Pattern: Police arrested Omar for selling drugs under the street name ""Northside O."" At booking, before Miranda warnings, an officer asked for Omar's name, address, date of birth, and ""the street name you used for sales on Maple Avenue."" Omar answered… | Trap: The exception covers routine administrative data. A question tying Omar to drug sales was investigative and likely to elicit incriminating evidence | Look for: C — No, because the alias question was reasonably likely to elicit an incriminating response. Rule: The booking exception covers routine administrative identity questions, not questions police should know are reasonably likely to elicit incriminating responses",107
115,19289,"After a bitter business dispute, Vance told Leah, ""Someday soon, I will make you pay."" Two days later, Leah saw Vance sitting unarmed at a cafe. Vance did not approach or threaten her. Leah, fearing he would eventually attack, pulled…","Deadly self-defense requires imminent danger. A vague future threat made days earlier, with Vance sitting unarmed and not approaching, does not justify immediate deadly force",C,"No, because there was no imminent threat justifying deadly force",Deadly self-defense requires an honest and reasonable belief in imminent unlawful deadly force or serious bodily harm; fear of future harm is not enough,A,"Yes, because Vance had threatened her in the past","115. ID 19289 | Pattern: After a bitter business dispute, Vance told Leah, ""Someday soon, I will make you pay."" Two days later, Leah saw Vance sitting unarmed at a cafe. Vance did not approach or threaten her. Leah, fearing he would eventually attack, pulled… | Trap: Deadly self-defense requires imminent danger. A vague future threat made days earlier, with Vance sitting unarmed and not approaching, does not justify immediate deadly force | Look for: C — No, because there was no imminent threat justifying deadly force. Rule: Deadly self-defense requires an honest and reasonable belief in imminent unlawful deadly force or serious bodily harm; fear of future harm is not enough",112
116,14590,"A store owner whose jewelry store had recently been robbed was shown by a police detective a photograph of the defendant, who previously had committed other similar crimes. The store owner examined the photograph and then asked the detective whether…","This out-of-court identification was in fact unnecessarily suggestive, and the proper remedy for such a violation is suppression of the in-court testimony, which renders this answer incorrect",D,"Yes, unless the prosecution demonstrates that the in-court identification is reliable","An out-of-court identification procedure is improper if it is unnecessarily suggestive, which this procedure (involving just one photograph and the detective's leading statement) plainly was. However, the prosecution has the opportunity to demonstrate the reliability of the in-court identification and still succeed…",C,"Yes, because the improper out-of-court identification has necessarily tainted any in- court identification.","116. ID 14590 | Pattern: A store owner whose jewelry store had recently been robbed was shown by a police detective a photograph of the defendant, who previously had committed other similar crimes. The store owner examined the photograph and then asked the detective whether… | Trap: This out-of-court identification was in fact unnecessarily suggestive, and the proper remedy for such a violation is suppression of the in-court testimony, which renders this answer incorrect | Look for: D — Yes, unless the prosecution demonstrates that the in-court identification is reliable. Rule: An out-of-court identification procedure is improper if it is unnecessarily suggestive, which this procedure (involving just one photograph and the detective's leading statement) plainly was. However, the prosecution has the opportunity to demonstrate the reliability of the in-court identification and still succeed…",133
117,19534,"A woman drove her car through the drive-through lane of a fast-food restaurant one afternoon. When she reached the microphone used to place orders, she said, ""There's a man across the street with a rifle. He can see everything you…",The woman never had lawful possession of the money and so cannot be convicted of embezzlement,D,Robbery or larceny,All the elements of larceny and robbery were present. The woman's threat of immediate harm to the clerk was sufficient to constitute the intimidation required for robbery,C,Robbery and larceny.,"117. ID 19534 | Pattern: A woman drove her car through the drive-through lane of a fast-food restaurant one afternoon. When she reached the microphone used to place orders, she said, ""There's a man across the street with a rifle. He can see everything you… | Trap: The woman never had lawful possession of the money and so cannot be convicted of embezzlement | Look for: D — Robbery or larceny. Rule: All the elements of larceny and robbery were present. The woman's threat of immediate harm to the clerk was sufficient to constitute the intimidation required for robbery",99
118,16173,"In a trial of a defendant for armed bank robbery, the prosecutor presented overwhelming evidence of guilt. Three tellers identified the defendant as the robber, a latent fingerprint found on the bank counter linked the defendant to the scene, and…",Do not let overwhelming evidence cure a directed guilty verdict; the jury must find every element beyond a reasonable doubt,D,"Reverse the conviction, because the judge’s action in directing the verdict denied the defendant his constitutional right to a trial by jury",A criminal defendant has a Sixth Amendment right to a jury trial. This right includes the right not to be convicted unless the jury finds that each element of the crime has been proved beyond a reasonable doubt,C,"Reverse the conviction, because the defense attorney’s failure to timely object to the judge’s action constituted ineffective assistance of counsel.","118. ID 16173 | Pattern: In a trial of a defendant for armed bank robbery, the prosecutor presented overwhelming evidence of guilt. Three tellers identified the defendant as the robber, a latent fingerprint found on the bank counter linked the defendant to the scene, and… | Trap: Do not let overwhelming evidence cure a directed guilty verdict; the jury must find every element beyond a reasonable doubt | Look for: D — Reverse the conviction, because the judge’s action in directing the verdict denied the defendant his constitutional right to a trial by jury. Rule: A criminal defendant has a Sixth Amendment right to a jury trial. This right includes the right not to be convicted unless the jury finds that each element of the crime has been proved beyond a reasonable doubt",133
119,16207,A marijuana farmer had been missing for several months. The sheriff’s department received an anonymous tip that a rival marijuana farmer had buried the missing farmer in a hillside about 200 yards from the rival farmer’s farmhouse. Sheriff’s deputies went…,"Do not use open-fields doctrine to save a custodial interrogation; once restrained and questioned, Miranda warnings are required",A,"grant the motion, because the rival farmer did not voluntarily waive his right to silence","When an individual is taken into custody by the authorities and is subjected to interrogation, he is entitled to a Miranda warning. When one deputy pinned the rival farmer’s arms behind his back, the rival farmer was clearly in “custody” (he was…",B,"grant the motion, because the statement was the product of the warrantless entry and search of the rival farmer’s farm.","119. ID 16207 | Pattern: A marijuana farmer had been missing for several months. The sheriff’s department received an anonymous tip that a rival marijuana farmer had buried the missing farmer in a hillside about 200 yards from the rival farmer’s farmhouse. Sheriff’s deputies went… | Trap: Do not use open-fields doctrine to save a custodial interrogation; once restrained and questioned, Miranda warnings are required | Look for: A — grant the motion, because the rival farmer did not voluntarily waive his right to silence. Rule: When an individual is taken into custody by the authorities and is subjected to interrogation, he is entitled to a Miranda warning. When one deputy pinned the rival farmer’s arms behind his back, the rival farmer was clearly in “custody” (he was…",128
120,14598,"The police had, over time, accumulated reliable information that a suspect operated a large cocaine-distribution network, that he and his accomplices often resorted to violence, and that they kept a small arsenal of weapons in his home. One day, the…",Police officers are allowed to use force to open a door pursuant to a proper search warrant,C,"denied, because the statement was volunteered","The suspect voluntarily made the statements at issue and they were not made during the course of a custodial interrogation, so they should not be suppressed",B,"granted, because the police failed to read the suspect his Miranda rights.","120. ID 14598 | Pattern: The police had, over time, accumulated reliable information that a suspect operated a large cocaine-distribution network, that he and his accomplices often resorted to violence, and that they kept a small arsenal of weapons in his home. One day, the… | Trap: Police officers are allowed to use force to open a door pursuant to a proper search warrant | Look for: C — denied, because the statement was volunteered. Rule: The suspect voluntarily made the statements at issue and they were not made during the course of a custodial interrogation, so they should not be suppressed",102
121,14561,"Suspecting that a defendant had slain his wife, police detectives persuaded one of the defendant's employees to remove a drinking glass from the defendant's office so that it could be used for fingerprint comparisons with a knife found near the…","The motion is premature; the grand jury is allowed to consider almost all kinds of evidence (fingerprints in this case), even if there was no probable cause for obtaining it",C,"denied, because motions based on the exclusionary rule are premature in grand jury proceedings",A motion to exclude illegally-obtained evidence is premature during grand jury proceedings and it should be denied,B,"granted, because the employee was acting as a police agent and his seizure of the glass without a warrant was unconstitutional.","121. ID 14561 | Pattern: Suspecting that a defendant had slain his wife, police detectives persuaded one of the defendant's employees to remove a drinking glass from the defendant's office so that it could be used for fingerprint comparisons with a knife found near the… | Trap: The motion is premature; the grand jury is allowed to consider almost all kinds of evidence (fingerprints in this case), even if there was no probable cause for obtaining it | Look for: C — denied, because motions based on the exclusionary rule are premature in grand jury proceedings. Rule: A motion to exclude illegally-obtained evidence is premature during grand jury proceedings and it should be denied",114
122,20472,"A man went to a car dealer. The dealer showed him a car that he said was “brand new.” The man checked the odometer, which showed it had been driven 10 miles, and checked the interior and engine, which looked…",Do not confuse larceny by trick with false pretenses; fraud that induces transfer of title is false pretenses,B,False pretenses,"Here, the dealer was clearly not already in lawful possession of the man's money before the man gave it to him based on his belief he was buying a new car",A,Larceny by trick.,"122. ID 20472 | Pattern: A man went to a car dealer. The dealer showed him a car that he said was “brand new.” The man checked the odometer, which showed it had been driven 10 miles, and checked the interior and engine, which looked… | Trap: Do not confuse larceny by trick with false pretenses; fraud that induces transfer of title is false pretenses | Look for: B — False pretenses. Rule: Here, the dealer was clearly not already in lawful possession of the man's money before the man gave it to him based on his belief he was buying a new car",104
123,18980,"During the defendant's felony fraud trial, the jury sends a note to the judge asking for clarification on the definition of ""intent to defraud."" The judge, without notifying defense counsel or the defendant, convenes in chambers with the prosecutor and…",A supplemental instruction responding to a jury question about an element of the offense directly affects the jury's deliberative process and the defendant's understanding of what must be proved,C,"Yes, because the in-chambers supplemental instruction to the jury on an element of the offense is a critical stage, and the defendant had no opportunity to…","The Sixth Amendment and Due Process Clause guarantee a defendant the right to be present at all stages of trial where the defendant's presence has a reasonably substantial relation to the fullness of the opportunity to defend; this includes jury selection, witness…",D,"Yes, and the error automatically requires reversal because ex parte judicial communications with the prosecution are a structural defect","123. ID 18980 | Pattern: During the defendant's felony fraud trial, the jury sends a note to the judge asking for clarification on the definition of ""intent to defraud."" The judge, without notifying defense counsel or the defendant, convenes in chambers… | Trap: A supplemental instruction responding to a jury question about an element of the offense directly affects the jury's deliberative process and the defendant's understanding of what must be… | Look for: C — Yes, because the in-chambers supplemental instruction to the jury on an element of the offense is a critical stage, and the defendant had no…. Rule: The Sixth Amendment and Due Process Clause guarantee a defendant the right to be present at all stages of trial where the defendant's presence has a reasonably substantial relation to the fullness of the opportunity to defend; this…",139
124,17490,"Officers arrested Ray, gave Miranda warnings, and obtained a written waiver. Officers then interrogated Ray for sixteen hours without a break, denying his requests for food, sleep, and bathroom access. Ray was kept in a windowless room with bright lights.…",Miranda compliance and Due Process voluntariness are independent requirements,C,"Yes, because the totality of circumstances — sixteen-hour interrogation, denial of food and sleep, sensory deprivation — likely overbore Ray's will, rendering the confession involuntary","A confession is involuntary under the Due Process Clause if, under the totality of circumstances, police conduct overbore the suspect's will; Miranda compliance does not immunize a confession from a separate voluntariness challenge",A,"No, because Ray received Miranda warnings and executed a written waiver, establishing that his statements were voluntary","124. ID 17490 | Pattern: Officers arrested Ray, gave Miranda warnings, and obtained a written waiver. Officers then interrogated Ray for sixteen hours without a break, denying his requests for food, sleep, and bathroom access. Ray was kept in a windowless room with bright lights.… | Trap: Miranda compliance and Due Process voluntariness are independent requirements | Look for: C — Yes, because the totality of circumstances — sixteen-hour interrogation, denial of food and sleep, sensory deprivation — likely overbore Ray's will, rendering the confession involuntary. Rule: A confession is involuntary under the Due Process Clause if, under the totality of circumstances, police conduct overbore the suspect's will; Miranda compliance does not immunize a confession from a separate voluntariness challenge",120
125,21789,"After Theo is indicted for murder, the court orders a psychiatric exam to determine competency. Without notifying defense counsel, the prosecutor also asks the psychiatrist to question Theo about future dangerousness for use at sentencing. The psychiatrist does so and…",A government-arranged exam can elicit incriminating information for prosecution purposes after attachment,A,The use of the statements is problematic because counsel was not notified that the exam would be used to elicit sentencing evidence,"After the right to counsel attaches, the government may violate the Sixth Amendment by using a court-ordered psychiatric examination to elicit incriminating statements without notice to counsel about the examination's prosecutorial purpose",C,There is no issue because sentencing is not part of the criminal case,"125. ID 21789 | Pattern: After Theo is indicted for murder, the court orders a psychiatric exam to determine competency. Without notifying defense counsel, the prosecutor also asks the psychiatrist to question Theo about future dangerousness for use at sentencing. The psychiatrist does so and… | Trap: A government-arranged exam can elicit incriminating information for prosecution purposes after attachment | Look for: A — The use of the statements is problematic because counsel was not notified that the exam would be used to elicit sentencing evidence. Rule: After the right to counsel attaches, the government may violate the Sixth Amendment by using a court-ordered psychiatric examination to elicit incriminating statements without notice to counsel about the examination's prosecutorial purpose",119
126,18407,"Police knock at an apartment shared by two residents. Both are standing at the door. One resident says, ""You can search the apartment."" The other immediately says, ""No, I do not consent."" Police enter anyway and find evidence in the…",A physically present co-occupant's express refusal can defeat consent by another occupant,B,"No, because a present co-occupant with common authority expressly objected",Consent from one occupant generally cannot override the express refusal of a physically present co-occupant with common authority,A,"Yes, because consent from any occupant with common authority is always enough","126. ID 18407 | Pattern: Police knock at an apartment shared by two residents. Both are standing at the door. One resident says, ""You can search the apartment."" The other immediately says, ""No, I do not consent."" Police enter anyway and find evidence in the… | Trap: A physically present co-occupant's express refusal can defeat consent by another occupant | Look for: B — No, because a present co-occupant with common authority expressly objected. Rule: Consent from one occupant generally cannot override the express refusal of a physically present co-occupant with common authority",93
127,18501,"A grand jury subpoena orders Dana, the sole owner of a small business, to produce ""all ledgers showing cash payments from the unlicensed gambling room."" The government does not know whether such ledgers exist or whether Dana has them. Dana…",Voluntarily created document contents are not automatically privileged. The issue is the testimonial act of producing them,C,"Producing the ledgers may be testimonial because it would admit existence, possession, and authenticity of documents the government cannot otherwise identify","The contents of voluntarily created documents are not privileged merely because they are incriminating, but a compelled act of production may have testimonial significance unless immunity or another doctrine removes the risk",A,The subpoena is invalid because the contents of all business records are automatically privileged,"127. ID 18501 | Pattern: A grand jury subpoena orders Dana, the sole owner of a small business, to produce ""all ledgers showing cash payments from the unlicensed gambling room."" The government does not know whether such ledgers exist or whether Dana has them. Dana… | Trap: Voluntarily created document contents are not automatically privileged. The issue is the testimonial act of producing them | Look for: C — Producing the ledgers may be testimonial because it would admit existence, possession, and authenticity of documents the government cannot otherwise identify. Rule: The contents of voluntarily created documents are not privileged merely because they are incriminating, but a compelled act of production may have testimonial significance unless immunity or another doctrine removes the risk",123
128,16144,A man asked his girlfriend to lend him something he could use to break into his neighbor’s padlocked storage shed in order to steal a lawn mower. She handed him a crowbar. He took the crowbar but then found a…,Do not require the exact tool supplied to be used; encouragement with intent can make the helper an accomplice to the completed crimes,A,Burglary and larceny,"If A, while having the mental state for crime X, aids, abets, encourages or assists B to commit crime X, and B in fact commits crime X, A is guilty of crime X as an accomplice",C,"Larceny, but not burglary, because she provided no actual assistance to the breaking but received a benefit from the larceny.","128. ID 16144 | Pattern: A man asked his girlfriend to lend him something he could use to break into his neighbor’s padlocked storage shed in order to steal a lawn mower. She handed him a crowbar. He took the crowbar but then found a… | Trap: Do not require the exact tool supplied to be used; encouragement with intent can make the helper an accomplice to the completed crimes | Look for: A — Burglary and larceny. Rule: If A, while having the mental state for crime X, aids, abets, encourages or assists B to commit crime X, and B in fact commits crime X, A is guilty of crime X as an accomplice",115
129,16035,"During a trip across the United States, a man used an Internet company that allowed people to rent out their homes to travelers. The man picked a nice home near the Grand Canyon that the defendant was renting out while…","A, B, and C are therefore incorrect",D,denied,"The Fourth Amendment only protects people from searches and seizures that are carried out by or on behalf of the government. Consequently, if the government is not involved in the search, the Fourth Amendment does not apply",A,"granted, because by turning the evidence over to the police, the man acted as a de facto agent of the government.","129. ID 16035 | Pattern: During a trip across the United States, a man used an Internet company that allowed people to rent out their homes to travelers. The man picked a nice home near the Grand Canyon that the defendant was renting out while… | Trap: A, B, and C are therefore incorrect | Look for: D — denied. Rule: The Fourth Amendment only protects people from searches and seizures that are carried out by or on behalf of the government. Consequently, if the government is not involved in the search, the Fourth Amendment does not apply",98
130,18620,Holly decided to empty an old gasoline can by pouring its contents down a storm drain behind her house. She did not know or think about where the drain led. The drain connected to a sewer line adjacent to an…,MPC purpose means the defendant consciously desired to cause the specific result (the fire or injury),C,"Recklessness, because Holly consciously disregarded a substantial and unjustifiable risk after being warned","Under the MPC, recklessness is conscious disregard of a substantial and unjustifiable risk; negligence is failure to be aware of a substantial and unjustifiable risk that a reasonable person would have perceived",D,"Negligence, because Holly failed to recognize a risk that a reasonable person would have perceived","130. ID 18620 | Pattern: Holly decided to empty an old gasoline can by pouring its contents down a storm drain behind her house. She did not know or think about where the drain led. The drain connected to a sewer line adjacent to an… | Trap: MPC purpose means the defendant consciously desired to cause the specific result (the fire or injury) | Look for: C — Recklessness, because Holly consciously disregarded a substantial and unjustifiable risk after being warned. Rule: Under the MPC, recklessness is conscious disregard of a substantial and unjustifiable risk; negligence is failure to be aware of a substantial and unjustifiable risk that a reasonable person would have perceived",114
131,14565,"A defendant was charged with manslaughter. At the preliminary hearing, the magistrate dismissed the charge on the ground that the evidence was insufficient. The prosecutor then brought the case before a grand jury. After hearing the evidence presented by the…","Although the motion should be denied, the reasoning is based on the fact that jeopardy does not attach during grand jury investigations, as stated above",A,"No, because jeopardy had not attached before either grand jury was impaneled",The prosecution was within its power to secure the indictment by waiting for a new grand jury because there is no jeopardy during grand jury investigations,D,"Yes, because bringing the case before the second grand jury violated the double jeopardy clause.","131. ID 14565 | Pattern: A defendant was charged with manslaughter. At the preliminary hearing, the magistrate dismissed the charge on the ground that the evidence was insufficient. The prosecutor then brought the case before a grand jury. After hearing the evidence presented by the… | Trap: Although the motion should be denied, the reasoning is based on the fact that jeopardy does not attach during grand jury investigations, as stated above | Look for: A — No, because jeopardy had not attached before either grand jury was impaneled. Rule: The prosecution was within its power to secure the indictment by waiting for a new grand jury because there is no jeopardy during grand jury investigations",116
132,18017,"In a crowded parking lot, Blair and Omar began shoving each other after a minor collision. Omar punched Blair hard in the face, breaking Blair's nose. Seconds later, while still bleeding and enraged, Blair grabbed a tire iron from beside…",Intent and dangerous force establish malice unless mitigation applies,B,"Voluntary manslaughter, because Omar's serious assault caused Blair to kill in the heat of passion before cooling","Voluntary manslaughter requires adequate provocation, actual heat of passion, no adequate cooling period, and a causal connection between provocation and killing",A,"Murder, because Blair intentionally used a deadly weapon","132. ID 18017 | Pattern: In a crowded parking lot, Blair and Omar began shoving each other after a minor collision. Omar punched Blair hard in the face, breaking Blair's nose. Seconds later, while still bleeding and enraged, Blair grabbed a tire iron from beside… | Trap: Intent and dangerous force establish malice unless mitigation applies | Look for: B — Voluntary manslaughter, because Omar's serious assault caused Blair to kill in the heat of passion before cooling. Rule: Voluntary manslaughter requires adequate provocation, actual heat of passion, no adequate cooling period, and a causal connection between provocation and killing",100
133,19155,"After burglarizing a house at night, Amara ran through the yard carrying stolen jewelry. The homeowner chased her. Before reaching her car or any safe hiding place, Amara pushed the homeowner down a staircase in the yard, killing him. Is…",Felony murder extends through immediate flight until temporary safety,C,"Yes, because the death occurred during immediate flight before Amara reached a place of temporary safety",The felony-murder transaction includes immediate flight from the felony until the felons reach a place of temporary safety,A,"No, because the burglary was complete once Amara left the house","133. ID 19155 | Pattern: After burglarizing a house at night, Amara ran through the yard carrying stolen jewelry. The homeowner chased her. Before reaching her car or any safe hiding place, Amara pushed the homeowner down a staircase in the yard, killing him. Is… | Trap: Felony murder extends through immediate flight until temporary safety | Look for: C — Yes, because the death occurred during immediate flight before Amara reached a place of temporary safety. Rule: The felony-murder transaction includes immediate flight from the felony until the felons reach a place of temporary safety",96
134,16100,"Because he wanted to run away with his mistress, a man decided to murder his wife by poisoning her. He slipped a lethal dose of poison into her morning coffee and went to work. When the wife came down to…",Do not require the wound to be independently fatal; accelerating an inevitable death can be a substantial factor cause,A,"Yes, because the stabbing sped up the wife's death",A person has to be the “cause-in-fact” of a death in order to be convicted for it. The mistress is not a “but-for” cause-in-fact of the wife's death since the wife would have died anyway from the poison,D,"No, because the stabbing could not have killed the wife on its own.","134. ID 16100 | Pattern: Because he wanted to run away with his mistress, a man decided to murder his wife by poisoning her. He slipped a lethal dose of poison into her morning coffee and went to work. When the wife came down to… | Trap: Do not require the wound to be independently fatal; accelerating an inevitable death can be a substantial factor cause | Look for: A — Yes, because the stabbing sped up the wife's death. Rule: A person has to be the “cause-in-fact” of a death in order to be convicted for it. The mistress is not a “but-for” cause-in-fact of the wife's death since the wife would have died anyway from the poison",119
135,18466,Felix was charged with aggravated battery. His appointed attorney was present throughout the trial but was absent during sentencing because of a scheduling conflict. The judge proceeded with sentencing without granting a continuance. Felix received the maximum sentence. Felix's new…,United States v. Cronic* established a distinct category: complete denial of counsel at a critical stage,C,"No, because complete absence of counsel at a critical stage (sentencing) triggers a conclusive presumption of prejudice under Cronic","Under United States v. Cronic, prejudice is conclusively presumed when counsel is completely absent at a critical stage; Strickland's reasonable-probability prejudice test applies only to alleged errors during representation, not to complete denial of counsel",A,"Yes, because Strickland applies to all Sixth Amendment ineffective assistance claims and always requires a showing of prejudice","135. ID 18466 | Pattern: Felix was charged with aggravated battery. His appointed attorney was present throughout the trial but was absent during sentencing because of a scheduling conflict. The judge proceeded with sentencing without granting a continuance. Felix received the maximum sentence. Felix's new… | Trap: United States v. Cronic* established a distinct category: complete denial of counsel at a critical stage | Look for: C — No, because complete absence of counsel at a critical stage (sentencing) triggers a conclusive presumption of prejudice under Cronic. Rule: Under United States v. Cronic, prejudice is conclusively presumed when counsel is completely absent at a critical stage; Strickland's reasonable-probability prejudice test applies only to alleged errors during representation, not to complete denial of counsel",123
136,18125,"Officers stopped a car for a broken taillight. During the stop, a drug-detection dog alerted to the passenger compartment. Officers arrested the driver for an outstanding warrant for check fraud. They secured the driver in the patrol car and then…","SITA-Gant and the automobile exception are independent. Even if SITA-Gant fails, the automobile exception may independently authorize the search",C,"Yes, because the dog alert provided probable cause to believe the vehicle contained contraband, and the automobile exception authorizes the search independently of SITA-Gant","SITA-Gant and the automobile exception are independent doctrines; SITA-Gant requires either an unsecured arrestee or reason to believe the vehicle contains evidence of the offense of arrest; the automobile exception requires probable cause to believe the vehicle contains contraband, regardless of whether…",A,"No, because SITA-Gant bars the search and no other exception permits it","136. ID 18125 | Pattern: Officers stopped a car for a broken taillight. During the stop, a drug-detection dog alerted to the passenger compartment. Officers arrested the driver for an outstanding warrant for check fraud. They secured the driver in the patrol car and then… | Trap: SITA-Gant and the automobile exception are independent. Even if SITA-Gant fails, the automobile exception may independently authorize the search | Look for: C — Yes, because the dog alert provided probable cause to believe the vehicle contained contraband, and the automobile exception authorizes the search independently of SITA-Gant. Rule: SITA-Gant and the automobile exception are independent doctrines; SITA-Gant requires either an unsecured arrestee or reason to believe the vehicle contains evidence of the offense of arrest; the automobile exception requires probable cause to believe the vehicle contains contraband, regardless of whether…",138
137,14564,Two defendants were being tried together in federal court for bank robbery. The prosecutor sought to introduce testimony from the first defendant's prison cellmate. The cellmate would testify that the first defendant had admitted to the cellmate that he and…,Miranda warnings were not required because the first defendant was not compelled by a known law enforcement agent to make the statement,B,"No, because the limiting instruction cannot ensure that the jury will not consider the testimony in its deliberations regarding the second defendant","The limiting instruction is constitutionally insufficient to avoid the risk that the jury will consider the incriminating statement against the second defendant, who has no opportunity at trial to confront the non-testifying first defendant",D,"Yes, because the limiting instruction sufficiently protects the second defendant.","137. ID 14564 | Pattern: Two defendants were being tried together in federal court for bank robbery. The prosecutor sought to introduce testimony from the first defendant's prison cellmate. The cellmate would testify that the first defendant had admitted to the cellmate that he and… | Trap: Miranda warnings were not required because the first defendant was not compelled by a known law enforcement agent to make the statement | Look for: B — No, because the limiting instruction cannot ensure that the jury will not consider the testimony in its deliberations regarding the second defendant. Rule: The limiting instruction is constitutionally insufficient to avoid the risk that the jury will consider the incriminating statement against the second defendant, who has no opportunity at trial to confront the non-testifying first defendant",131
138,19143,"Police lawfully impound a car after arresting its driver. Department policy requires officers to list valuables in the passenger compartment and trunk. An officer follows the policy, opens the trunk, records property, and finds a bag of stolen jewelry in…",A lawful inventory under standardized procedures can include trunk areas covered by policy,B,"Yes, because the car was lawfully impounded and officers followed standardized caretaking procedures","A valid inventory search must serve caretaking purposes and follow standardized procedures, not be a pretext for evidence rummaging",A,"No, because police always need probable cause to open a trunk","138. ID 19143 | Pattern: Police lawfully impound a car after arresting its driver. Department policy requires officers to list valuables in the passenger compartment and trunk. An officer follows the policy, opens the trunk, records property, and finds a bag of stolen jewelry in… | Trap: A lawful inventory under standardized procedures can include trunk areas covered by policy | Look for: B — Yes, because the car was lawfully impounded and officers followed standardized caretaking procedures. Rule: A valid inventory search must serve caretaking purposes and follow standardized procedures, not be a pretext for evidence rummaging",98
139,20426,"A warrant authorized police to search ""the single-family residence at 14 Oak Street"" for stolen laptops. The warrant did not mention any outbuilding. Officers searched a locked detached shed behind the house and found the laptops there. The shed was…",Warrant scope depends on the description and authorized places,A,The laptops should be suppressed because officers searched a place outside the warrant's particularized scope,Officers executing a warrant must stay within its particularized scope; evidence found in areas not authorized by the warrant may be suppressed,B,The laptops are admissible because any valid warrant for a home includes all nearby structures,"139. ID 20426 | Pattern: A warrant authorized police to search ""the single-family residence at 14 Oak Street"" for stolen laptops. The warrant did not mention any outbuilding. Officers searched a locked detached shed behind the house and found the laptops there. The shed was… | Trap: Warrant scope depends on the description and authorized places | Look for: A — The laptops should be suppressed because officers searched a place outside the warrant's particularized scope. Rule: Officers executing a warrant must stay within its particularized scope; evidence found in areas not authorized by the warrant may be suppressed",99
140,16094,"After the defendant entered a tavern and sat on a stool at the bar, a friend sitting beside him said, “Did you ever have this special drink?” The defendant ordered the special drink, although he had never heard of it…",A person may become “voluntarily” intoxicated even without the intent to become drunk so long as he or she is aware that the substance that he or she is taking…,D,The defendant had never before been overcome by the alcohol in one drink,"Criminal battery consists of the intentional, reckless, or criminally negligent application of force to the body of another",A,The defendant did not intend to become intoxicated by drinking the drink.,"140. ID 16094 | Pattern: After the defendant entered a tavern and sat on a stool at the bar, a friend sitting beside him said, “Did you ever have this special drink?” The defendant ordered the special drink, although he had never heard of it… | Trap: A person may become “voluntarily” intoxicated even without the intent to become drunk so long as he or she is aware that the substance that he or she is taking… | Look for: D — The defendant had never before been overcome by the alcohol in one drink. Rule: Criminal battery consists of the intentional, reckless, or criminally negligent application of force to the body of another",114
141,16086,"Undercover police officers received an anonymous tip that the defendant was engaged in buying and selling stolen cars. They decided to catch the defendant by pretending to be criminals. One of the officers arranged to meet the defendant, telling the…","Police officers are supposed to prevent crime, not to cause it",A,The car that the defendant purchased from the other officer had been requisitioned from the police department,A defendant is guilty of criminally receiving stolen property when he or she acquires stolen personal property with knowledge that it is stolen and with the intent to permanently deprive its owner,B,The money that the defendant used to purchase the car from the other officer had been requisitioned from the police department.,"141. ID 16086 | Pattern: Undercover police officers received an anonymous tip that the defendant was engaged in buying and selling stolen cars. They decided to catch the defendant by pretending to be criminals. One of the officers arranged to meet the defendant, telling the… | Trap: Police officers are supposed to prevent crime, not to cause it | Look for: A — The car that the defendant purchased from the other officer had been requisitioned from the police department. Rule: A defendant is guilty of criminally receiving stolen property when he or she acquires stolen personal property with knowledge that it is stolen and with the intent to permanently deprive its owner",113
142,20090,A woman went to an art gallery and falsely represented that she was an agent for a museum and wanted to purchase a painting that was hanging in the gallery. The woman and the gallery owner then agreed on a…,This fact does not excuse the woman for knowingly making false statements to obtain property that she would not otherwise have been able to obtain,A,"No, because she believed that the painting belonged to her","The woman cannot properly be found guilty of obtaining property by false pretenses because, although she made the false statements to obtain property, she subjectively believed it belonged to her",D,"Yes, because she knowingly made a false representation on which the gallery owner relied.","142. ID 20090 | Pattern: A woman went to an art gallery and falsely represented that she was an agent for a museum and wanted to purchase a painting that was hanging in the gallery. The woman and the gallery owner then agreed on a… | Trap: This fact does not excuse the woman for knowingly making false statements to obtain property that she would not otherwise have been able to obtain | Look for: A — No, because she believed that the painting belonged to her. Rule: The woman cannot properly be found guilty of obtaining property by false pretenses because, although she made the false statements to obtain property, she subjectively believed it belonged to her",118
143,21143,"Ilan set fire to an occupied apartment building at night to collect insurance proceeds. Firefighters arrived while the fire was spreading. One firefighter entered to rescue tenants, was overcome by smoke, and died. Ilan was charged with felony murder. Is…",Firefighter response is a foreseeable consequence of setting fire to an occupied building,C,"Yes, because arson is a qualifying predicate and the firefighter's death was caused by the fire response","Arson is a classic felony-murder predicate, and deaths proximately caused by the fire or immediate response can fall within the felony transaction",A,"No, because Ilan did not know a firefighter would enter the building","143. ID 21143 | Pattern: Ilan set fire to an occupied apartment building at night to collect insurance proceeds. Firefighters arrived while the fire was spreading. One firefighter entered to rescue tenants, was overcome by smoke, and died. Ilan was charged with felony murder. Is… | Trap: Firefighter response is a foreseeable consequence of setting fire to an occupied building | Look for: C — Yes, because arson is a qualifying predicate and the firefighter's death was caused by the fire response. Rule: Arson is a classic felony-murder predicate, and deaths proximately caused by the fire or immediate response can fall within the felony transaction",105
144,17367,"Detectives arrested Cole in his home without a warrant, consent, exigency, or probable cause. Thirty minutes later at the station, they gave proper Miranda warnings. Cole waived and confessed. No intervening evidence, warrant, or voluntary return occurred between the arrest…",Counsel presence is not required for every post-arrest statement,A,"Yes, because the confession was the direct fruit of an unlawful arrest and no attenuation fact broke the causal chain",A confession following an illegal arrest is suppressible unless the causal taint is attenuated; warnings alone do not necessarily break the chain,C,"No, because Miranda warnings always cure the taint of an illegal arrest","144. ID 17367 | Pattern: Detectives arrested Cole in his home without a warrant, consent, exigency, or probable cause. Thirty minutes later at the station, they gave proper Miranda warnings. Cole waived and confessed. No intervening evidence, warrant, or voluntary return occurred between the arrest… | Trap: Counsel presence is not required for every post-arrest statement | Look for: A — Yes, because the confession was the direct fruit of an unlawful arrest and no attenuation fact broke the causal chain. Rule: A confession following an illegal arrest is suppressible unless the causal taint is attenuated; warnings alone do not necessarily break the chain",104
145,20658,"Soren joins a conspiracy to steal rare books. Before any theft, he sends a message to every conspirator saying he is withdrawing, retrieves the van he had supplied, and gives police the planned date. The remaining conspirators later steal the…",Withdrawal has limited consequences. It does not undo the completed agreement offense,A,"Effective withdrawal may cut off liability for the later theft, but it does not automatically erase the earlier conspiracy","A conspirator who effectively withdraws may avoid liability for later substantive crimes, but withdrawal generally does not erase liability for the conspiracy already joined",B,Withdrawal erases both the conspiracy and every later crime,"145. ID 20658 | Pattern: Soren joins a conspiracy to steal rare books. Before any theft, he sends a message to every conspirator saying he is withdrawing, retrieves the van he had supplied, and gives police the planned date. The remaining conspirators later steal the… | Trap: Withdrawal has limited consequences. It does not undo the completed agreement offense | Look for: A — Effective withdrawal may cut off liability for the later theft, but it does not automatically erase the earlier conspiracy. Rule: A conspirator who effectively withdraws may avoid liability for later substantive crimes, but withdrawal generally does not erase liability for the conspiracy already joined",108
146,14728,"A babysitter, while baby-sitting one night, noticed that the next-door neighbor had left his house but that the door did not close completely behind him. The babysitter said to the 11-year-old boy she was baby-sitting, ""Let's play a game. You…","Although the 11-year-old boy did not commit a crime, the babysitter did because she used him as an innocent agent in the commission of larceny, and she had the requisite…",D,guilty of larceny by the use of an innocent agent,"The babysitter is criminally responsible for the 11-year-old boy's actions, and, even though the boy did not have the mens rea necessary for the commission of larceny, the babysitter did, so she is guilty of larceny",B,"not guilty of larceny but guilty of attempted larceny, because she never acquired possession of the television.","146. ID 14728 | Pattern: A babysitter, while baby-sitting one night, noticed that the next-door neighbor had left his house but that the door did not close completely behind him. The babysitter said to the 11-year-old boy she was baby-sitting, ""Let's play a game. You… | Trap: Although the 11-year-old boy did not commit a crime, the babysitter did because she used him as an innocent agent in the commission of larceny, and she had the requisite… | Look for: D — guilty of larceny by the use of an innocent agent. Rule: The babysitter is criminally responsible for the 11-year-old boy's actions, and, even though the boy did not have the mens rea necessary for the commission of larceny, the babysitter did, so she is guilty of larceny",129
147,18678,"Two employees, Mira and Dane, separately remove security tags from expensive watches during the same overnight shift. They communicate by nods, place the watches in the same trash bag near the exit, and leave together after Dane texts, ""Same plan…",Agreement can be inferred from coordinated conduct and communications showing a shared criminal objective,B,The facts can support conspiracy because coordinated conduct and the text permit inference of a shared larceny plan,A conspiracy agreement may be proved by circumstantial evidence showing a shared criminal objective; an express formal contract or direct statement of agreement is not required,A,The conspiracy charge fails because there was no express spoken agreement,"147. ID 18678 | Pattern: Two employees, Mira and Dane, separately remove security tags from expensive watches during the same overnight shift. They communicate by nods, place the watches in the same trash bag near the exit, and leave together after Dane texts, ""Same plan… | Trap: Agreement can be inferred from coordinated conduct and communications showing a shared criminal objective | Look for: B — The facts can support conspiracy because coordinated conduct and the text permit inference of a shared larceny plan. Rule: A conspiracy agreement may be proved by circumstantial evidence showing a shared criminal objective; an express formal contract or direct statement of agreement is not required",111
148,16072,"After observing the defendant for several weeks, police officers concluded that he was engaged in the illegal sale of a dangerous drug. Two officers obtained a warrant and searched the defendant's kitchen while the defendant was present. Finding an ounce…","If the defendant's statement was the result of an interrogation, it violated his rights unless he waived them voluntarily and intelligently",B,The officers were unaware that the defendant could overhear their conversation from the back of the police car,"After being advised of his or her Miranda rights, a suspect in custody cannot be subjected to police interrogation unless he or she voluntarily and intelligently waives those rights. If the officers were unaware that the defendant could overhear their conversation, the…",A,"When he told the officers where to find the drugs, the defendant fully understood his Fifth Amendment right to remain silent.","148. ID 16072 | Pattern: After observing the defendant for several weeks, police officers concluded that he was engaged in the illegal sale of a dangerous drug. Two officers obtained a warrant and searched the defendant's kitchen while the defendant was present. Finding an ounce… | Trap: If the defendant's statement was the result of an interrogation, it violated his rights unless he waived them voluntarily and intelligently | Look for: B — The officers were unaware that the defendant could overhear their conversation from the back of the police car. Rule: After being advised of his or her Miranda rights, a suspect in custody cannot be subjected to police interrogation unless he or she voluntarily and intelligently waives those rights. If the officers were unaware that the defendant could overhear their conversation, the…",134
149,20672,"Nina managed a warehouse. Her employee, Torres, told her he planned to use one of the loading docks on Saturday to receive stolen electronics that he would resell. Nina said, ""Do whatever you want — I don't care what happens…","Conspiracy requires specific intent — the intent to achieve the unlawful objective, not merely knowledge of it",C,"No, because Nina did not specifically intend to achieve the objective of receiving stolen property","Conspiracy requires specific intent: (1) intent to agree, and (2) intent to achieve the unlawful objective; mere knowledge of another's criminal plan is insufficient",A,"Yes, because Nina knew about Torres's plan and did nothing to prevent it","149. ID 20672 | Pattern: Nina managed a warehouse. Her employee, Torres, told her he planned to use one of the loading docks on Saturday to receive stolen electronics that he would resell. Nina said, ""Do whatever you want — I don't care what happens… | Trap: Conspiracy requires specific intent — the intent to achieve the unlawful objective, not merely knowledge of it | Look for: C — No, because Nina did not specifically intend to achieve the objective of receiving stolen property. Rule: Conspiracy requires specific intent: (1) intent to agree, and (2) intent to achieve the unlawful objective; mere knowledge of another's criminal plan is insufficient",109
150,19484,"Two hunters, Archer and Brennan, acting entirely independently and without knowledge of each other, each fired a single shot at a deer at exactly the same moment. Both bullets struck the victim, Victor, a hiker standing behind the deer who…","When two independent sufficient causes simultaneously produce a result, strict but-for analysis leads to an absurd outcome: neither party is a ""but-for"" cause and neither would be liable",B,"Archer is an actual cause because his shot was a substantial factor in Victor's death, even though Brennan's shot was also independently sufficient","Actual cause is established by the but-for test: but for the defendant's act, the result would not have occurred; where two independently sufficient causes each contribute, both may be actual causes under the substantial-factor test",A,Archer is not an actual cause because Victor would have died from Brennan's shot alone,"150. ID 19484 | Pattern: Two hunters, Archer and Brennan, acting entirely independently and without knowledge of each other, each fired a single shot at a deer at exactly the same moment. Both bullets struck the victim, Victor, a hiker standing behind the deer who… | Trap: When two independent sufficient causes simultaneously produce a result, strict but-for analysis leads to an absurd outcome: neither party is a ""but-for"" cause and neither would be liable | Look for: B — Archer is an actual cause because his shot was a substantial factor in Victor's death, even though Brennan's shot was also independently sufficient. Rule: Actual cause is established by the but-for test: but for the defendant's act, the result would not have occurred; where two independently sufficient causes each contribute, both may be actual causes under the substantial-factor test",139
151,18850,"A state prisoner was convicted of armed robbery following a trial at which the court gave a reasonable-doubt instruction that was arguably ambiguous. The defendant raised the instruction issue on direct appeal; the state supreme court affirmed, holding the instruction…",AEDPA eliminated de novo review of claims adjudicated on the merits in state court,C,"Yes, because AEDPA requires the federal court to defer to the state court's adjudication unless it resulted in a decision that is contrary to, or involves…","Under 28 U.S.C. § 2254 (AEDPA), a federal court may not grant habeas relief unless the state court adjudication (1) resulted in a decision contrary to clearly established federal law as determined by the Supreme Court, or (2) involved an unreasonable application…",A,"No, because AEDPA requires federal courts to conduct a de novo review of constitutional claims, and the district court's independent conclusion that the state court erred requires it to grant the writ","151. ID 18850 | Pattern: A state prisoner was convicted of armed robbery following a trial at which the court gave a reasonable-doubt instruction that was arguably ambiguous. The defendant raised the instruction issue on direct appeal; the state supreme court affirmed, holding the instruction… | Trap: AEDPA eliminated de novo review of claims adjudicated on the merits in state court | Look for: C — Yes, because AEDPA requires the federal court to defer to the state court's adjudication unless it resulted in a decision that is contrary to, or involves…. Rule: Under 28 U.S.C. § 2254 (AEDPA), a federal court may not grant habeas relief unless the state court adjudication (1) resulted in a decision contrary to clearly established federal law as determined by the Supreme Court, or (2) involved an unreasonable application…",135
152,19360,"Carolyn was the victim of a street mugging. Without any police prompting, Carolyn searched social media on her own, found a profile she believed matched the mugger, and texted the photo to the lead detective, saying ""I'm sure this is…","The due process protection against suggestive identification procedures is triggered only by state-created, police-arranged suggestiveness",C,"No, because the due process challenge requires police-arranged suggestiveness, and the formal photo array was conducted in a neutral, non-suggestive manner",The due process protection against suggestive identification procedures applies only when police arrange or create the suggestive circumstances; independent suggestiveness arising from the witness's own actions or prior encounters does not implicate the Constitution,A,"Yes, because Carolyn's prior exposure to Patrick's photo made the subsequent photo array impermissibly suggestive regardless of how the array was conducted","152. ID 19360 | Pattern: Carolyn was the victim of a street mugging. Without any police prompting, Carolyn searched social media on her own, found a profile she believed matched the mugger, and texted the photo to the lead detective, saying ""I'm sure this is… | Trap: The due process protection against suggestive identification procedures is triggered only by state-created, police-arranged suggestiveness | Look for: C — No, because the due process challenge requires police-arranged suggestiveness, and the formal photo array was conducted in a neutral, non-suggestive manner. Rule: The due process protection against suggestive identification procedures applies only when police arrange or create the suggestive circumstances; independent suggestiveness arising from the witness's own actions or prior encounters does not implicate the Constitution",123
153,18031,"At a party, Leon punches Craig in the face without provocation, knocking him down. Leon then backs away across the room and says loudly, ""I'm done, I don't want to fight."" Craig gets up, grabs a baseball bat, and charges…",The initial-aggressor rule does not permanently bar all self-defense claims,C,Leon may claim self-defense because he effectively withdrew before Craig escalated to deadly force,"An initial aggressor forfeits the right to claim self-defense unless (1) the aggressor completely withdraws from the fight and communicates that withdrawal, after which the other party becomes the new aggressor, or (2) the victim responds to non-deadly force with deadly force",A,Leon has no defense because he was the initial aggressor,"153. ID 18031 | Pattern: At a party, Leon punches Craig in the face without provocation, knocking him down. Leon then backs away across the room and says loudly, ""I'm done, I don't want to fight."" Craig gets up, grabs a baseball bat, and charges… | Trap: The initial-aggressor rule does not permanently bar all self-defense claims | Look for: C — Leon may claim self-defense because he effectively withdrew before Craig escalated to deadly force. Rule: An initial aggressor forfeits the right to claim self-defense unless (1) the aggressor completely withdraws from the fight and communicates that withdrawal, after which the other party becomes the new aggressor, or (2) the victim responds to non-deadly force with deadly force",119
154,19133,"Marcus had been quietly seething for weeks after his business partner, Terrence, embezzled funds from their shared company. One afternoon, Marcus received a bank statement confirming the theft, then sat at his kitchen table for twenty minutes reading through the…",Deliberation does not require the defendant to be emotionally detached at the moment of the killing,C,"Yes, because Marcus formed the intent to kill after a period of cool reflection and then carried out a planned killing","First-degree murder requires both premeditation and deliberation — meaning the defendant must have thought about the killing beforehand AND formed the intent after a period of cool, calm reflection, however brief",B,"No, because twenty minutes is too short a time period to constitute deliberation","154. ID 19133 | Pattern: Marcus had been quietly seething for weeks after his business partner, Terrence, embezzled funds from their shared company. One afternoon, Marcus received a bank statement confirming the theft, then sat at his kitchen table for twenty minutes reading through the… | Trap: Deliberation does not require the defendant to be emotionally detached at the moment of the killing | Look for: C — Yes, because Marcus formed the intent to kill after a period of cool reflection and then carried out a planned killing. Rule: First-degree murder requires both premeditation and deliberation — meaning the defendant must have thought about the killing beforehand AND formed the intent after a period of cool, calm reflection, however brief",121
155,14625,"A defendant was arrested in the victim's apartment after her neighbors had reported sounds of a struggle, and the police arrived to find the defendant bent over the victim's prostrate body. The victim was rushed to the hospital where she…","It is the acquittal on the attempted rape charge that violates the defendant's rights under the Double Jeopardy Clause and not the conviction of the assault charge, which was not…",A,"correct, because he was acquitted of the attempted rape charge","The attempted rape charge cannot be the basis for the felony murder charge because the defendant was acquitted of that charge and therefore, using it to establish the new charge would violate the Double Jeopardy Clause",C,"incorrect, because the victim had not died at the time of the first trial and he was not placed in jeopardy for murder.","155. ID 14625 | Pattern: A defendant was arrested in the victim's apartment after her neighbors had reported sounds of a struggle, and the police arrived to find the defendant bent over the victim's prostrate body. The victim was rushed to the hospital where she… | Trap: It is the acquittal on the attempted rape charge that violates the defendant's rights under the Double Jeopardy Clause and not the conviction of the assault charge, which was not… | Look for: A — correct, because he was acquitted of the attempted rape charge. Rule: The attempted rape charge cannot be the basis for the felony murder charge because the defendant was acquitted of that charge and therefore, using it to establish the new charge would violate the Double Jeopardy Clause",129
156,17246,"Priya has a severe psychotic disorder. During an episode, she understands that taking a pharmacy's medication without paying is against the law in an abstract sense, but her delusion makes her believe the medication belongs to her and that she…","The MPC test asks whether she lacked substantial capacity to appreciate criminality, not whether she had zero abstract knowledge",C,It may succeed because the disorder left her without substantial capacity to appreciate criminality,"Under the MPC/ALI test, a defendant is not responsible if mental disease causes lack of substantial capacity to appreciate criminality or conform conduct to law",A,It fails because she had some abstract awareness that theft is illegal,"156. ID 17246 | Pattern: Priya has a severe psychotic disorder. During an episode, she understands that taking a pharmacy's medication without paying is against the law in an abstract sense, but her delusion makes her believe the medication belongs to her and that she… | Trap: The MPC test asks whether she lacked substantial capacity to appreciate criminality, not whether she had zero abstract knowledge | Look for: C — It may succeed because the disorder left her without substantial capacity to appreciate criminality. Rule: Under the MPC/ALI test, a defendant is not responsible if mental disease causes lack of substantial capacity to appreciate criminality or conform conduct to law",111
157,14690,"An eighteen-year-old boyfriend and his 14-year-old girlfriend made plans to meet in the boyfriend's apartment to have sexual intercourse, and they did so. The girlfriend later told her mother about the incident. The boyfriend was charged with statutory rape and…","A conspiracy charge not only requires that there be an agreement, but also that both parties be capable of committing the offense",B,"reversed, because the girlfriend could not be a conspirator to this crime","Because the charge of statutory rape is meant to protect minor children, and the girlfriend is a member of the protected class, the girlfriend cannot be charged with the crime of conspiracy to commit statutory rape",D,"reversed, because one cannot conspire with a person too young to consent.","157. ID 14690 | Pattern: An eighteen-year-old boyfriend and his 14-year-old girlfriend made plans to meet in the boyfriend's apartment to have sexual intercourse, and they did so. The girlfriend later told her mother about the incident. The boyfriend was charged with statutory rape and… | Trap: A conspiracy charge not only requires that there be an agreement, but also that both parties be capable of committing the offense | Look for: B — reversed, because the girlfriend could not be a conspirator to this crime. Rule: Because the charge of statutory rape is meant to protect minor children, and the girlfriend is a member of the protected class, the girlfriend cannot be charged with the crime of conspiracy to commit statutory rape",123
158,17828,An indigent defendant is convicted of felony robbery in state court. The state provides a one-tier appeal as of right to an intermediate appellate court. The defendant seeks appointed appellate counsel and a free copy of the trial transcript to…,"While it is true that no constitutional right to appeal exists, once a state provides an appeal, the Due Process and Equal Protection Clauses govern the appellate process",B,The defendant has a valid claim to both a free transcript and appointed counsel for the first appeal as of right under the Due Process and…,"There is no constitutional right to appellate review of a criminal conviction; however, if a state provides an appeal, the Due Process and Equal Protection Clauses require that the appeal be meaningful, including that an indigent defendant receive a free trial transcript…",A,"The defendant has no valid claim because there is no constitutional right to an appeal; therefore, the state may impose whatever conditions it chooses on its optional appellate process","158. ID 17828 | Pattern: An indigent defendant is convicted of felony robbery in state court. The state provides a one-tier appeal as of right to an intermediate appellate court. The defendant seeks appointed appellate counsel and a free copy of the trial transcript to… | Trap: While it is true that no constitutional right to appeal exists, once a state provides an appeal, the Due Process and Equal Protection Clauses govern the appellate process | Look for: B — The defendant has a valid claim to both a free transcript and appointed counsel for the first appeal as of right under the Due Process and…. Rule: There is no constitutional right to appellate review of a criminal conviction; however, if a state provides an appeal, the Due Process and Equal Protection Clauses require that the appeal be meaningful, including that an indigent defendant receive a free trial transcript…",149
159,21084,"After being thrown out of a party, Mina stood outside the apartment and fired several bullets through the living-room window. She knew the party was still crowded but later said she ""was not aiming at anyone."" One guest was killed.…",Depraved-heart murder covers extreme recklessness. Shooting into an occupied room is far beyond ordinary negligence,A,"Murder, because Mina consciously disregarded an extreme risk to human life",Knowingly creating an extreme risk of death to people in an occupied space can establish depraved-heart malice,B,"Involuntary manslaughter only, because Mina did not intend to hit anyone","159. ID 21084 | Pattern: After being thrown out of a party, Mina stood outside the apartment and fired several bullets through the living-room window. She knew the party was still crowded but later said she ""was not aiming at anyone."" One guest was killed.… | Trap: Depraved-heart murder covers extreme recklessness. Shooting into an occupied room is far beyond ordinary negligence | Look for: A — Murder, because Mina consciously disregarded an extreme risk to human life. Rule: Knowingly creating an extreme risk of death to people in an occupied space can establish depraved-heart malice",96
160,16053,"The defendant was a resident patient at the state mental hospital, where he had been receiving treatment for a mental illness diagnosed as chronic paranoid schizophrenia. As a result of his illness, he believed that the governor of his state…","B refers to the irresistible impulse supplement, and it is incorrect because the facts indicate that the jurisdiction has adopted only the M'Naghten test",A,"guilty, since he knew the nature of his act and that it was prohibited by law","Under the M'Naghten test, a person may be found not guilty by reason of insanity only if mental illness prevented him or her from knowing the nature and quality of his or her act or from knowing that the act was legally…",C,"not guilty, since the defendant's conduct was the result of mental illness.","160. ID 16053 | Pattern: The defendant was a resident patient at the state mental hospital, where he had been receiving treatment for a mental illness diagnosed as chronic paranoid schizophrenia. As a result of his illness, he believed that the governor of his state… | Trap: B refers to the irresistible impulse supplement, and it is incorrect because the facts indicate that the jurisdiction has adopted only the M'Naghten test | Look for: A — guilty, since he knew the nature of his act and that it was prohibited by law. Rule: Under the M'Naghten test, a person may be found not guilty by reason of insanity only if mental illness prevented him or her from knowing the nature and quality of his or her act or from knowing that the act was legally…",135
161,16119,"Because they were bigots, two men were angry when a Chinese family moved into a house on their street. Deciding to drive them away and to set an example that would discourage other Chinese people from moving into the neighborhood…","Ordinarily, one is not under any obligation to attempt to prevent a crime from being committed",C,"not guilty, because mere presence coupled with silent approval is not sufficient to result in liability as an accessory","Unless a defendant was ready, willing, and able to give affirmative assistance in the commission of the crime, his or her presence and silent acquiescence are not sufficient to result in criminal liability",A,"guilty, because she made no attempt to stop the crime from being committed.","161. ID 16119 | Pattern: Because they were bigots, two men were angry when a Chinese family moved into a house on their street. Deciding to drive them away and to set an example that would discourage other Chinese people from moving into the neighborhood… | Trap: Ordinarily, one is not under any obligation to attempt to prevent a crime from being committed | Look for: C — not guilty, because mere presence coupled with silent approval is not sufficient to result in liability as an accessory. Rule: Unless a defendant was ready, willing, and able to give affirmative assistance in the commission of the crime, his or her presence and silent acquiescence are not sufficient to result in criminal liability",121
162,20475,"United States customs officials received an anonymous tip that heroin would be found inside a distinctively marked red package mailed from a foreign country to a particular address in the United States. Pursuant to this tip, United States customs officers…",Probable cause was not required for the customs officers' search of international mail,A,"Yes, because the search exceeded the authority granted by the warrant","The warrant was valid, but its validity was triggered by and limited to the delivered package",C,"No, because, having found the package, the agents had probable cause to believe that more narcotics could be located in the house and the gun was found in a proper search for narcotics.","162. ID 20475 | Pattern: United States customs officials received an anonymous tip that heroin would be found inside a distinctively marked red package mailed from a foreign country to a particular address in the United States. Pursuant to this tip, United States customs officers… | Trap: Probable cause was not required for the customs officers' search of international mail | Look for: A — Yes, because the search exceeded the authority granted by the warrant. Rule: The warrant was valid, but its validity was triggered by and limited to the delivered package",93
163,14726,"Nine gang members, including the gang leader, were indicted for the murder of a tenth gang member, who had become an informant. The gang leader pleaded guilty. At the trial of the other eight gang members, the state's evidence showed…","This answer correctly states that the convictions should not be upheld, but it misstates the reasoning for this conclusion",A,"No, because mere presence at the scene of a crime is insufficient to make a person an accomplice",Murder is the intentional killing of another human being with malice aforethought. The eight gang members are not guilty of murder because they took no affirmative act and were merely present at what turned out to be a crime scene,C,"Yes, because the gang members made no effort to save the released gang member after he had been stabbed.","163. ID 14726 | Pattern: Nine gang members, including the gang leader, were indicted for the murder of a tenth gang member, who had become an informant. The gang leader pleaded guilty. At the trial of the other eight gang members, the state's evidence showed… | Trap: This answer correctly states that the convictions should not be upheld, but it misstates the reasoning for this conclusion | Look for: A — No, because mere presence at the scene of a crime is insufficient to make a person an accomplice. Rule: Murder is the intentional killing of another human being with malice aforethought. The eight gang members are not guilty of murder because they took no affirmative act and were merely present at what turned out to be a crime scene",130
164,18296,"A state statute defines second-degree murder as ""knowingly causing the death of another person."" The statute further provides: ""The mental state of the defendant at the time of the killing is presumed from the act of killing. The defendant bears…","While states may define crimes and place the burden of producing evidence on a defendant for affirmative defenses, they cannot use a presumption to relieve the prosecution of its constitutional…",C,"Yes, because the instruction places the burden of producing evidence on an element of the offense on the defendant, relieving the prosecution of its constitutional duty…","Under In re Winship and Sandstrom v. Montana, the Due Process Clause requires the prosecution to prove every element of the charged offense beyond a reasonable doubt; a jury instruction that presumes or shifts the burden of proof on an element to…",A,"No, because the state legislature has the authority to define the elements of crimes, including by setting presumptions that accompany the act of killing","164. ID 18296 | Pattern: A state statute defines second-degree murder as ""knowingly causing the death of another person."" The statute further provides: ""The mental state of the defendant at the time of the killing is presumed from the act of… | Trap: While states may define crimes and place the burden of producing evidence on a defendant for affirmative defenses, they cannot use a presumption to relieve the prosecution of… | Look for: C — Yes, because the instruction places the burden of producing evidence on an element of the offense on the defendant, relieving the prosecution of its…. Rule: Under In re Winship and Sandstrom v. Montana, the Due Process Clause requires the prosecution to prove every element of the charged offense beyond a reasonable doubt; a jury instruction that presumes or shifts the burden of proof…",139
165,21130,"Dena learned that her neighbor, Carl, had reported her to animal control for keeping illegal animals. Furious, she drove to a hiking trail she knew Carl used each morning, parked a half-mile away, hiked in before dawn, and crouched behind…","Voluntary manslaughter requires heat of passion arising from adequate provocation — typically sudden, in-the-moment provocation",C,"First-degree murder, because lying in wait provides circumstantial evidence of premeditation and deliberation",Lying in wait is circumstantial evidence from which premeditation and deliberation may be inferred; the act of concealment and positioning to strike demonstrates advance thought and cool reflection,B,"Second-degree murder, because there is no direct evidence Dena planned to kill Carl in advance","165. ID 21130 | Pattern: Dena learned that her neighbor, Carl, had reported her to animal control for keeping illegal animals. Furious, she drove to a hiking trail she knew Carl used each morning, parked a half-mile away, hiked in before dawn, and crouched behind… | Trap: Voluntary manslaughter requires heat of passion arising from adequate provocation — typically sudden, in-the-moment provocation | Look for: C — First-degree murder, because lying in wait provides circumstantial evidence of premeditation and deliberation. Rule: Lying in wait is circumstantial evidence from which premeditation and deliberation may be inferred; the act of concealment and positioning to strike demonstrates advance thought and cool reflection",109
166,17324,"A warrant authorized police to search ""all homes owned by Lee and seize all evidence of any crime."" The warrant did not list an address, unit, item category, offense, or limiting description. Officers executed it at Lee's duplex and seized…",The warrant is facially deficient. A reasonable officer would know it lacks particularity as to place and items,C,"No, because the warrant was so facially deficient that objective reliance was unreasonable",Officers cannot reasonably rely on a warrant that fails on its face to describe the place to be searched or items to be seized with sufficient particularity,A,"Yes, because a judge signed the warrant","166. ID 17324 | Pattern: A warrant authorized police to search ""all homes owned by Lee and seize all evidence of any crime."" The warrant did not list an address, unit, item category, offense, or limiting description. Officers executed it at Lee's duplex and seized… | Trap: The warrant is facially deficient. A reasonable officer would know it lacks particularity as to place and items | Look for: C — No, because the warrant was so facially deficient that objective reliance was unreasonable. Rule: Officers cannot reasonably rely on a warrant that fails on its face to describe the place to be searched or items to be seized with sufficient particularity",111
167,16178,"Without a warrant, police officers searched the garbage cans in the alley behind a man’s house and discovered chemicals used to make methamphetamine, as well as cooking utensils and containers with the man’s fingerprints on them. The alley was a…",Do not find privacy in garbage left in a public alley for collection; the Fourth Amendment does not protect exposed trash,A,"No, because the man had no reasonable expectation of privacy in garbage left in the alley","” A search and seizure cannot implicate a defendant’s Fourth Amendment rights unless the defendant had a “reasonable expectation of privacy” in the place or item being subjected to the search or seizure. Furthermore, the expectation of privacy that’s required is not…",C,"Yes, because the alley was within the curtilage of the man’s home and entry without a warrant was unconstitutional.","167. ID 16178 | Pattern: Without a warrant, police officers searched the garbage cans in the alley behind a man’s house and discovered chemicals used to make methamphetamine, as well as cooking utensils and containers with the man’s fingerprints on them. The alley was a… | Trap: Do not find privacy in garbage left in a public alley for collection; the Fourth Amendment does not protect exposed trash | Look for: A — No, because the man had no reasonable expectation of privacy in garbage left in the alley. Rule: ” A search and seizure cannot implicate a defendant’s Fourth Amendment rights unless the defendant had a “reasonable expectation of privacy” in the place or item being subjected to the search or seizure. Furthermore, the expectation of privacy that’s required is not…",132
168,19033,"Leo planted a bomb in a commercial airliner to destroy the aircraft and kill a specific passenger, Victor, whom he hated. The plane carried 200 other passengers and crew. Leo was indifferent to their fates — he did not want…",MPC purpose requires that the defendant's conscious object was to cause the result,B,"Knowledge, because Leo was aware that detonating the bomb was practically certain to kill all passengers and crew","Under the MPC, purpose means the defendant's conscious object was to cause the result; knowledge means the defendant was aware that his conduct was practically certain to cause the result, even without desiring it",C,"Recklessness, because Leo consciously disregarded the risk of killing the other passengers","168. ID 19033 | Pattern: Leo planted a bomb in a commercial airliner to destroy the aircraft and kill a specific passenger, Victor, whom he hated. The plane carried 200 other passengers and crew. Leo was indifferent to their fates — he did not want… | Trap: MPC purpose requires that the defendant's conscious object was to cause the result | Look for: B — Knowledge, because Leo was aware that detonating the bomb was practically certain to kill all passengers and crew. Rule: Under the MPC, purpose means the defendant's conscious object was to cause the result; knowledge means the defendant was aware that his conduct was practically certain to cause the result, even without desiring it",118
169,18239,"Officers investigated Davis for a series of armed robberies and developed probable cause to believe he committed them. At 7 a.m. on a Tuesday, they went to Davis's apartment, knocked on the door, and when Davis answered, they stepped inside…","Under *Payton v. New York*, probable cause is necessary but not sufficient for an in-home arrest; an arrest warrant (or exigent circumstances) is also required",C,"No, because police needed an arrest warrant to arrest Davis inside his home and no exigent circumstances existed","Under *Payton v. New York*, police must have an arrest warrant to arrest a suspect inside the suspect's own home absent exigent circumstances; no warrant is needed for a public arrest based on probable cause",A,"Yes, because police had probable cause to believe Davis committed the robberies","169. ID 18239 | Pattern: Officers investigated Davis for a series of armed robberies and developed probable cause to believe he committed them. At 7 a.m. on a Tuesday, they went to Davis's apartment, knocked on the door, and when Davis answered, they stepped inside… | Trap: Under *Payton v. New York*, probable cause is necessary but not sufficient for an in-home arrest; an arrest warrant (or exigent circumstances) is also required | Look for: C — No, because police needed an arrest warrant to arrest Davis inside his home and no exigent circumstances existed. Rule: Under *Payton v. New York*, police must have an arrest warrant to arrest a suspect inside the suspect's own home absent exigent circumstances; no warrant is needed for a public arrest based on probable cause",131
170,18493,"Ortega was charged with burglary. At the plea hearing, the judge confirmed that Ortega had discussed the plea with counsel, that no promises other than the stated plea bargain had been made, and that Ortega was entering the plea freely.…",Boykin v. Alabama* (1969) requires more than a general voluntariness inquiry,C,"No, because the judge failed to advise Ortega on the record of his right to a jury trial, his privilege against self-incrimination, and his right to…","Under *Boykin v. Alabama*, a valid guilty plea requires the defendant to knowingly, voluntarily, and intelligently waive three constitutional rights: the right to trial by jury, the privilege against self-incrimination, and the right to confront witnesses; the court must make an affirmative…",A,"Yes, because the judge confirmed the plea was free and voluntary, which satisfies due process","170. ID 18493 | Pattern: Ortega was charged with burglary. At the plea hearing, the judge confirmed that Ortega had discussed the plea with counsel, that no promises other than the stated plea bargain had been made, and that Ortega was entering the plea freely.… | Trap: Boykin v. Alabama* (1969) requires more than a general voluntariness inquiry | Look for: C — No, because the judge failed to advise Ortega on the record of his right to a jury trial, his privilege against self-incrimination, and his right to…. Rule: Under *Boykin v. Alabama*, a valid guilty plea requires the defendant to knowingly, voluntarily, and intelligently waive three constitutional rights: the right to trial by jury, the privilege against self-incrimination, and the right to confront witnesses; the court must make an affirmative…",132
171,16063,In,An unlawful killing committed with the intent to kill or inflict great bodily harm might be voluntary manslaughter if the defendant was acting under extreme emotional distress or mistaken justification,B,A state law required every motor vehicle registered within the state to be covered by a valid policy of liability insurance. The defendant was operating a…,"A defendant is guilty of murder when he or she proximately causes the death of another human being unlawfully and with malice aforethought. Malice aforethought consists of the intent to kill, the intent to cause great bodily harm, escape from lawful custody…",A,"The defendant came home to find his wife lying on the floor of their apartment semi-conscious and severely bruised. When he asked her what happened, she said that their neighbor had raped and beaten her. The following morning, the defendant hid behind some bushes waiting for the neighbor to leave his home. When the neighbor stepped out of his door, the defendant, intending to kill him, shot him, causing his death.","171. ID 16063 | Pattern: In | Trap: An unlawful killing committed with the intent to kill or inflict great bodily harm might be voluntary manslaughter if the defendant was acting under extreme emotional distress or mistaken justification | Look for: B — A state law required every motor vehicle registered within the state to be covered by a valid policy of liability insurance. The defendant was operating a…. Rule: A defendant is guilty of murder when he or she proximately causes the death of another human being unlawfully and with malice aforethought. Malice aforethought consists of the intent to kill, the intent to cause great bodily harm, escape from lawful custody…",112
172,19972,"Officers arrested Leo for murder and placed him in the back of a patrol car. Two officers in the front of the car began discussing the case between themselves, saying things like, ""It's a shame there are so many handicapped…",The functional equivalent of interrogation is defined by what officers should know is reasonably likely to elicit an incriminating response — not by whether a question was directed at the…,C,"Yes, because the officers' conversation was the functional equivalent of interrogation directed at a suspect who had already invoked his right to silence",Interrogation under Miranda includes not only express questioning but also any words or actions by police that officers should know are reasonably likely to elicit an incriminating response from the suspect,A,"No, because the officers were talking to each other, not to Leo, so there was no interrogation","172. ID 19972 | Pattern: Officers arrested Leo for murder and placed him in the back of a patrol car. Two officers in the front of the car began discussing the case between themselves, saying things like, ""It's a shame there are so many handicapped… | Trap: The functional equivalent of interrogation is defined by what officers should know is reasonably likely to elicit an incriminating response — not by whether a question was directed at the… | Look for: C — Yes, because the officers' conversation was the functional equivalent of interrogation directed at a suspect who had already invoked his right to silence. Rule: Interrogation under Miranda includes not only express questioning but also any words or actions by police that officers should know are reasonably likely to elicit an incriminating response from the suspect",137
173,14566,"A woman was subpoenaed to appear before a grand jury. When she arrived, she was taken into the grand jury room to be questioned. She answered preliminary questions about her name and address. She was then asked where she had…","As stated above, the woman cannot be compelled to provide potentially incriminating testimony unless she is granted use and derivative use immunity",C,Prepare the documents necessary to grant the woman immunity from any future use against her of her grand jury testimony or any evidence derived from it,A witness cannot be compelled to provide potentially incriminating testimony unless the witness is granted at least use and derivative use immunity,D,Prepare the documents necessary to grant the woman immunity from any future prosecution for any crime she might disclose in the course of her testimony.,"173. ID 14566 | Pattern: A woman was subpoenaed to appear before a grand jury. When she arrived, she was taken into the grand jury room to be questioned. She answered preliminary questions about her name and address. She was then asked where she had… | Trap: As stated above, the woman cannot be compelled to provide potentially incriminating testimony unless she is granted use and derivative use immunity | Look for: C — Prepare the documents necessary to grant the woman immunity from any future use against her of her grand jury testimony or any evidence derived from it. Rule: A witness cannot be compelled to provide potentially incriminating testimony unless the witness is granted at least use and derivative use immunity",123
174,19347,"Silva, a lawful permanent resident who has lived in the United States for twenty years, was charged with a drug offense. His defense attorney negotiated a plea to a misdemeanor drug charge. The attorney told Silva only that the plea…",Padilla v. Kentucky* (2010) abrogated this rule specifically for deportation,C,"Yes, because *Padilla v. Kentucky* requires counsel to advise a non-citizen client clearly about deportation consequences when the immigration law makes deportation virtually certain, and telling…","Under *Padilla v. Kentucky*, defense counsel has a Sixth Amendment duty to advise a non-citizen client of the deportation consequences of a guilty plea; failure to do so can constitute deficient performance under the first prong of *Strickland v. Washington",A,"No, because deportation is a collateral consequence of conviction, and counsel has no Sixth Amendment duty to advise on collateral consequences","174. ID 19347 | Pattern: Silva, a lawful permanent resident who has lived in the United States for twenty years, was charged with a drug offense. His defense attorney negotiated a plea to a misdemeanor drug charge. The attorney told Silva only that the plea… | Trap: Padilla v. Kentucky* (2010) abrogated this rule specifically for deportation | Look for: C — Yes, because *Padilla v. Kentucky* requires counsel to advise a non-citizen client clearly about deportation consequences when the immigration law makes deportation virtually certain, and telling…. Rule: Under *Padilla v. Kentucky*, defense counsel has a Sixth Amendment duty to advise a non-citizen client of the deportation consequences of a guilty plea; failure to do so can constitute deficient performance under the first prong of *Strickland v. Washington",129
175,14584,"After a liquor store was robbed, the police received an anonymous telephone call naming a store employee as the perpetrator of the robbery. Honestly believing that their actions were permitted by the U.S. Constitution, the police talked one of the…","The rule allowing states to offer broader protections than the U.S. Constitution ensures that even if no federal rights were violated, the employee’s state constitutional rights were violated under the…",C,"Yes, because the making of the recording violated the state constitution","This state is permitted to offer greater protections for its citizens (i.e., the clearly established precedent) than the U.S. Constitution, and therefore, the court should grant the employee’s motion pursuant to the precedent",B,"No, because the police were acting in the good-faith belief that the federal Constitution permitted their actions.","175. ID 14584 | Pattern: After a liquor store was robbed, the police received an anonymous telephone call naming a store employee as the perpetrator of the robbery. Honestly believing that their actions were permitted by the U.S. Constitution, the police talked one of the… | Trap: The rule allowing states to offer broader protections than the U.S. Constitution ensures that even if no federal rights were violated, the employee’s state constitutional rights were violated under the… | Look for: C — Yes, because the making of the recording violated the state constitution. Rule: This state is permitted to offer greater protections for its citizens (i.e., the clearly established precedent) than the U.S. Constitution, and therefore, the court should grant the employee’s motion pursuant to the precedent",127
176,18406,"Vincent was indicted for fraud. His cellmate, unknown to Vincent, had agreed to report any statements Vincent made. The cellmate never asked Vincent any questions about the fraud and never steered any conversation toward the charges. One night, Vincent spontaneously…",The Sixth Amendment is violated only when a government agent *deliberately elicits* statements,C,"No, because the informant did not deliberately elicit the statements; Vincent volunteered them spontaneously",Massiah requires deliberate elicitation; a passive informant who does not deliberately elicit statements does not violate the Sixth Amendment even if the defendant's statements are overheard or reported,A,"Yes, because any use of a government informant in a cell with an indicted defendant violates the Sixth Amendment","176. ID 18406 | Pattern: Vincent was indicted for fraud. His cellmate, unknown to Vincent, had agreed to report any statements Vincent made. The cellmate never asked Vincent any questions about the fraud and never steered any conversation toward the charges. One night, Vincent spontaneously… | Trap: The Sixth Amendment is violated only when a government agent *deliberately elicits* statements | Look for: C — No, because the informant did not deliberately elicit the statements; Vincent volunteered them spontaneously. Rule: Massiah requires deliberate elicitation; a passive informant who does not deliberately elicit statements does not violate the Sixth Amendment even if the defendant's statements are overheard or reported",108
177,18703,"Diane is diagnosed with a severe personality disorder that impairs her emotional understanding of moral consequences. She knows, in an abstract intellectual sense, that arson is illegal. However, due to her disorder, she lacks any genuine emotional appreciation of the…","The MPC/ALI test does not use M'Naghten's narrow ""know"" standard",C,"Yes, because Diane may lack substantial capacity to appreciate the criminality of her conduct under the MPC/ALI test, even if she had abstract intellectual knowledge of…","Under the MPC/ALI test, a defendant is not responsible if, as a result of mental disease or defect, she lacks substantial capacity either to appreciate the criminality (wrongfulness) of her conduct or to conform her conduct to the requirements of law; ""appreciate""…",A,"No, because Diane knew arson was illegal","177. ID 18703 | Pattern: Diane is diagnosed with a severe personality disorder that impairs her emotional understanding of moral consequences. She knows, in an abstract intellectual sense, that arson is illegal. However, due to her disorder, she lacks any genuine emotional appreciation of the… | Trap: The MPC/ALI test does not use M'Naghten's narrow ""know"" standard | Look for: C — Yes, because Diane may lack substantial capacity to appreciate the criminality of her conduct under the MPC/ALI test, even if she had abstract intellectual knowledge of…. Rule: Under the MPC/ALI test, a defendant is not responsible if, as a result of mental disease or defect, she lacks substantial capacity either to appreciate the criminality (wrongfulness) of her conduct or to conform her conduct to the requirements of law; ""appreciate""…",131
178,21074,"Kim and Park were jointly indicted for conspiracy to commit wire fraud and for separate substantive wire fraud counts. Kim's defense was that Park acted alone; Park's defense was that Kim was the mastermind. At trial, the government introduced recorded…",The Supreme Court held in *Zafiro v. United States* (1993) that mutually antagonistic defenses are not per se prejudicial,C,"Probably not, because the trial court gave a limiting instruction and severance is required only when the prejudice is so compelling that no instruction can adequately…",Under Fed. R. Crim,A,"Yes, because whenever co-defendants present mutually antagonistic defenses, severance is required as a matter of constitutional law","178. ID 21074 | Pattern: Kim and Park were jointly indicted for conspiracy to commit wire fraud and for separate substantive wire fraud counts. Kim's defense was that Park acted alone; Park's defense was that Kim was the mastermind. At trial, the government introduced recorded… | Trap: The Supreme Court held in *Zafiro v. United States* (1993) that mutually antagonistic defenses are not per se prejudicial | Look for: C — Probably not, because the trial court gave a limiting instruction and severance is required only when the prejudice is so compelling that no instruction can adequately…. Rule: Under Fed. R. Crim",102
179,14638,"The general manager and chief executive officer of a knitting mill delegated all operational decision making to the supervising manager of the mill. The child labor laws in the jurisdiction provide, ""It is a violation of the law for one…",The general manager is criminally responsible for the actions of his agents; there is no violation of due process even if he did not do the act of hiring the…,D,"incorrect, because he was in a position to exercise control over the hiring employees for the knitting mill","Because the general manager is the person who delegated the authority to the supervising manager, he will bear criminal responsibility for the actions of his agents who are acting on his behalf",A,"correct, because it is a violation of due process to punish without a voluntary act.","179. ID 14638 | Pattern: The general manager and chief executive officer of a knitting mill delegated all operational decision making to the supervising manager of the mill. The child labor laws in the jurisdiction provide, ""It is a violation of the law for one… | Trap: The general manager is criminally responsible for the actions of his agents; there is no violation of due process even if he did not do the act of hiring the… | Look for: D — incorrect, because he was in a position to exercise control over the hiring employees for the knitting mill. Rule: Because the general manager is the person who delegated the authority to the supervising manager, he will bear criminal responsibility for the actions of his agents who are acting on his behalf",133
180,14615,"A grand jury returned an indictment charging the defendant with bank robbery, and when he could not make bond he was jailed pending trial. He had received Miranda warnings when arrested and had made no statement at that time. The…",The defendant’s right against self-incrimination was not violated because he was given Miranda warnings and subsequently made voluntary incriminating statements,B,"granted, because the defendant's right to counsel was violated","The defendant had the right to counsel during the period of arrest and any attempt by the police to directly elicit incriminating statements, including through the use of an informant while he was in his cell, violates his right to have counsel…",D,"denied, because the defendant was not interrogated by the informant.","180. ID 14615 | Pattern: A grand jury returned an indictment charging the defendant with bank robbery, and when he could not make bond he was jailed pending trial. He had received Miranda warnings when arrested and had made no statement at that time. The… | Trap: The defendant’s right against self-incrimination was not violated because he was given Miranda warnings and subsequently made voluntary incriminating statements | Look for: B — granted, because the defendant's right to counsel was violated. Rule: The defendant had the right to counsel during the period of arrest and any attempt by the police to directly elicit incriminating statements, including through the use of an informant while he was in his cell, violates his right to have counsel…",124
181,16180,A defendant was convicted of fraud after a jury trial in state court. The conviction was affirmed on direct appeal. The defendant timely moved for postconviction relief under the Sixth Amendment on the ground that his attorney had provided ineffective…,Do not demand certainty or clear-and-convincing prejudice for ineffective assistance; Strickland asks for a reasonable probability of a different result,C,That there is a reasonable probability that the trial’s outcome would have been different if the attorney had objected,"The key case setting the standard for deciding Sixth Amendment ineffective-assistance-of-counsel (“IAC”) claims is Strickland v. Washington, 466 U.S. 668 (1984). There, the court held that to be entitled to a new trial on IAC grounds, the defendant must establish two things…",D,That there is clear and convincing evidence that the trial’s outcome would have been different if the attorney had objected.,"181. ID 16180 | Pattern: A defendant was convicted of fraud after a jury trial in state court. The conviction was affirmed on direct appeal. The defendant timely moved for postconviction relief under the Sixth Amendment on the ground that his attorney had provided ineffective… | Trap: Do not demand certainty or clear-and-convincing prejudice for ineffective assistance; Strickland asks for a reasonable probability of a different result | Look for: C — That there is a reasonable probability that the trial’s outcome would have been different if the attorney had objected. Rule: The key case setting the standard for deciding Sixth Amendment ineffective-assistance-of-counsel (“IAC”) claims is Strickland v. Washington, 466 U.S. 668 (1984). There, the court held that to be entitled to a new trial on IAC grounds, the defendant must establish two things…",134
182,17286,"Nora is charged by information with armed burglary. At a preliminary hearing, the prosecutor presents witnesses and the magistrate determines whether probable cause supports holding Nora for trial. Nora asks for appointed counsel, but the court proceeds without appointing anyone.…","The right extends to critical pretrial stages after attachment, including proceedings where counsel can preserve rights and test evidence",A,"Yes, because formal proceedings had begun and the preliminary hearing was a critical stage","Once adversary proceedings have begun, the Sixth Amendment right to counsel applies at critical stages where counsel's assistance is needed to protect the accused's rights",C,"No, because a preliminary hearing concerns probable cause rather than guilt","182. ID 17286 | Pattern: Nora is charged by information with armed burglary. At a preliminary hearing, the prosecutor presents witnesses and the magistrate determines whether probable cause supports holding Nora for trial. Nora asks for appointed counsel, but the court proceeds without appointing anyone.… | Trap: The right extends to critical pretrial stages after attachment, including proceedings where counsel can preserve rights and test evidence | Look for: A — Yes, because formal proceedings had begun and the preliminary hearing was a critical stage. Rule: Once adversary proceedings have begun, the Sixth Amendment right to counsel applies at critical stages where counsel's assistance is needed to protect the accused's rights",111
183,19863,"Police lawfully arrest Sara in her kitchen on a valid arrest warrant. At the moment of arrest, Sara's zipped backpack is on the chair next to her hand. Before moving Sara away, an officer opens the backpack and finds a…","Search incident to arrest can cover containers within the arrestee's immediate control, subject to limits",A,"Yes, because the backpack was within Sara's immediate control at the time of the lawful arrest","Following a lawful custodial arrest, officers may search the arrestee and the area within immediate control to remove weapons and prevent destruction of evidence",B,"No, because all closed containers require a warrant after arrest","183. ID 19863 | Pattern: Police lawfully arrest Sara in her kitchen on a valid arrest warrant. At the moment of arrest, Sara's zipped backpack is on the chair next to her hand. Before moving Sara away, an officer opens the backpack and finds a… | Trap: Search incident to arrest can cover containers within the arrestee's immediate control, subject to limits | Look for: A — Yes, because the backpack was within Sara's immediate control at the time of the lawful arrest. Rule: Following a lawful custodial arrest, officers may search the arrestee and the area within immediate control to remove weapons and prevent destruction of evidence",108
184,16003,In,"On the other hand, the owner of an automobile does have the power to consent to a search of it, so the motion in A would fail",B,"The defendant was staying at a hotel, but he was two weeks behind on his room charges. The hotel desk clerk permitted the police to search…","Although a warrantless search is usually invalid, it may be valid if consented to by one with authority to consent. Since a guest in a hotel is entitled to exclusive possession of the room that he or she occupies, the hotel keeper…",D,"While the defendant was driving, police officers stopped him for going through a red light. A routine check of his license through the police department computer indicated that a bench warrant had been issued for his arrest for failing to appear in connection with four parking tickets that had been issued to vehicles registered to him. The officers advised him that he was under arrest. Although they did not handcuff him, they ordered him to empty his pockets onto the hood of the police car. A marijuana cigarette that was in one of his pockets was subsequently offered against him at his trial for possession of a controlled substance.","184. ID 16003 | Pattern: In | Trap: On the other hand, the owner of an automobile does have the power to consent to a search of it, so the motion in A would fail | Look for: B — The defendant was staying at a hotel, but he was two weeks behind on his room charges. The hotel desk clerk permitted the police to search…. Rule: Although a warrantless search is usually invalid, it may be valid if consented to by one with authority to consent. Since a guest in a hotel is entitled to exclusive possession of the room that he or she occupies, the hotel keeper…",109
185,14712,"A man and a woman, both purse snatchers, independently entered a grocery store, each with the intent to steal purses from unsuspecting shoppers. The man approached a victim, grabbed the strap of the purse that was hanging from her shoulder…","The man can be convicted of robbery, but the woman cannot because she did not use force to steal the purse from the shopping cart",B,Only the man,Only the man can be convicted of robbery because only he used force to steal the purse,A,Both the man and the woman.,"185. ID 14712 | Pattern: A man and a woman, both purse snatchers, independently entered a grocery store, each with the intent to steal purses from unsuspecting shoppers. The man approached a victim, grabbed the strap of the purse that was hanging from her shoulder… | Trap: The man can be convicted of robbery, but the woman cannot because she did not use force to steal the purse from the shopping cart | Look for: B — Only the man. Rule: Only the man can be convicted of robbery because only he used force to steal the purse",98
186,20936,"Lena discovered her roommate, Cam, asleep in the apartment. Enraged over a dispute about rent money, Lena raised a ceramic vase over Cam's head intending to strike him. She stopped herself at the last moment and set the vase down…","The question asks specifically about the attempted-battery theory, under which apprehension by the victim is NOT required",C,"Yes, because under the attempted-battery theory, Lena took a substantial step toward committing battery with the intent to complete it, and victim awareness is not required","Under the attempted-battery theory of assault, no apprehension by the victim is required; under the apprehension theory, the victim must be aware of the threatened contact — most jurisdictions require awareness, but the attempted-battery theory does not",A,"No, because Cam was never placed in apprehension of imminent contact, an essential element of assault","186. ID 20936 | Pattern: Lena discovered her roommate, Cam, asleep in the apartment. Enraged over a dispute about rent money, Lena raised a ceramic vase over Cam's head intending to strike him. She stopped herself at the last moment and set the vase down… | Trap: The question asks specifically about the attempted-battery theory, under which apprehension by the victim is NOT required | Look for: C — Yes, because under the attempted-battery theory, Lena took a substantial step toward committing battery with the intent to complete it, and victim awareness is not required. Rule: Under the attempted-battery theory of assault, no apprehension by the victim is required; under the apprehension theory, the victim must be aware of the threatened contact — most jurisdictions require awareness, but the attempted-battery theory does not",133
187,16196,"A detective received information from an informant, who had given reliable information many times in the past, that a suspect was a narcotics dealer. Specifically, the informant said that, two months before, he had visited the suspect’s apartment with one…",Do not stop at informant reliability; stale information can defeat probable cause for a warrant,B,"granted, because the information supplied to the detective concerned an occurrence too remote in time to justify a finding of probable cause at the time of…","This is a tricky question because it turns on a “hidden” issue — the freshness of the information serving as a basis for the search warrant. This is how a search warrant is issued: A police officer submits a written, signed affidavit…",B,"granted, because the information supplied to the detective concerned an occurrence too remote in time to justify a finding of probable cause at the time of the search.","187. ID 16196 | Pattern: A detective received information from an informant, who had given reliable information many times in the past, that a suspect was a narcotics dealer. Specifically, the informant said that, two months before, he had visited the suspect’s apartment with one… | Trap: Do not stop at informant reliability; stale information can defeat probable cause for a warrant | Look for: B — granted, because the information supplied to the detective concerned an occurrence too remote in time to justify a finding of probable cause at the time of…. Rule: This is a tricky question because it turns on a “hidden” issue — the freshness of the information serving as a basis for the search warrant. This is how a search warrant is issued: A police officer submits a written, signed affidavit…",136
188,18690,Police suspected Roderick of robbing a convenience store. They assembled a five-person lineup in which Roderick was the only person wearing a red hooded sweatshirt — the same type of clothing the robber had been described as wearing. The victim…,"Suggestiveness alone does not require suppression. The due process test has two parts: (1) was the procedure impermissibly suggestive, and (2) did it create a substantial likelihood of irreparable misidentification…",B,"No, because the victim's identification was reliable under the totality of circumstances even if the procedure was suggestive","A pretrial identification violates due process only if (1) the procedure was impermissibly suggestive AND (2) the suggestive procedure, under the totality of the circumstances, created a substantial likelihood of irreparable misidentification",A,"Yes, because the lineup was impermissibly suggestive in that Roderick was the only participant wearing the described clothing","188. ID 18690 | Pattern: Police suspected Roderick of robbing a convenience store. They assembled a five-person lineup in which Roderick was the only person wearing a red hooded sweatshirt — the same type of clothing the robber had been described as wearing. The victim… | Trap: Suggestiveness alone does not require suppression. The due process test has two parts: (1) was the procedure impermissibly suggestive, and (2) did it create a substantial likelihood of irreparable misidentification… | Look for: B — No, because the victim's identification was reliable under the totality of circumstances even if the procedure was suggestive. Rule: A pretrial identification violates due process only if (1) the procedure was impermissibly suggestive AND (2) the suggestive procedure, under the totality of the circumstances, created a substantial likelihood of irreparable misidentification",133
189,16108,"Two boys decided to kill another boy that they did not like. To do so, they planned to steal the victim's asthma medication. As the two boys were walking toward the victim's room, one of the boys decided not to…","Since the boy who ran away did no physical act that enabled the other boy to bring about the victim's death, he did not aid or abet him in bringing…",A,"guilty, because he and the other boy agreed to throw away the victim's medicine in the hope that doing so would cause the victim's death","Murder is the unjustified killing of a human being with malice aforethought. Malice aforethought includes the intent to kill, which means the desire or knowledge that the defendant's act will bring about the death of another person",B,"guilty, because he aided and abetted in causing the victim's death.","189. ID 16108 | Pattern: Two boys decided to kill another boy that they did not like. To do so, they planned to steal the victim's asthma medication. As the two boys were walking toward the victim's room, one of the boys decided not to… | Trap: Since the boy who ran away did no physical act that enabled the other boy to bring about the victim's death, he did not aid or abet him in bringing… | Look for: A — guilty, because he and the other boy agreed to throw away the victim's medicine in the hope that doing so would cause the victim's death. Rule: Murder is the unjustified killing of a human being with malice aforethought. Malice aforethought includes the intent to kill, which means the desire or knowledge that the defendant's act will bring about the death of another person",145
190,20320,"Two defendants — a driver and a passenger — were stopped in a car owned by the driver. Officers conducted an unlawful search of the vehicle's locked glove compartment, where the driver kept her personal documents. Inside the glove compartment…",Rakas v. Illinois held that Fourth Amendment standing is personal — each defendant must demonstrate that his own constitutional rights were violated,C,"The driver only, because she owned the vehicle and the locked glove compartment was her personal space; the passenger had no REE in the driver's locked…",Fourth Amendment standing requires the defendant to assert violation of his own Fourth Amendment rights; a defendant cannot challenge a search of another person's property unless he had a personal reasonable expectation of privacy in the area searched or item seized (Rakas…,A,"Both defendants, because both were present in the car when the illegal search occurred","190. ID 20320 | Pattern: Two defendants — a driver and a passenger — were stopped in a car owned by the driver. Officers conducted an unlawful search of the vehicle's locked glove compartment, where the driver kept her personal documents. Inside the glove compartment… | Trap: Rakas v. Illinois held that Fourth Amendment standing is personal — each defendant must demonstrate that his own constitutional rights were violated | Look for: C — The driver only, because she owned the vehicle and the locked glove compartment was her personal space; the passenger had no REE in the driver's locked…. Rule: Fourth Amendment standing requires the defendant to assert violation of his own Fourth Amendment rights; a defendant cannot challenge a search of another person's property unless he had a personal reasonable expectation of privacy in the area searched or item seized (Rakas…",143
191,14602,"The police received an anonymous tip that the defendant was growing marijuana in her backyard, which was surrounded by a 15-foot high, solid wooden fence. A police officer was unable to view the yard from the street, so he used…",The officer's purpose in looking at the curtilage is irrelevant to the determination of whether a search occurred or whether the defendant had a reasonable expectation of privacy in something…,D,"deny the motion, because the defendant had no reasonable expectation of privacy from aerial observation","The officer's action of looking into the yard from the police helicopter is not considered a search within the meaning of the Fourth Amendment. The defendant did not have an objective, reasonable expectation of privacy from aerial observation because the observations were…",B,"grant the motion, because the defendant had a reasonable expectation of privacy in the curtilage around her house and the police did not have a warrant.","191. ID 14602 | Pattern: The police received an anonymous tip that the defendant was growing marijuana in her backyard, which was surrounded by a 15-foot high, solid wooden fence. A police officer was unable to view the yard from the street, so he used… | Trap: The officer's purpose in looking at the curtilage is irrelevant to the determination of whether a search occurred or whether the defendant had a reasonable expectation of privacy in something… | Look for: D — deny the motion, because the defendant had no reasonable expectation of privacy from aerial observation. Rule: The officer's action of looking into the yard from the police helicopter is not considered a search within the meaning of the Fourth Amendment. The defendant did not have an objective, reasonable expectation of privacy from aerial observation because the observations were…",140
192,21344,"Officers obtain a search warrant from a neutral magistrate based on an affidavit later found to be insufficient for probable cause. The warrant appears facially valid, describes the place and items with particularity, and there is no evidence that officers…",The good-faith exception may admit evidence when officers reasonably relied on a facially valid warrant,B,"No, because the good-faith exception may apply to officers' reasonable reliance on the facially valid warrant","Evidence seized under a defective warrant may still be admitted when officers reasonably relied on a facially valid warrant, unless a good-faith limit applies",A,"Yes, because any warrant defect requires exclusion","192. ID 21344 | Pattern: Officers obtain a search warrant from a neutral magistrate based on an affidavit later found to be insufficient for probable cause. The warrant appears facially valid, describes the place and items with particularity, and there is no evidence that officers… | Trap: The good-faith exception may admit evidence when officers reasonably relied on a facially valid warrant | Look for: B — No, because the good-faith exception may apply to officers' reasonable reliance on the facially valid warrant. Rule: Evidence seized under a defective warrant may still be admitted when officers reasonably relied on a facially valid warrant, unless a good-faith limit applies",108
193,17930,"During a heated argument at a crowded bus stop, Denton swung his fist intending to strike Marcus, who was standing directly in front of him. Marcus ducked at the last second, and Denton's fist struck Patrice, a bystander who was…",Battery under the transferred-intent doctrine does not require that the defendant intend contact with the actual victim,C,"Yes, because Denton's intent to strike Marcus transfers to Patrice under the doctrine of transferred intent","Under common law, the intent to commit battery transfers from the intended victim to the actual victim; the defendant need not have intended contact with the person actually harmed",A,"No, because Denton lacked the specific intent to strike Patrice","193. ID 17930 | Pattern: During a heated argument at a crowded bus stop, Denton swung his fist intending to strike Marcus, who was standing directly in front of him. Marcus ducked at the last second, and Denton's fist struck Patrice, a bystander who was… | Trap: Battery under the transferred-intent doctrine does not require that the defendant intend contact with the actual victim | Look for: C — Yes, because Denton's intent to strike Marcus transfers to Patrice under the doctrine of transferred intent. Rule: Under common law, the intent to commit battery transfers from the intended victim to the actual victim; the defendant need not have intended contact with the person actually harmed",115
194,18581,Randall was serving a sentence at a state correctional facility. Corrections officers escorted Randall from his cell to a conference room within the prison and informed him he was free to end the interview and return to his cell at…,The Supreme Court squarely rejected this argument in *Howes v. Fields* (2012),C,"No, because Randall was told he was free to end the interview and return to his cell, and imprisonment alone does not create Miranda custody under…","Under *Howes v. Fields* (2012), a prisoner questioned about events outside the prison is not automatically in Miranda custody; the standard remains the objective reasonable-person test accounting for the prison context",A,"Yes, because any person who is incarcerated is necessarily in custody for Miranda purposes at all times","194. ID 18581 | Pattern: Randall was serving a sentence at a state correctional facility. Corrections officers escorted Randall from his cell to a conference room within the prison and informed him he was free to end the interview and return to his cell at… | Trap: The Supreme Court squarely rejected this argument in *Howes v. Fields* (2012) | Look for: C — No, because Randall was told he was free to end the interview and return to his cell, and imprisonment alone does not create Miranda custody under…. Rule: Under *Howes v. Fields* (2012), a prisoner questioned about events outside the prison is not automatically in Miranda custody; the standard remains the objective reasonable-person test accounting for the prison context",122
195,14694,"A defendant wanted to kill his neighbor because the defendant believed his neighbor was having an affair with his wife. Early one morning, armed with a pistol, he crouched behind some bushes on a park hillside overlooking a path upon…",The standard applied is the actual intent of the defendant and the substantiality of the step taken; it does not matter what a reasonable person would know with respect to…,A,"guilty of attempted murder, because he was not aware of the limited range of his pistol","To be found guilty of attempted murder, a defendant must have the intent to commit murder and take a substantial step toward the commission of murder",C,"not guilty of attempted murder, or any lesser included offense, because, under the circumstances, it was impossible for him to have killed his neighbor.","195. ID 14694 | Pattern: A defendant wanted to kill his neighbor because the defendant believed his neighbor was having an affair with his wife. Early one morning, armed with a pistol, he crouched behind some bushes on a park hillside overlooking a path upon… | Trap: The standard applied is the actual intent of the defendant and the substantiality of the step taken; it does not matter what a reasonable person would know with respect to… | Look for: A — guilty of attempted murder, because he was not aware of the limited range of his pistol. Rule: To be found guilty of attempted murder, a defendant must have the intent to commit murder and take a substantial step toward the commission of murder",125
196,17993,"After a party, Devin honestly believes that Alex is wearing Devin's own distinctive jacket by mistake. Devin shoves Alex, grabs the jacket, and leaves. The jacket in fact belongs to Alex, but Devin's belief is sincere. Is Devin guilty of…",Robbery includes larcenous intent. An honest claim of right to specific property can negate intent to steal,C,"No, because Devin honestly believed he was taking his own specific jacket","A defendant who honestly believes specific property is his own may lack intent to steal that property, even if using force can create other offenses",A,"Yes, because force used to take property always creates robbery","196. ID 17993 | Pattern: After a party, Devin honestly believes that Alex is wearing Devin's own distinctive jacket by mistake. Devin shoves Alex, grabs the jacket, and leaves. The jacket in fact belongs to Alex, but Devin's belief is sincere. Is Devin guilty of… | Trap: Robbery includes larcenous intent. An honest claim of right to specific property can negate intent to steal | Look for: C — No, because Devin honestly believed he was taking his own specific jacket. Rule: A defendant who honestly believes specific property is his own may lack intent to steal that property, even if using force can create other offenses",107
197,16103,"The defendant met a girl in a bar where both were drinking. Because the defendant was too drunk to drive, the girl offered him a ride home. In the girl's car, the girl consented to intercourse. A statute provided that…","A, B, and C are therefore incorrect",D,"Yes, but only if the defendant realized that he was having intercourse","Some courts say that statutory rape is a strict liability crime, requiring no intent at all; other courts say that it is a general intent crime requiring only the intent to have sexual intercourse. Under either view, this means that a defendant…",A,"No, because he believed the girl to be over the age of 18 years.","197. ID 16103 | Pattern: The defendant met a girl in a bar where both were drinking. Because the defendant was too drunk to drive, the girl offered him a ride home. In the girl's car, the girl consented to intercourse. A statute provided that… | Trap: A, B, and C are therefore incorrect | Look for: D — Yes, but only if the defendant realized that he was having intercourse. Rule: Some courts say that statutory rape is a strict liability crime, requiring no intent at all; other courts say that it is a general intent crime requiring only the intent to have sexual intercourse. Under either view, this means that a defendant…",114
198,20225,"Angry at a neighbor, Felix lights a pile of wet newspapers on the neighbor's concrete porch. The newspapers smoke heavily and blacken the exterior wall, but the wall, porch, and trim are not scorched, charred, or burned. Has Felix completed…",Common-law arson requires burning of the structure. Smoke discoloration without charring or scorching is not enough,C,"No, because smoke discoloration alone is not the burning required for common-law arson","For common-law arson, scorching or charring of the structure can satisfy burning, but smoke discoloration alone does not",A,"Yes, because smoke marks on a house are enough burning","198. ID 20225 | Pattern: Angry at a neighbor, Felix lights a pile of wet newspapers on the neighbor's concrete porch. The newspapers smoke heavily and blacken the exterior wall, but the wall, porch, and trim are not scorched, charred, or burned. Has Felix completed… | Trap: Common-law arson requires burning of the structure. Smoke discoloration without charring or scorching is not enough | Look for: C — No, because smoke discoloration alone is not the burning required for common-law arson. Rule: For common-law arson, scorching or charring of the structure can satisfy burning, but smoke discoloration alone does not",100
199,20122,"Kevin walks through a crowded mall and lifts a wallet from a shopper's back pocket without the shopper noticing. Kevin walks away and is twenty feet down the hall when the shopper realizes his wallet is gone and shouts ""Stop…",Robbery requires that force or intimidation be used in the course of taking the property — meaning at or before the moment the taking is accomplished,C,"No, because the force occurred after the larceny was already complete, so robbery's force element is not satisfied","Common-law robbery requires that force or intimidation be used in the course of the taking. Force used after the defendant has already achieved complete dominion over the property (i.e., after the larceny is complete) does not convert the prior larceny into robbery",A,"Yes, because Kevin used force in connection with the theft of the wallet","199. ID 20122 | Pattern: Kevin walks through a crowded mall and lifts a wallet from a shopper's back pocket without the shopper noticing. Kevin walks away and is twenty feet down the hall when the shopper realizes his wallet is gone and shouts ""Stop… | Trap: Robbery requires that force or intimidation be used in the course of taking the property — meaning at or before the moment the taking is accomplished | Look for: C — No, because the force occurred after the larceny was already complete, so robbery's force element is not satisfied. Rule: Common-law robbery requires that force or intimidation be used in the course of the taking. Force used after the defendant has already achieved complete dominion over the property (i.e., after the larceny is complete) does not convert the prior larceny into robbery",139
200,19602,"Rhea has a brain injury that makes her impulsive. During an argument, she intentionally pushes a clerk, causing minor injury. The jurisdiction recognizes diminished capacity for specific-intent crimes, but battery requires only intent to make offensive contact and no further…","Diminished capacity negates specific or heightened mental elements. Battery here requires only general intent to make contact, which Rhea had",C,"No, because the offense is general intent and Rhea intended the contact","Diminished capacity, where recognized, is generally limited to negating specific-intent or heightened mental elements; it does not excuse general intent merely because judgment was impaired",A,"Yes, because the brain injury made Rhea impulsive","200. ID 19602 | Pattern: Rhea has a brain injury that makes her impulsive. During an argument, she intentionally pushes a clerk, causing minor injury. The jurisdiction recognizes diminished capacity for specific-intent crimes, but battery requires only intent to make offensive contact and no further… | Trap: Diminished capacity negates specific or heightened mental elements. Battery here requires only general intent to make contact, which Rhea had | Look for: C — No, because the offense is general intent and Rhea intended the contact. Rule: Diminished capacity, where recognized, is generally limited to negating specific-intent or heightened mental elements; it does not excuse general intent merely because judgment was impaired",110
201,18385,"After Felix is indicted for arson, police place a cooperating inmate in the same holding cell and instruct the inmate not to ask Felix questions. Felix, unprompted, says, ""I should have used less gasoline."" The inmate says nothing about the…","The doctrine targets deliberate elicitation. Presence alone, with passive listening, is not a violation",A,"No, because the informant merely listened and did not deliberately elicit the statement","After attachment, a government agent violates the Sixth Amendment by deliberately eliciting statements about the charged offense; merely listening to volunteered remarks is not deliberate elicitation",B,"Yes, because any informant in the cell after indictment automatically violates the Sixth Amendment","201. ID 18385 | Pattern: After Felix is indicted for arson, police place a cooperating inmate in the same holding cell and instruct the inmate not to ask Felix questions. Felix, unprompted, says, ""I should have used less gasoline."" The inmate says nothing about the… | Trap: The doctrine targets deliberate elicitation. Presence alone, with passive listening, is not a violation | Look for: A — No, because the informant merely listened and did not deliberately elicit the statement. Rule: After attachment, a government agent violates the Sixth Amendment by deliberately eliciting statements about the charged offense; merely listening to volunteered remarks is not deliberate elicitation",106
202,16105,"A store owner wanted to erect a new storage building so that he could expand his business of selling diet food and health supplies. He was afraid, however, that the building department would not issue him a permit to begin…","A person is guilty of attempting to commit a crime when, with the specific intent to commit that crime, he or she comes substantially close to committing it",D,"guilty, because attempting to commit bribery in the second degree is a lesser offense included in that crime",A lesser included offense is an offense the elements of which are completely included among the elements of a more serious crime,A,"not guilty, because bribery in the second degree is an attempt crime, and there can be no liability for attempting to attempt.","202. ID 16105 | Pattern: A store owner wanted to erect a new storage building so that he could expand his business of selling diet food and health supplies. He was afraid, however, that the building department would not issue him a permit to begin… | Trap: A person is guilty of attempting to commit a crime when, with the specific intent to commit that crime, he or she comes substantially close to committing it | Look for: D — guilty, because attempting to commit bribery in the second degree is a lesser offense included in that crime. Rule: A lesser included offense is an offense the elements of which are completely included among the elements of a more serious crime",121
203,19955,"A victim spends ten minutes speaking with an unmasked robber in a well-lit shop and gives police a detailed description within minutes. The next day, police show the victim a photo array in which the defendant's photo is brighter than…",Suppression requires both improper suggestiveness and a substantial likelihood of misidentification,B,"No, because strong reliability factors may make the identification admissible despite suggestiveness",Even a suggestive police-arranged photo procedure may be admitted if reliability factors show no substantial likelihood of irreparable misidentification,A,"Yes, because any suggestive photo array must be excluded","203. ID 19955 | Pattern: A victim spends ten minutes speaking with an unmasked robber in a well-lit shop and gives police a detailed description within minutes. The next day, police show the victim a photo array in which the defendant's photo is brighter than… | Trap: Suppression requires both improper suggestiveness and a substantial likelihood of misidentification | Look for: B — No, because strong reliability factors may make the identification admissible despite suggestiveness. Rule: Even a suggestive police-arranged photo procedure may be admitted if reliability factors show no substantial likelihood of irreparable misidentification",95
204,14560,"A defendant was charged with the capital offense of first-degree murder, for which the only available penalties were death or life in prison without parole. During jury selection, the trial court, over the defendant’s objection, granted the prosecution’s for-cause challenge…","This answer is only partially correct. While the conviction should be affirmed, the death sentence should also be affirmed because, as explained above, the trial court may properly dismiss a…",A,Affirm both,A trial court may properly excuse a juror for cause from serving in both the guilt and penalty phases of a capital case if a juror's views regarding the death penalty would prevent or substantially impair the juror from impartially deciding whether…,D,Reverse both.,"204. ID 14560 | Pattern: A defendant was charged with the capital offense of first-degree murder, for which the only available penalties were death or life in prison without parole. During jury selection, the trial court, over the defendant’s objection, granted the prosecution’s for-cause challenge… | Trap: This answer is only partially correct. While the conviction should be affirmed, the death sentence should also be affirmed because, as explained above, the trial court may properly dismiss a… | Look for: A — Affirm both. Rule: A trial court may properly excuse a juror for cause from serving in both the guilt and penalty phases of a capital case if a juror's views regarding the death penalty would prevent or substantially impair the juror from impartially deciding whether…",127
205,21867,"Gia sold sandwiches from a sidewalk cart without the required city permit, a misdemeanor. A customer bought a sandwich, ate it without incident, and walked two blocks away. While crossing against a traffic light, the customer was struck by a…","The misdemeanor must cause the death. The traffic collision, not the lack of a permit, caused the customer's death",C,"No, because the unlicensed sale did not actually or proximately cause the traffic death",Misdemeanor manslaughter requires the unlawful act to actually and proximately cause death; the misdemeanor label alone is not enough,A,"Yes, because Gia was committing a misdemeanor when she sold the sandwich","205. ID 21867 | Pattern: Gia sold sandwiches from a sidewalk cart without the required city permit, a misdemeanor. A customer bought a sandwich, ate it without incident, and walked two blocks away. While crossing against a traffic light, the customer was struck by a… | Trap: The misdemeanor must cause the death. The traffic collision, not the lack of a permit, caused the customer's death | Look for: C — No, because the unlicensed sale did not actually or proximately cause the traffic death. Rule: Misdemeanor manslaughter requires the unlawful act to actually and proximately cause death; the misdemeanor label alone is not enough",105
206,14585,"A defendant was validly arrested for the murder of a store clerk and was taken to a police station where he was given Miranda warnings. When an interrogator asked the defendant, ""Do you understand your Miranda rights, and are you…","On the contrary, the defendant did not effectively assert his right to counsel, which, along with the valid waiver of his Miranda rights, renders the statement admissible",B,"No, because the defendant did not effectively assert the right to counsel, and his conduct prior to making the statement constituted a valid waiver of his…",The defendant did not effectively assert his right to counsel because such an assertion must be unambiguous,D,"Yes, because the defendant effectively asserted the right to counsel, and the question ""Why would you want to talk with a lawyer?"" constituted custodial interrogation.","206. ID 14585 | Pattern: A defendant was validly arrested for the murder of a store clerk and was taken to a police station where he was given Miranda warnings. When an interrogator asked the defendant, ""Do you understand your Miranda rights, and are you… | Trap: On the contrary, the defendant did not effectively assert his right to counsel, which, along with the valid waiver of his Miranda rights, renders the statement admissible | Look for: B — No, because the defendant did not effectively assert the right to counsel, and his conduct prior to making the statement constituted a valid waiver of his…. Rule: The defendant did not effectively assert his right to counsel because such an assertion must be unambiguous",123
207,19175,"During a sudden flash flood, Malik breaks the window of a closed cabin and enters to avoid being swept away. No one is inside, and Malik leaves a note with his contact information before departing the next morning. Malik is…","Legal duress involves coercion by a human threat. A flood is natural pressure, so the better doctrine is necessity",B,"Necessity, because he chose a lesser harm to avoid imminent natural danger with no reasonable alternative",Duress involves human threats; necessity involves natural or circumstantial pressure and requires a lesser-evil choice with no reasonable legal alternative,A,"Duress, because Malik felt forced by the emergency","207. ID 19175 | Pattern: During a sudden flash flood, Malik breaks the window of a closed cabin and enters to avoid being swept away. No one is inside, and Malik leaves a note with his contact information before departing the next morning. Malik is… | Trap: Legal duress involves coercion by a human threat. A flood is natural pressure, so the better doctrine is necessity | Look for: B — Necessity, because he chose a lesser harm to avoid imminent natural danger with no reasonable alternative. Rule: Duress involves human threats; necessity involves natural or circumstantial pressure and requires a lesser-evil choice with no reasonable legal alternative",108
208,20793,"Police arrested Rico for a robbery committed by a masked person known to witnesses only as ""Red Ace."" During booking, before warnings, a detective assigned to the robbery case asked Rico, ""What street name do you use with your crew?""…",The setting does not control when the question is investigative and likely to elicit incriminating information,C,"No, because the question was reasonably likely to elicit an incriminating response and was not routine administrative booking",The routine booking exception does not apply when police ask a question reasonably likely to elicit incriminating information rather than administrative biographical data,A,"Yes, because the question was asked during booking","208. ID 20793 | Pattern: Police arrested Rico for a robbery committed by a masked person known to witnesses only as ""Red Ace."" During booking, before warnings, a detective assigned to the robbery case asked Rico, ""What street name do you use with your crew?""… | Trap: The setting does not control when the question is investigative and likely to elicit incriminating information | Look for: C — No, because the question was reasonably likely to elicit an incriminating response and was not routine administrative booking. Rule: The routine booking exception does not apply when police ask a question reasonably likely to elicit incriminating information rather than administrative biographical data",110
209,21157,"Police legally entered a suspect's apartment while investigating a reported shooting. While there, an officer noticed an expensive stereo system that seemed out of place. The officer did not see any incriminating markings. To read the serial number on the…",A lawful vantage point alone does not satisfy plain view,C,"No, because the officer moved the stereo to reveal the serial number — meaning the incriminating character was not immediately apparent and plain view does not…","Plain view requires (1) lawful vantage point, (2) immediately apparent incriminating character (probable cause), and (3) lawful right of access; an officer may not manipulate or move an object to confirm incriminating character (Arizona v. Hicks)",B,"Yes, because the officer's minimal movement of the stereo did not constitute a meaningful intrusion","209. ID 21157 | Pattern: Police legally entered a suspect's apartment while investigating a reported shooting. While there, an officer noticed an expensive stereo system that seemed out of place. The officer did not see any incriminating markings. To read the serial number on the… | Trap: A lawful vantage point alone does not satisfy plain view | Look for: C — No, because the officer moved the stereo to reveal the serial number — meaning the incriminating character was not immediately apparent and plain view does not…. Rule: Plain view requires (1) lawful vantage point, (2) immediately apparent incriminating character (probable cause), and (3) lawful right of access; an officer may not manipulate or move an object to confirm incriminating character (Arizona v. Hicks)",125
210,17959,"Two officers approach Leo on a public sidewalk at noon. They do not block his path, display weapons, touch him, or use commanding language. One officer asks whether Leo will answer a few questions. Leo agrees and, while speaking, reveals…","The Fourth Amendment seizure test asks whether a reasonable person would feel free to leave, not whether an officer asked a question",A,"No, because a reasonable person in Leo's position would have felt free to decline and leave","A seizure occurs only when, under the totality of circumstances, a reasonable person would not feel free to leave or end the encounter",C,"Yes, because two officers were present","210. ID 17959 | Pattern: Two officers approach Leo on a public sidewalk at noon. They do not block his path, display weapons, touch him, or use commanding language. One officer asks whether Leo will answer a few questions. Leo agrees and, while speaking, reveals… | Trap: The Fourth Amendment seizure test asks whether a reasonable person would feel free to leave, not whether an officer asked a question | Look for: A — No, because a reasonable person in Leo's position would have felt free to decline and leave. Rule: A seizure occurs only when, under the totality of circumstances, a reasonable person would not feel free to leave or end the encounter",114
211,18759,"At a party, Troy picked up a revolver, loaded one chamber with a round, and pressured his friend Miles to play Russian roulette by telling him anyone who refused was a ""coward."" Miles, wanting to impress the crowd, agreed. Troy…",Victim consent and voluntary assumption of risk are not defenses to criminal homicide,C,"Murder (depraved-heart), because Troy consciously disregarded an extreme and unjustifiable risk to Miles's life by engineering and pressuring the game",Voluntary participation by the victim in a dangerous activity does not negate depraved-heart murder liability; a defendant who forces or strongly induces another to engage in an act with an extreme risk of death can be guilty of murder when death results,A,"No crime, because Miles voluntarily chose to participate and assumed the risk of death","211. ID 18759 | Pattern: At a party, Troy picked up a revolver, loaded one chamber with a round, and pressured his friend Miles to play Russian roulette by telling him anyone who refused was a ""coward."" Miles, wanting to impress the crowd, agreed. Troy… | Trap: Victim consent and voluntary assumption of risk are not defenses to criminal homicide | Look for: C — Murder (depraved-heart), because Troy consciously disregarded an extreme and unjustifiable risk to Miles's life by engineering and pressuring the game. Rule: Voluntary participation by the victim in a dangerous activity does not negate depraved-heart murder liability; a defendant who forces or strongly induces another to engage in an act with an extreme risk of death can be guilty of murder when death results",128
212,14568,A prosecutor presented to a federal grand jury the testimony of a witness in order to secure a defendant's indictment for theft of government property. The prosecutor did not disclose to the grand jury that the witness had been convicted…,"The constitutional violation here rests on the untimely disclosure of the witness’s prior conviction and the prejudice that resulted, not on the defendant’s ability to cross-examine the witness, which the…",C,The court found it reasonably probable that the defendant would have been acquitted had the defense had timely access to the information about the witness's conviction,"Had the prosecution disclosed the impeachment evidence earlier, there would have been a reasonable probability that the defendant would have been acquitted",A,The defendant was unable to cross-examine the witness about the conviction.,"212. ID 14568 | Pattern: A prosecutor presented to a federal grand jury the testimony of a witness in order to secure a defendant's indictment for theft of government property. The prosecutor did not disclose to the grand jury that the witness had been convicted… | Trap: The constitutional violation here rests on the untimely disclosure of the witness’s prior conviction and the prejudice that resulted, not on the defendant’s ability to cross-examine the witness, which the… | Look for: C — The court found it reasonably probable that the defendant would have been acquitted had the defense had timely access to the information about the witness's conviction. Rule: Had the prosecution disclosed the impeachment evidence earlier, there would have been a reasonable probability that the defendant would have been acquitted",131
213,16195,"An ex-convict and his cellmate planned to hold up a bank. They drove to the bank in the ex-convict’s car. The ex-convict entered while the cellmate remained as lookout in the car. After a few moments, the cellmate panicked and…",Do not rely on search-incident or automobile-exigency if consent by a person with apparent control is the cleaner ground,C,"The cellmate had, under the circumstances, sufficient standing and authority to consent to the search","This is a somewhat difficult question because three of the responses are potential answers theoretically, but two of them are difficult to prove",C,"The cellmate had, under the circumstances, sufficient standing and authority to consent to the search.","213. ID 16195 | Pattern: An ex-convict and his cellmate planned to hold up a bank. They drove to the bank in the ex-convict’s car. The ex-convict entered while the cellmate remained as lookout in the car. After a few moments, the cellmate panicked and… | Trap: Do not rely on search-incident or automobile-exigency if consent by a person with apparent control is the cleaner ground | Look for: C — The cellmate had, under the circumstances, sufficient standing and authority to consent to the search. Rule: This is a somewhat difficult question because three of the responses are potential answers theoretically, but two of them are difficult to prove",110
214,16125,"The defendant, who was a law student, was attempting to study for her final examinations. She was having difficulty concentrating because the people in the apartment above hers were having a loud party, and the defendant found the noise distracting.…","A person is guilty of attempting to commit a crime when, with the specific intent to bring about a criminally proscribed result, he or she comes substantially close to accomplishing…",A,Battery,"Criminal battery consists of the intentional, reckless, or criminally negligent application of force to the body of another",B,Attempted involuntary manslaughter.,"214. ID 16125 | Pattern: The defendant, who was a law student, was attempting to study for her final examinations. She was having difficulty concentrating because the people in the apartment above hers were having a loud party, and the defendant found the noise distracting.… | Trap: A person is guilty of attempting to commit a crime when, with the specific intent to bring about a criminally proscribed result, he or she comes substantially close to accomplishing… | Look for: A — Battery. Rule: Criminal battery consists of the intentional, reckless, or criminally negligent application of force to the body of another",102
215,20228,"A state trooper pulled over Dana for speeding on the interstate. The trooper approached the window and asked, ""Have you been drinking tonight?"" Without any Miranda warnings, Dana replied, ""Just a couple of beers."" The trooper then administered field sobriety…",Miranda's interrogation prong is irrelevant unless custody is first established,C,"No, because a routine traffic stop does not constitute Miranda custody, so no warnings were required before the trooper's question",A routine traffic stop does not constitute Miranda custody because a reasonable person would understand the detention is brief and limited; Miranda warnings are not required before questioning during a traffic stop,B,"Yes, because Dana was seized within the meaning of the Fourth Amendment and therefore in custody for Miranda purposes","215. ID 20228 | Pattern: A state trooper pulled over Dana for speeding on the interstate. The trooper approached the window and asked, ""Have you been drinking tonight?"" Without any Miranda warnings, Dana replied, ""Just a couple of beers."" The trooper then administered field sobriety… | Trap: Miranda's interrogation prong is irrelevant unless custody is first established | Look for: C — No, because a routine traffic stop does not constitute Miranda custody, so no warnings were required before the trooper's question. Rule: A routine traffic stop does not constitute Miranda custody because a reasonable person would understand the detention is brief and limited; Miranda warnings are not required before questioning during a traffic stop",115
216,14587,"After a defendant was indicted on federal bank fraud charges and released on bail, his attorney filed notice of the defendant's intent to offer an insanity defense. The prosecutor then enlisted the help of a forensic psychologist who was willing…",The Fourth Amendment does not prevent the government from using deception to obtain incriminating admissions,C,The Sixth Amendment right to the assistance of counsel,"The defendant had been indicted, which means his Sixth Amendment right to counsel had attached",B,The Fifth Amendment privilege against compelled self-incrimination.,"216. ID 14587 | Pattern: After a defendant was indicted on federal bank fraud charges and released on bail, his attorney filed notice of the defendant's intent to offer an insanity defense. The prosecutor then enlisted the help of a forensic psychologist who was willing… | Trap: The Fourth Amendment does not prevent the government from using deception to obtain incriminating admissions | Look for: C — The Sixth Amendment right to the assistance of counsel. Rule: The defendant had been indicted, which means his Sixth Amendment right to counsel had attached",92
217,14595,A defendant was charged with the murder of a man who had been strangled and whose body was found in some woods near his home. The defendant suffers from a neurological problem that makes it impossible for him to remember…,"The good faith exception applies to law enforcement's reasonable reliance on a judicially-ordered search warrant, not to consent searches",A,"admit it, because the defendant's consent was not obtained by intentional police misconduct and the defendant was not compelled to make the diary entry","The consent to search was voluntary, meaning there was no Fourth Amendment violation in conducting it. The writing in the diary, even if incriminating, was freely made without any compulsion to produce it, and is therefore admissible",C,"exclude it, because the defendant was not competent to consent to a search.","217. ID 14595 | Pattern: A defendant was charged with the murder of a man who had been strangled and whose body was found in some woods near his home. The defendant suffers from a neurological problem that makes it impossible for him to remember… | Trap: The good faith exception applies to law enforcement's reasonable reliance on a judicially-ordered search warrant, not to consent searches | Look for: A — admit it, because the defendant's consent was not obtained by intentional police misconduct and the defendant was not compelled to make the diary entry. Rule: The consent to search was voluntary, meaning there was no Fourth Amendment violation in conducting it. The writing in the diary, even if incriminating, was freely made without any compulsion to produce it, and is therefore admissible",133
218,18400,"Leon approaches Victor outside a bank and says: ""Give me your wallet, or I'll track down your brother and hurt him next month."" Victor, frightened, hands over his wallet. Leon takes it and walks away. Is Leon guilty of robbery?",Robbery requires intimidation by an immediate threat of bodily harm — typically to the victim or a close family member present at the scene,C,"No, because the threat was of future harm, not immediate bodily harm, so the intimidation element of robbery is not satisfied","Robbery requires that force or intimidation consist of an immediate threat of bodily harm. A threat to cause harm at some future time, or to harm someone other than the victim, does not satisfy the intimidation element of robbery",A,"Yes, because Leon used intimidation to obtain Victor's wallet","218. ID 18400 | Pattern: Leon approaches Victor outside a bank and says: ""Give me your wallet, or I'll track down your brother and hurt him next month."" Victor, frightened, hands over his wallet. Leon takes it and walks away. Is Leon guilty of robbery? | Trap: Robbery requires intimidation by an immediate threat of bodily harm — typically to the victim or a close family member present at the scene | Look for: C — No, because the threat was of future harm, not immediate bodily harm, so the intimidation element of robbery is not satisfied. Rule: Robbery requires that force or intimidation consist of an immediate threat of bodily harm. A threat to cause harm at some future time, or to harm someone other than the victim, does not satisfy the intimidation element of robbery",137
219,14639,"While walking home one evening, an off-duty police officer was accosted by a stranger. The stranger had been drinking and mistakenly thought the police officer was a man who was having an affair with his wife. Intending to frighten the…",It deals with the difference at common law between murder and manslaughter and does not involve the police officer's self-defense claim at all,A,"sustained, because the police officer reasonably believed the stranger was planning to kill him and that deadly force was required","To succeed in a claim of self-defense to a murder charge, the defendant must show that the defendant believed that the action taken was necessary to prevent imminent death or great bodily harm to himself from unlawful force and that the belief…",D,"denied, because the police officer was not defending his home and had an obligation to retreat or to repel with less than deadly force.","219. ID 14639 | Pattern: While walking home one evening, an off-duty police officer was accosted by a stranger. The stranger had been drinking and mistakenly thought the police officer was a man who was having an affair with his wife. Intending to frighten the… | Trap: It deals with the difference at common law between murder and manslaughter and does not involve the police officer's self-defense claim at all | Look for: A — sustained, because the police officer reasonably believed the stranger was planning to kill him and that deadly force was required. Rule: To succeed in a claim of self-defense to a murder charge, the defendant must show that the defendant believed that the action taken was necessary to prevent imminent death or great bodily harm to himself from unlawful force and that the belief…",138
220,19712,"Chen was arrested for wire fraud involving an alleged $4 million scheme. At the bail hearing, the magistrate set bail at $500,000, citing Chen's substantial financial resources, his ownership of a home abroad, the large sum of money at issue…",The Eighth Amendment prohibits excessive bail but does not guarantee a right to bail in every case,C,"Probably not, because the magistrate set bail based on individualized factors reasonably related to ensuring Chen's appearance at trial","The Eighth Amendment prohibits ""excessive bail,"" meaning bail may not be set at a figure higher than reasonably calculated to ensure the defendant's appearance at trial; courts consider the nature of the offense, criminal history, flight risk, and community ties",B,"Yes, because $500,000 is disproportionate to a non-violent white-collar crime","220. ID 19712 | Pattern: Chen was arrested for wire fraud involving an alleged $4 million scheme. At the bail hearing, the magistrate set bail at $500,000, citing Chen's substantial financial resources, his ownership of a home abroad, the large sum of money at issue… | Trap: The Eighth Amendment prohibits excessive bail but does not guarantee a right to bail in every case | Look for: C — Probably not, because the magistrate set bail based on individualized factors reasonably related to ensuring Chen's appearance at trial. Rule: The Eighth Amendment prohibits ""excessive bail,"" meaning bail may not be set at a figure higher than reasonably calculated to ensure the defendant's appearance at trial; courts consider the nature of the offense, criminal history, flight risk, and community ties",129
221,18329,"Felix was arrested as a suspect in a forgery scheme. A grand jury issued a subpoena requiring Felix to (1) provide a handwriting exemplar, (2) give a blood sample for DNA testing, and (3) appear before the grand jury and…",The Fifth Amendment protects only testimonial or communicative evidence — the expression of the contents of the mind,C,"Only the obligation to answer grand jury questions about his knowledge is protected by the Fifth Amendment, because that demands testimonial/communicative responses; the handwriting exemplar and…","The Fifth Amendment privilege against self-incrimination protects only testimonial or communicative evidence — the expression of the contents of the mind; it does not protect against compelled production of physical or biological evidence such as blood samples, handwriting exemplars, voice samples, or…",A,All three refusals are protected because each disclosure would incriminate Felix,"221. ID 18329 | Pattern: Felix was arrested as a suspect in a forgery scheme. A grand jury issued a subpoena requiring Felix to (1) provide a handwriting exemplar, (2) give a blood sample for DNA testing, and (3) appear before the grand jury and… | Trap: The Fifth Amendment protects only testimonial or communicative evidence — the expression of the contents of the mind | Look for: C — Only the obligation to answer grand jury questions about his knowledge is protected by the Fifth Amendment, because that demands testimonial/communicative responses; the handwriting exemplar and…. Rule: The Fifth Amendment privilege against self-incrimination protects only testimonial or communicative evidence — the expression of the contents of the mind; it does not protect against compelled production of physical or biological evidence such as blood samples, handwriting exemplars, voice samples, or…",139
222,19027,"Iris fired at Nolan intending to kill him. The bullet missed Nolan and grazed Riley, who was standing nearby. Riley survived. The prosecution charged Iris with attempted murder of Riley. Is Iris guilty of attempted murder of Riley?",Attempted murder requires intent to kill the attempted-murder victim,C,"No, because Iris did not intend to kill Riley, though she may be guilty of attempted murder of Nolan",Attempted murder requires specific intent to kill the person charged as the attempted-murder victim; transferred intent generally does not create attempted murder for an unintended surviving victim,A,"Yes, because Iris intended to kill Nolan and that intent transfers to Riley","222. ID 19027 | Pattern: Iris fired at Nolan intending to kill him. The bullet missed Nolan and grazed Riley, who was standing nearby. Riley survived. The prosecution charged Iris with attempted murder of Riley. Is Iris guilty of attempted murder of Riley? | Trap: Attempted murder requires intent to kill the attempted-murder victim | Look for: C — No, because Iris did not intend to kill Riley, though she may be guilty of attempted murder of Nolan. Rule: Attempted murder requires specific intent to kill the person charged as the attempted-murder victim; transferred intent generally does not create attempted murder for an unintended surviving victim",106
223,20691,"During a bar altercation, Neil punched Victor once in the jaw. Victor had an undiagnosed and rare blood-clotting disorder. Because of the disorder, the punch caused internal bleeding that would not clot, and Victor died twelve hours later. Medical testimony…",A preexisting condition in the victim is not a superseding intervening cause,C,"Yes, because the eggshell skull rule holds Neil responsible for the full extent of harm caused to Victor, including harm amplified by Victor's preexisting condition","The ""eggshell skull"" (thin skull) doctrine applies in criminal law: a defendant takes the victim as she finds her; a preexisting vulnerability that accelerates or worsens a death does not break the causal chain",B,"No, because Neil could not have foreseen that a single punch would kill Victor","223. ID 20691 | Pattern: During a bar altercation, Neil punched Victor once in the jaw. Victor had an undiagnosed and rare blood-clotting disorder. Because of the disorder, the punch caused internal bleeding that would not clot, and Victor died twelve hours later. Medical testimony… | Trap: A preexisting condition in the victim is not a superseding intervening cause | Look for: C — Yes, because the eggshell skull rule holds Neil responsible for the full extent of harm caused to Victor, including harm amplified by Victor's preexisting condition. Rule: The ""eggshell skull"" (thin skull) doctrine applies in criminal law: a defendant takes the victim as she finds her; a preexisting vulnerability that accelerates or worsens a death does not break the causal chain",124
224,17647,"Two armed men enter a convenience store and order the clerk, Marta, to lie on the floor in the back room. While Marta lies on the floor, the robbers take $1,200 from the cash register and $400 worth of merchandise…","The ""presence"" element of robbery is not limited to the victim's line of sight",C,"Yes, because the property was within Marta's constructive presence — she would have been able to protect it but for the force used to remove her…","Robbery requires that property be taken from the person or immediate presence of the victim. Property is within a victim's ""presence"" if the victim was in close enough proximity that — but for the force or intimidation — the victim could have…",A,"No, because Marta was in the back room and could not see the property being taken","224. ID 17647 | Pattern: Two armed men enter a convenience store and order the clerk, Marta, to lie on the floor in the back room. While Marta lies on the floor, the robbers take $1,200 from the cash register and $400 worth of merchandise… | Trap: The ""presence"" element of robbery is not limited to the victim's line of sight | Look for: C — Yes, because the property was within Marta's constructive presence — she would have been able to protect it but for the force used to remove her…. Rule: Robbery requires that property be taken from the person or immediate presence of the victim. Property is within a victim's ""presence"" if the victim was in close enough proximity that — but for the force or intimidation — the victim could have…",135
225,19462,An officer checked a court database that incorrectly showed an active arrest warrant for Iris. The database error was caused by a court clerk's isolated failure to delete a recalled warrant. The officer had no reason to doubt the database…,"Exclusion is not automatic. When officers reasonably rely on an isolated clerical error, suppression may not serve deterrence",B,Admit the pills because the officer objectively relied on a database showing an active warrant and the error was isolated clerical negligence,The exclusionary rule targets deterrable police misconduct; objectively reasonable reliance on isolated negligent recordkeeping may not justify suppression,A,Suppress the pills because the warrant was not actually valid,"225. ID 19462 | Pattern: An officer checked a court database that incorrectly showed an active arrest warrant for Iris. The database error was caused by a court clerk's isolated failure to delete a recalled warrant. The officer had no reason to doubt the database… | Trap: Exclusion is not automatic. When officers reasonably rely on an isolated clerical error, suppression may not serve deterrence | Look for: B — Admit the pills because the officer objectively relied on a database showing an active warrant and the error was isolated clerical negligence. Rule: The exclusionary rule targets deterrable police misconduct; objectively reasonable reliance on isolated negligent recordkeeping may not justify suppression",111
226,16043,"The defendant was a nightclub performer who was billed as “the man with second sight.” As part of his nightclub act, he would put on a blindfold and walk between the tables, identifying the contents of pockets and purses of…","A and B are therefore incorrect. Since there is no requirement that a person be prosecuted for the highest possible crime that he or she committed,",C,"not guilty, since he lacked the requisite state of mind to be liable for an attempt","A person is guilty of attempting to commit a crime when, with the specific intent to bring about a criminally prohibited result, he or she comes substantially close to achieving that result. Since involuntary manslaughter is unintended homicide, there can be no…",D,"not guilty, since the crime of involuntary manslaughter is a lesser offense included in murder.","226. ID 16043 | Pattern: The defendant was a nightclub performer who was billed as “the man with second sight.” As part of his nightclub act, he would put on a blindfold and walk between the tables, identifying the contents of pockets and purses of… | Trap: A and B are therefore incorrect. Since there is no requirement that a person be prosecuted for the highest possible crime that he or she committed, | Look for: C — not guilty, since he lacked the requisite state of mind to be liable for an attempt. Rule: A person is guilty of attempting to commit a crime when, with the specific intent to bring about a criminally prohibited result, he or she comes substantially close to achieving that result. Since involuntary manslaughter is unintended homicide, there can be no…",137
227,21040,"A store security guard suspected Eli of shoplifting. Without any police involvement, request, or prior arrangement, the guard opened Eli's backpack in a back office and found stolen earbuds. The guard then called police and handed over the earbuds. Eli…",The Fourth Amendment restricts government action. A private guard acting independently is not a government actor,C,"No, because the search was purely private and not attributable to the government",Fourth Amendment protection requires government action; private actors are not bound unless acting as government agents,A,"Yes, because the guard searched a private backpack without a warrant","227. ID 21040 | Pattern: A store security guard suspected Eli of shoplifting. Without any police involvement, request, or prior arrangement, the guard opened Eli's backpack in a back office and found stolen earbuds. The guard then called police and handed over the earbuds. Eli… | Trap: The Fourth Amendment restricts government action. A private guard acting independently is not a government actor | Look for: C — No, because the search was purely private and not attributable to the government. Rule: Fourth Amendment protection requires government action; private actors are not bound unless acting as government agents",98
228,14718,"A defendant was upset because he was going to have to close his liquor store due to competition from a discount store in a new shopping mall nearby. In desperation, he decided to set fire to his store to collect…","Negligence alone is insufficient proof of malicious burning. However, the defendant's recklessness, combined with the obvious risk of the burning, demonstrates malice",A,"guilty, because he could have put out the fire before it spread and did not do so because he wanted the building destroyed","Arson is not a specific intent crime; instead, it requires malice on the part of the defendant",C,"not guilty, because even if he wanted to burn the building there was no concurrence between his mens rea and the act of starting the fire.","228. ID 14718 | Pattern: A defendant was upset because he was going to have to close his liquor store due to competition from a discount store in a new shopping mall nearby. In desperation, he decided to set fire to his store to collect… | Trap: Negligence alone is insufficient proof of malicious burning. However, the defendant's recklessness, combined with the obvious risk of the burning, demonstrates malice | Look for: A — guilty, because he could have put out the fire before it spread and did not do so because he wanted the building destroyed. Rule: Arson is not a specific intent crime; instead, it requires malice on the part of the defendant",115
229,14626,A defendant entered a guilty plea to a charge of embezzlement. Her attorney hired a retired probation officer as a consultant to gather information for the preparation of a sentencing plan for the defendant that would avoid jail. For that…,There is no requirement that probable cause must exist to believe the evidence is relevant before the inquiry can be made before the grand jury,A,"denied, on the basis of the attorney-client privilege","Because the consultant was hired by the attorney to gather information in preparation for the criminal case, the consultant would be considered a representative of that attorney and therefore, any communications between the defendant/client and consultant are privileged and cannot be disclosed…",C,"granted, because the consultant is not an attorney.","229. ID 14626 | Pattern: A defendant entered a guilty plea to a charge of embezzlement. Her attorney hired a retired probation officer as a consultant to gather information for the preparation of a sentencing plan for the defendant that would avoid jail. For that… | Trap: There is no requirement that probable cause must exist to believe the evidence is relevant before the inquiry can be made before the grand jury | Look for: A — denied, on the basis of the attorney-client privilege. Rule: Because the consultant was hired by the attorney to gather information in preparation for the criminal case, the consultant would be considered a representative of that attorney and therefore, any communications between the defendant/client and consultant are privileged and cannot be disclosed…",128
230,18352,Eric was indicted for burglary. Police arranged a post-indictment in-person lineup without notifying Eric's attorney. The only eyewitness was a neighbor who had glimpsed a figure through a frosted window from forty feet away for about two seconds before the…,The independent source exception requires the prosecution to prove that the witness has a basis to identify the defendant entirely apart from the tainted lineup,C,Suppress both identifications because the Sixth Amendment lineup violation tainted the out-of-court identification and the in-court identification has no independent source,"When a post-indictment lineup is conducted without counsel and the witness had no prior independent knowledge of the defendant, neither the out-of-court identification from the lineup nor the subsequent in-court identification may be admitted because no independent source exists to purge the…",A,Suppress only the lineup identification; permit the in-court identification because it is independent of the lineup,"230. ID 18352 | Pattern: Eric was indicted for burglary. Police arranged a post-indictment in-person lineup without notifying Eric's attorney. The only eyewitness was a neighbor who had glimpsed a figure through a frosted window from forty feet away for about two seconds before the… | Trap: The independent source exception requires the prosecution to prove that the witness has a basis to identify the defendant entirely apart from the tainted lineup | Look for: C — Suppress both identifications because the Sixth Amendment lineup violation tainted the out-of-court identification and the in-court identification has no independent source. Rule: When a post-indictment lineup is conducted without counsel and the witness had no prior independent knowledge of the defendant, neither the out-of-court identification from the lineup nor the subsequent in-court identification may be admitted because no independent source exists to purge the…",141
231,21058,"During a bank robbery, Kofi grabbed a customer named Sylvia by the arm and forced her at gunpoint from her position near the front door to a back office approximately fifteen feet away. Kofi used Sylvia as a shield while…","At common law, any movement of the victim — however short — satisfies the asportation element",C,"Yes, because common law requires only some movement of the victim and does not impose a minimum distance requirement",Common-law kidnapping requires asportation — some movement of the victim; even slight or minimal movement satisfies the asportation element; there is no minimum distance requirement at common law,B,"No, because the movement was incidental to the robbery and lacked an independent criminal purpose","231. ID 21058 | Pattern: During a bank robbery, Kofi grabbed a customer named Sylvia by the arm and forced her at gunpoint from her position near the front door to a back office approximately fifteen feet away. Kofi used Sylvia as a shield while… | Trap: At common law, any movement of the victim — however short — satisfies the asportation element | Look for: C — Yes, because common law requires only some movement of the victim and does not impose a minimum distance requirement. Rule: Common-law kidnapping requires asportation — some movement of the victim; even slight or minimal movement satisfies the asportation element; there is no minimum distance requirement at common law",116
232,19886,Police receive a detailed victim statement and matching surveillance footage showing Paul committing a felony assault. Officers find Paul walking on a public street and arrest him without an arrest warrant. They do not enter any home or private premises.…,Public felony arrests do not require an arrest warrant when officers have probable cause,A,"No, because police had probable cause and arrested Paul in a public place",Police may make a warrantless arrest in a public place when they have probable cause to believe the suspect committed a felony,B,"Yes, because every arrest requires a warrant unless the officer sees the crime occur","232. ID 19886 | Pattern: Police receive a detailed victim statement and matching surveillance footage showing Paul committing a felony assault. Officers find Paul walking on a public street and arrest him without an arrest warrant. They do not enter any home or private premises.… | Trap: Public felony arrests do not require an arrest warrant when officers have probable cause | Look for: A — No, because police had probable cause and arrested Paul in a public place. Rule: Police may make a warrantless arrest in a public place when they have probable cause to believe the suspect committed a felony",102
233,21619,"Officers responded to a 911 call reporting screaming from inside a residence. Through a window, they observed an adult bleeding from the head and a person standing over him. Without obtaining a warrant, officers entered the home. While rendering aid…",The emergency aid exception is a well-established exigent-circumstances doctrine,C,"Yes, because the entry was justified by the emergency aid exigency, and the cocaine and scale were lawfully seized under plain view during the officers' authorized…",The emergency aid exception permits warrantless entry when officers have an objectively reasonable basis to believe someone inside is seriously injured or in imminent danger; evidence found in plain view during the emergency response is admissible (Brigham City v. Stuart; Michigan v.…,B,"Yes for the entry, but no for the seizure, because once the emergency was addressed, officers needed a warrant to seize anything","233. ID 21619 | Pattern: Officers responded to a 911 call reporting screaming from inside a residence. Through a window, they observed an adult bleeding from the head and a person standing over him. Without obtaining a warrant, officers entered the home. While rendering aid… | Trap: The emergency aid exception is a well-established exigent-circumstances doctrine | Look for: C — Yes, because the entry was justified by the emergency aid exigency, and the cocaine and scale were lawfully seized under plain view during the officers' authorized…. Rule: The emergency aid exception permits warrantless entry when officers have an objectively reasonable basis to believe someone inside is seriously injured or in imminent danger; evidence found in plain view during the emergency response is admissible (Brigham City v. Stuart; Michigan v.…",130
234,16073,"The defendant was employed as store manager by a retailer of tools and equipment. One day, as part of her duties, the defendant was re-arranging merchandise in the storeroom while examining store inventory records. After moving a gasoline-powered lawnmower to…",Do not call it larceny when the movement was authorized before intent formed; no trespassory taking plus no completed conversion means no larceny or embezzlement,D,Neither larceny nor embezzlement,Larceny is the trespassory taking and carrying off of personal property known to be another's with the intent to permanently deprive,D,Neither larceny nor embezzlement.,"234. ID 16073 | Pattern: The defendant was employed as store manager by a retailer of tools and equipment. One day, as part of her duties, the defendant was re-arranging merchandise in the storeroom while examining store inventory records. After moving a gasoline-powered lawnmower to… | Trap: Do not call it larceny when the movement was authorized before intent formed; no trespassory taking plus no completed conversion means no larceny or embezzlement | Look for: D — Neither larceny nor embezzlement. Rule: Larceny is the trespassory taking and carrying off of personal property known to be another's with the intent to permanently deprive",103
235,18415,"Detectives gave Omar Miranda warnings. After eight hours of questioning, they told him, ""If you confess to the robbery, you will go home tonight and the prosecutor will drop the case."" The detectives had no authority to make that promise…",Warnings do not cure a confession produced by coercive false promises and prolonged pressure,C,The confession is inadmissible because the false promise and prolonged questioning made it involuntary,Promises of leniency or benefit are evaluated under the totality of circumstances and can render a confession involuntary when coercive,A,The confession is admissible because Omar received Miranda warnings,"235. ID 18415 | Pattern: Detectives gave Omar Miranda warnings. After eight hours of questioning, they told him, ""If you confess to the robbery, you will go home tonight and the prosecutor will drop the case."" The detectives had no authority to make that promise… | Trap: Warnings do not cure a confession produced by coercive false promises and prolonged pressure | Look for: C — The confession is inadmissible because the false promise and prolonged questioning made it involuntary. Rule: Promises of leniency or benefit are evaluated under the totality of circumstances and can render a confession involuntary when coercive",101
236,20034,"Under a state statute, a local justice of the peace was paid a $5 fee for each warrant he issued but received nothing for denying warrant applications. Police applied to this justice for a warrant to search a suspect's home…",Statutory authority is not the same as constitutional neutrality,C,"Yes, because the fee arrangement gave the magistrate a direct financial incentive to issue rather than deny warrants, violating the neutral and detached requirement",A warrant must be issued by a neutral and detached magistrate; a magistrate who receives a fee only when a warrant is issued has an unconstitutional financial incentive that disqualifies him (Connally v. Georgia),B,"No, because the $5 fee was a trivial amount that could not realistically influence a judicial officer's decision","236. ID 20034 | Pattern: Under a state statute, a local justice of the peace was paid a $5 fee for each warrant he issued but received nothing for denying warrant applications. Police applied to this justice for a warrant to search a suspect's home… | Trap: Statutory authority is not the same as constitutional neutrality | Look for: C — Yes, because the fee arrangement gave the magistrate a direct financial incentive to issue rather than deny warrants, violating the neutral and detached requirement. Rule: A warrant must be issued by a neutral and detached magistrate; a magistrate who receives a fee only when a warrant is issued has an unconstitutional financial incentive that disqualifies him (Connally v. Georgia)",120
237,17055,"While serving a sentence, Felix agreed to meet with two officers in a prison conference room about an unrelated theft. He was told the meeting was voluntary, was not restrained beyond ordinary prison security, and could return to his unit…",The custody inquiry for prisoners asks whether the interview added restraints beyond ordinary incarceration,C,"No, because ordinary incarceration without added restraint does not automatically create Miranda custody for the voluntary interview","For a prisoner, Miranda custody requires restraints beyond ordinary incarceration that create interrogation pressure comparable to formal arrest for the new matter",A,"Yes, because a prisoner is always in Miranda custody for every police question","237. ID 17055 | Pattern: While serving a sentence, Felix agreed to meet with two officers in a prison conference room about an unrelated theft. He was told the meeting was voluntary, was not restrained beyond ordinary prison security, and could return to his unit… | Trap: The custody inquiry for prisoners asks whether the interview added restraints beyond ordinary incarceration | Look for: C — No, because ordinary incarceration without added restraint does not automatically create Miranda custody for the voluntary interview. Rule: For a prisoner, Miranda custody requires restraints beyond ordinary incarceration that create interrogation pressure comparable to formal arrest for the new matter",106
238,19554,"A cashier is authorized to receive customer payments and place the money in the store register. During a shift, the cashier removes $200 from the register and puts it in his pocket intending to keep it. What is the best…",Employee status does not automatically mean lawful possession,A,"Larceny, because the cashier had custody of the cash while the store retained possession",An employee who merely has custody of employer cash and secretly pockets it can commit larceny because possession remains with the employer,B,"Embezzlement, because all employee theft from an employer is embezzlement","238. ID 19554 | Pattern: A cashier is authorized to receive customer payments and place the money in the store register. During a shift, the cashier removes $200 from the register and puts it in his pocket intending to keep it. What is the best… | Trap: Employee status does not automatically mean lawful possession | Look for: A — Larceny, because the cashier had custody of the cash while the store retained possession. Rule: An employee who merely has custody of employer cash and secretly pockets it can commit larceny because possession remains with the employer",97
239,18109,"Officers stopped a car solely because it was driving through a neighborhood known for narcotics arrests. They had no traffic violation, warrant, or reasonable suspicion tied to the driver or passenger. During the stop, they ordered the passenger out, patted…","This motion challenges the stop and search of the passenger's person, not a search of the car",A,"The passenger may suppress the heroin because he was personally seized by the unlawful traffic stop, and the heroin was found as a direct result of…","Fourth Amendment rights are personal, but every passenger is seized during a traffic stop and may seek suppression of evidence that is the fruit of that unlawful seizure",C,The passenger may not suppress the heroin because passengers never have standing in traffic-stop cases,"239. ID 18109 | Pattern: Officers stopped a car solely because it was driving through a neighborhood known for narcotics arrests. They had no traffic violation, warrant, or reasonable suspicion tied to the driver or passenger. During the stop, they ordered the passenger out, patted… | Trap: This motion challenges the stop and search of the passenger's person, not a search of the car | Look for: A — The passenger may suppress the heroin because he was personally seized by the unlawful traffic stop, and the heroin was found as a direct result of…. Rule: Fourth Amendment rights are personal, but every passenger is seized during a traffic stop and may seek suppression of evidence that is the fruit of that unlawful seizure",124
240,16124,"The defendant and his friend decided to rob a woman at an ATM. When the woman withdrew her money, the defendant hit her with a brick and his friend grabbed her purse. As the two men were fleeing the scene…","Do not say the robbery was over once property was taken; escape can still be within the felony, but majority rule bars felony murder for a co-felon killed by police",C,"Not guilty, because his friend was killed by a police officer","Felony murder is a foreseeable killing that occurs during the course of a felony. In the majority of states, a person cannot be found guilty of felony murder for the death of a co-felon if that co-felon is killed by the police",D,"Not guilty, because the felony was completed when his friend was shot.","240. ID 16124 | Pattern: The defendant and his friend decided to rob a woman at an ATM. When the woman withdrew her money, the defendant hit her with a brick and his friend grabbed her purse. As the two men were fleeing the scene… | Trap: Do not say the robbery was over once property was taken; escape can still be within the felony, but majority rule bars felony murder for a co-felon killed by police | Look for: C — Not guilty, because his friend was killed by a police officer. Rule: Felony murder is a foreseeable killing that occurs during the course of a felony. In the majority of states, a person cannot be found guilty of felony murder for the death of a co-felon if that co-felon is killed by the police",136
241,14596,The legislature of a state is debating reforms in the law governing insanity. Two reforms have been proposed. Proposal A would eliminate the insanity defense altogether. Proposal B would retain the defense but place on the defendant the burden of…,"As stated above, states can regulate who bears the burden to prove insanity, and even deny the use of the insanity defense altogether",B,Neither proposal,Neither proposal is unconstitutional. Proposal A is constitutional because no state is constitutionally required to recognize any form of an insanity defense,C,Proposal A only.,"241. ID 14596 | Pattern: The legislature of a state is debating reforms in the law governing insanity. Two reforms have been proposed. Proposal A would eliminate the insanity defense altogether. Proposal B would retain the defense but place on the defendant the burden of… | Trap: As stated above, states can regulate who bears the burden to prove insanity, and even deny the use of the insanity defense altogether | Look for: B — Neither proposal. Rule: Neither proposal is unconstitutional. Proposal A is constitutional because no state is constitutionally required to recognize any form of an insanity defense",100
242,18376,Detectives asked Lena to come to the police station to answer questions about a store robbery. Lena drove herself there. The detectives told her she was not under arrest and could leave whenever she wanted. The interview room door was…,Custody is objective and depends on restraint comparable to formal arrest,C,"No, because Lena was not in custody during the voluntary interview",Miranda warnings are required only for custodial interrogation; a voluntary station interview with no restraint comparable to formal arrest is not custody,A,"Yes, because questioning at a police station is inherently custodial","242. ID 18376 | Pattern: Detectives asked Lena to come to the police station to answer questions about a store robbery. Lena drove herself there. The detectives told her she was not under arrest and could leave whenever she wanted. The interview room door was… | Trap: Custody is objective and depends on restraint comparable to formal arrest | Look for: C — No, because Lena was not in custody during the voluntary interview. Rule: Miranda warnings are required only for custodial interrogation; a voluntary station interview with no restraint comparable to formal arrest is not custody",97
243,21306,"A defendant is convicted under a state statute of the aggravated rape of an eight-year-old child. The crime caused severe physical and psychological injury to the victim. The jury, applying the state's capital sentencing statute and considering all aggravating and…","Kennedy v. Louisiana (2008) imposed a categorical rule: the Eighth Amendment bars the death penalty for crimes against individual persons where no death occurs, regardless of how egregious the crime…",C,"Yes, because Kennedy v. Louisiana categorically bars the death penalty for non-homicide crimes against individual persons, even where the crime is the rape of a child…","Under Kennedy v. Louisiana (2008), the Eighth Amendment categorically bars the death penalty for non-homicide crimes against individual persons, including child rape; the death penalty is also barred for intellectually disabled defendants (Atkins) and juvenile offenders (Roper); individualized sentencing is required in…",A,"No, because the jury individually assessed all aggravating and mitigating circumstances, which satisfies the Eighth Amendment's individualized sentencing requirement","243. ID 21306 | Pattern: A defendant is convicted under a state statute of the aggravated rape of an eight-year-old child. The crime caused severe physical and psychological injury to the victim. The jury, applying the state's capital sentencing statute and… | Trap: Kennedy v. Louisiana (2008) imposed a categorical rule: the Eighth Amendment bars the death penalty for crimes against individual persons where no death occurs, regardless of how egregious… | Look for: C — Yes, because Kennedy v. Louisiana categorically bars the death penalty for non-homicide crimes against individual persons, even where the crime is the rape of…. Rule: Under Kennedy v. Louisiana (2008), the Eighth Amendment categorically bars the death penalty for non-homicide crimes against individual persons, including child rape; the death penalty is also barred for intellectually disabled defendants (Atkins) and juvenile offenders (Roper); individualized…",139
244,17538,"Leo steals a neighbor's car keys from a table and drives the car away without permission, intending only to take a short joyride and return it. An hour later, while still driving the car, Leo decides to keep it and…",Continuing trespass is the exception when the original taking was wrongful,A,"Yes, because the initial taking was trespassory and the later intent arose during a continuing trespass","If the original taking was trespassory, the continuing-trespass doctrine can connect later intent to permanently deprive with the original taking",B,"No, because intent to permanently deprive must exist at the first second of movement in every case","244. ID 17538 | Pattern: Leo steals a neighbor's car keys from a table and drives the car away without permission, intending only to take a short joyride and return it. An hour later, while still driving the car, Leo decides to keep it and… | Trap: Continuing trespass is the exception when the original taking was wrongful | Look for: A — Yes, because the initial taking was trespassory and the later intent arose during a continuing trespass. Rule: If the original taking was trespassory, the continuing-trespass doctrine can connect later intent to permanently deprive with the original taking",100
245,14681,"A defendant, in desperate need of money, decided to hold up a local convenience store. Determined not to harm anyone, he carried a toy gun that resembled a real gun. In the store, he pointed the toy gun at the…",Felony murder does not require that the defendant have the intent to kill,D,is not responsible for the acts of the customer,The defendant's best argument for being found not guilty of felony murder is that he is not responsible for the customer's actions in shooting the clerk,A,did not intend to kill.,"245. ID 14681 | Pattern: A defendant, in desperate need of money, decided to hold up a local convenience store. Determined not to harm anyone, he carried a toy gun that resembled a real gun. In the store, he pointed the toy gun at the… | Trap: Felony murder does not require that the defendant have the intent to kill | Look for: D — is not responsible for the acts of the customer. Rule: The defendant's best argument for being found not guilty of felony murder is that he is not responsible for the customer's actions in shooting the clerk",101
246,14630,"A defendant wanted to make some money, so she decided to sell cocaine. She asked her neighbor, who was reputed to have access to illegal drugs, to supply her with cocaine so she could resell it. The neighbor agreed and…","The neighbor did not have the intent to sell cocaine, and as such, cannot be found guilty of attempting to sell cocaine",D,"The neighbor is not guilty of attempting to sell cocaine, but the defendant is","The neighbor, knowing that the white powder was not cocaine, did not have the intent to sell cocaine; he intended to sell a look-alike substance, which is not a crime",A,Both the neighbor and the defendant are guilty of attempting to sell cocaine.,"246. ID 14630 | Pattern: A defendant wanted to make some money, so she decided to sell cocaine. She asked her neighbor, who was reputed to have access to illegal drugs, to supply her with cocaine so she could resell it. The neighbor agreed and… | Trap: The neighbor did not have the intent to sell cocaine, and as such, cannot be found guilty of attempting to sell cocaine | Look for: D — The neighbor is not guilty of attempting to sell cocaine, but the defendant is. Rule: The neighbor, knowing that the white powder was not cocaine, did not have the intent to sell cocaine; he intended to sell a look-alike substance, which is not a crime",119
247,21675,"At the defendant's trial on criminal charges, undisputed evidence established that the defendant and his friend had planned to take a certain coat from the victim's shop by threatening the victim with a pistol carried by the friend; that when…",Do not assume every foreseeable killing is felony murder; check the statute’s listed felonies and whether the death occurred during one of them,C,The victim's death did not occur during the course of one of the crimes specified in the applicable statute,"A and B are incorrect because if a death occurs during the course of one of the felonies specified, the felony murder rule is frequently applied even though the death was unforeseeable. Since the statute provides that an unintentional killing is second…",A,It was unforeseeable that the victim would begin shooting.,"247. ID 21675 | Pattern: At the defendant's trial on criminal charges, undisputed evidence established that the defendant and his friend had planned to take a certain coat from the victim's shop by threatening the victim with a pistol carried by the friend; that when… | Trap: Do not assume every foreseeable killing is felony murder; check the statute’s listed felonies and whether the death occurred during one of them | Look for: C — The victim's death did not occur during the course of one of the crimes specified in the applicable statute. Rule: A and B are incorrect because if a death occurs during the course of one of the felonies specified, the felony murder rule is frequently applied even though the death was unforeseeable. Since the statute provides that an unintentional killing is second…",137
248,16143,"A common law jurisdiction defines first-degree murder as any murder that is (1) committed by means of poison or (2) premeditated. All other murder is second-degree murder, and manslaughter is defined as at common law. An employee was angry with…",Do not let poison/premeditation labels substitute for malice; intending only temporary discomfort is not murder,D,No,"Murder is an unlawful killing that is accompanied by implied or express “malice aforethought.” Putting aside the special case of felony murder, malice is deemed to exist if (and only if) the defendant had any of the following three mental states at…",C,"Yes, both because she used poison and because she acted with premeditation.","248. ID 16143 | Pattern: A common law jurisdiction defines first-degree murder as any murder that is (1) committed by means of poison or (2) premeditated. All other murder is second-degree murder, and manslaughter is defined as at common law. An employee was angry with… | Trap: Do not let poison/premeditation labels substitute for malice; intending only temporary discomfort is not murder | Look for: D — No. Rule: Murder is an unlawful killing that is accompanied by implied or express “malice aforethought.” Putting aside the special case of felony murder, malice is deemed to exist if (and only if) the defendant had any of the following three mental states at…",111
249,21797,"After the victim lost all his money to the defendant in a dice game, the two men began to argue. During the course of the argument, the defendant stabbed the victim in the leg with a knife. The victim staggered…","As indicated above, the defendant's conduct was a factual cause of the victim's death, since the death would not have occurred if the defendant had not stabbed the victim",C,It was unforeseeable that the wife would refuse to secure medical attention for the victim when she knew that he needed it so badly,"Murder is the unlawful killing of a human being with malice aforethought. Among other things, malice aforethought may consist of the intent to cause serious bodily harm or of a reckless disregard for human life",A,The defendant did not cause the victim's death because the victim would not have died if the wife had secured prompt medical attention.,"249. ID 21797 | Pattern: After the victim lost all his money to the defendant in a dice game, the two men began to argue. During the course of the argument, the defendant stabbed the victim in the leg with a knife. The victim staggered… | Trap: As indicated above, the defendant's conduct was a factual cause of the victim's death, since the death would not have occurred if the defendant had not stabbed the victim | Look for: C — It was unforeseeable that the wife would refuse to secure medical attention for the victim when she knew that he needed it so badly. Rule: Murder is the unlawful killing of a human being with malice aforethought. Among other things, malice aforethought may consist of the intent to cause serious bodily harm or of a reckless disregard for human life",141
250,16174,A state statute provides that the crime of assault is generally punishable by a maximum of five years in prison. It further provides that the maximum punishment increases to 10 years in prison if the defendant possessed a deadly weapon…,Do not accept judge-found sentencing facts that raise the statutory maximum; Apprendi requires jury finding beyond a reasonable doubt,D,A jury finding beyond a reasonable doubt,The “deadly weapon” portion of the statute increases the maximum penalty for assault from the five years it would be without possession of a deadly weapon during the assault to 10 years with possession,A,A judicial finding by a preponderance of the evidence.,250. ID 16174 | Pattern: A state statute provides that the crime of assault is generally punishable by a maximum of five years in prison. It further provides that the maximum punishment increases to 10 years in prison if the defendant possessed a deadly weapon… | Trap: Do not accept judge-found sentencing facts that raise the statutory maximum; Apprendi requires jury finding beyond a reasonable doubt | Look for: D — A jury finding beyond a reasonable doubt. Rule: The “deadly weapon” portion of the statute increases the maximum penalty for assault from the five years it would be without possession of a deadly weapon during the assault to 10 years with possession,113
251,16163,"A defendant is charged with murder. The evidence shows that she pointed a gun at the victim and pulled the trigger. The gun discharged, killing the victim. The gun belonged to the victim. The defendant testifies that the victim told…","Do not infer malice from an accidental prop-gun belief; if the defendant reasonably believes the gun is fake, murder and manslaughter mens rea may fail",D,not guilty of murder or manslaughter,"Murder is the unlawful killing of another human being with malice aforethought. Malice aforethought is deemed to exist if the defendant has any of the following states of mind: (1) intent to kill, (2) intent to inflict great bodily harm, (3) a…",C,guilty of either murder or manslaughter.,"251. ID 16163 | Pattern: A defendant is charged with murder. The evidence shows that she pointed a gun at the victim and pulled the trigger. The gun discharged, killing the victim. The gun belonged to the victim. The defendant testifies that the victim told… | Trap: Do not infer malice from an accidental prop-gun belief; if the defendant reasonably believes the gun is fake, murder and manslaughter mens rea may fail | Look for: D — not guilty of murder or manslaughter. Rule: Murder is the unlawful killing of another human being with malice aforethought. Malice aforethought is deemed to exist if the defendant has any of the following states of mind: (1) intent to kill, (2) intent to inflict great bodily harm, (3) a…",126
252,16199,"The police had, over time, accumulated reliable information that a drug dealer operated a large cocaine-distribution network, that he and his accomplices often resorted to violence, and that they kept a small arsenal of weapons in his home. One day…","Do not suppress every unwarned custodial statement; Miranda bars interrogation, not volunteered remarks or routine booking-style conduct",C,"denied, because the statement was volunteered","Miranda does not bar all statements made prior to the giving of Miranda rights. Statements made without any questions being asked are considered volunteered, and admissible even if the required Miranda warning wasn’t given",D,"denied, because the statement was the product of a lawful public safety search.","252. ID 16199 | Pattern: The police had, over time, accumulated reliable information that a drug dealer operated a large cocaine-distribution network, that he and his accomplices often resorted to violence, and that they kept a small arsenal of weapons in his home. One day… | Trap: Do not suppress every unwarned custodial statement; Miranda bars interrogation, not volunteered remarks or routine booking-style conduct | Look for: C — denied, because the statement was volunteered. Rule: Miranda does not bar all statements made prior to the giving of Miranda rights. Statements made without any questions being asked are considered volunteered, and admissible even if the required Miranda warning wasn’t given",110
253,16022,"A lifeguard worked from 5 P.M. to 10 P.M. every night at a public swimming pool operated by the city. When she arrived at work Wednesday evening, she asked her supervisor whether she could leave early because she had a…","If she did have a legal duty to render aid, her absence could be a violation of that duty",B,Her duty to assist people in the swimming pool terminated when the supervisor permitted her to leave at 8 P.M,"Ordinarily, an omission (i.e., failure to act) does not lead to criminal responsibility unless it violated a legal duty to act. The lifeguard's duty to aid people at the swimming pool existed only because she was employed as a lifeguard, and therefore…",A,She was not present at the time of the drowning.,"253. ID 16022 | Pattern: A lifeguard worked from 5 P.M. to 10 P.M. every night at a public swimming pool operated by the city. When she arrived at work Wednesday evening, she asked her supervisor whether she could leave early because she had a… | Trap: If she did have a legal duty to render aid, her absence could be a violation of that duty | Look for: B — Her duty to assist people in the swimming pool terminated when the supervisor permitted her to leave at 8 P.M. Rule: Ordinarily, an omission (i.e., failure to act) does not lead to criminal responsibility unless it violated a legal duty to act. The lifeguard's duty to aid people at the swimming pool existed only because she was employed as a lifeguard, and therefore…",134
254,16051,"The defendant belonged to a sorority. Members of the sorority who paid a rent of $100 per semester were entitled to a single-occupancy bedroom in the sorority house. Although house residents shared kitchen and dining room facilities, the bedrooms were…","Although she knew that the sorority retained a copy of her room key, she knew also that this was done to facilitate duplication in the event that a resident lost…",A,The student had apparent authority to permit the entry into the room,"A search may be lawful if consent is given by one in apparent authority to do so. If the student actually was the defendant's roommate, she would have had authority to consent to a search of common areas of their room",B,The student had probable cause to believe that the officers would find marijuana in the room.,"254. ID 16051 | Pattern: The defendant belonged to a sorority. Members of the sorority who paid a rent of $100 per semester were entitled to a single-occupancy bedroom in the sorority house. Although house residents shared kitchen and dining room facilities, the bedrooms were… | Trap: Although she knew that the sorority retained a copy of her room key, she knew also that this was done to facilitate duplication in the event that a resident lost… | Look for: A — The student had apparent authority to permit the entry into the room. Rule: A search may be lawful if consent is given by one in apparent authority to do so. If the student actually was the defendant's roommate, she would have had authority to consent to a search of common areas of their room",136
255,21494,"Frank beat his roommate, Hector, so severely that Hector suffered permanent brain damage and entered a persistent vegetative state. Fourteen months later, Hector's family agreed to withdraw life support and Hector died. The medical examiner testified that the brain damage…","The year-and-a-day rule was a common-law rule, not a constitutional protection",C,"Yes, because the jurisdiction has abolished the year-and-a-day rule and causation is established by the medical examiner's testimony","The common-law year-and-a-day rule barred homicide prosecution if the victim died more than a year and a day after the defendant's act; most modern jurisdictions have abolished this rule, allowing prosecution regardless of time elapsed, provided causation can be proved",B,"No, because Hector's death resulted from withdrawal of life support, which is an independent intervening cause","255. ID 21494 | Pattern: Frank beat his roommate, Hector, so severely that Hector suffered permanent brain damage and entered a persistent vegetative state. Fourteen months later, Hector's family agreed to withdraw life support and Hector died. The medical examiner testified that the brain damage… | Trap: The year-and-a-day rule was a common-law rule, not a constitutional protection | Look for: C — Yes, because the jurisdiction has abolished the year-and-a-day rule and causation is established by the medical examiner's testimony. Rule: The common-law year-and-a-day rule barred homicide prosecution if the victim died more than a year and a day after the defendant's act; most modern jurisdictions have abolished this rule, allowing prosecution regardless of time elapsed, provided causation can be proved",122
256,21640,"Officers have probable cause to believe a motorcycle contains stolen parts. The motorcycle is parked under a tarp beside the suspect's house, inside the driveway area immediately next to the home. Without a warrant, officers walk up the driveway, lift…",The exception does not give police a right to intrude into the home's curtilage to reach the vehicle,B,"No, because the automobile exception does not itself authorize entry into the home's curtilage to search the motorcycle",The automobile exception does not by itself authorize officers to enter the home's curtilage to search a vehicle parked there,A,"Yes, because any vehicle with probable cause may be searched wherever police find it","256. ID 21640 | Pattern: Officers have probable cause to believe a motorcycle contains stolen parts. The motorcycle is parked under a tarp beside the suspect's house, inside the driveway area immediately next to the home. Without a warrant, officers walk up the driveway, lift… | Trap: The exception does not give police a right to intrude into the home's curtilage to reach the vehicle | Look for: B — No, because the automobile exception does not itself authorize entry into the home's curtilage to search the motorcycle. Rule: The automobile exception does not by itself authorize officers to enter the home's curtilage to search a vehicle parked there",109
257,14572,"A state employs the Model Penal Code or American Law Institute test for insanity, and requires the state to prove sanity, when it is in issue, beyond a reasonable doubt. At the defendant's trial for murder, he pleaded insanity. The…","Even if the judge believes that the defendant's witnesses are completely unbelievable, she cannot direct a verdict on the issue of sanity for the state",A,She may grant a directed verdict for the defense if she believes that the jury could not find the prosecution to have proved sanity beyond a…,"Because the state bears the burden of proving, beyond a reasonable doubt, that the defendant was sane, if the judge believes there is insufficient evidence of the defendant's sanity, she may direct a verdict for the defense",B,She may grant a directed verdict for the prosecution if she believes that the defendant's witnesses on the insanity question are not believable.,"257. ID 14572 | Pattern: A state employs the Model Penal Code or American Law Institute test for insanity, and requires the state to prove sanity, when it is in issue, beyond a reasonable doubt. At the defendant's trial for murder, he pleaded insanity. The… | Trap: Even if the judge believes that the defendant's witnesses are completely unbelievable, she cannot direct a verdict on the issue of sanity for the state | Look for: A — She may grant a directed verdict for the defense if she believes that the jury could not find the prosecution to have proved sanity beyond a…. Rule: Because the state bears the burden of proving, beyond a reasonable doubt, that the defendant was sane, if the judge believes there is insufficient evidence of the defendant's sanity, she may direct a verdict for the defense",141
258,14644,"A bartender is charged with the statutory offense of ""knowingly violating a regulation of the State Alcoholic Beverage Control Board"" and that he knowingly violated regulation number 345-90 issued by the State Alcoholic Beverage Control Board. That regulation prohibits the…",The fact that the purchaser could have presented a fake identification does not excuse the bartender's not asking to see it; his only legitimate excuse would be that he believed…,D,The bartender mistakenly believed the purchaser to be 24 years old,The regulation stating that bartenders must require people between the ages of 17 and 22 to show identification of their age carries with it the implication that people above the age of 22 are not required to show identification,A,The purchaser had a driver's license that falsely showed his age to be 21.,"258. ID 14644 | Pattern: A bartender is charged with the statutory offense of ""knowingly violating a regulation of the State Alcoholic Beverage Control Board"" and that he knowingly violated regulation number 345-90 issued by the State Alcoholic Beverage Control Board. That regulation prohibits the… | Trap: The fact that the purchaser could have presented a fake identification does not excuse the bartender's not asking to see it; his only legitimate excuse would be that he believed… | Look for: D — The bartender mistakenly believed the purchaser to be 24 years old. Rule: The regulation stating that bartenders must require people between the ages of 17 and 22 to show identification of their age carries with it the implication that people above the age of 22 are not required to show identification",133
259,16034,"The defendant suffered a severe head injury in an accident that occurred three years ago. As a result, she experienced eight incidents of sudden unconsciousness, each lasting approximately two minutes. All the incidents occurred within a three-month period immediately following…",Do not focus on the old head injury itself; the statute requires knowing disregard of a strong likelihood of harm at the time she chose to drive,C,The defendant reasonably believed that she would not have any further incidents of unconsciousness,"Since all the incidents of unconsciousness occurred within three months after the accident and nearly three years ago, it was probably reasonable for the defendant to believe that they would not occur again. If she entertained that belief, and if it was…",A,The defendant's head injury was not the result of any culpable conduct by the defendant.,"259. ID 16034 | Pattern: The defendant suffered a severe head injury in an accident that occurred three years ago. As a result, she experienced eight incidents of sudden unconsciousness, each lasting approximately two minutes. All the incidents occurred within a three-month period immediately following… | Trap: Do not focus on the old head injury itself; the statute requires knowing disregard of a strong likelihood of harm at the time she chose to drive | Look for: C — The defendant reasonably believed that she would not have any further incidents of unconsciousness. Rule: Since all the incidents of unconsciousness occurred within three months after the accident and nearly three years ago, it was probably reasonable for the defendant to believe that they would not occur again. If she entertained that belief, and if it was…",136
260,16023,"The victim was addicted to heroin and frequently committed acts of prostitution to obtain the money she needed to buy drugs. One night, she was out looking for customers for prostitution when she was approached by the defendant, who asked…","If her resistance had been overcome by payment, the intercourse would not have been against her will",A,"guilty, because he overcame the victim's refusal to have intercourse with him by threatening to kill her with his knife","Under the common law, rape is committed when the defendant intentionally has sexual intercourse with a female, not his wife, without her consent. Although it is necessary that the victim be unwilling, it is not necessary for her to put up a…",B,"not guilty, because the victim's demand for $20 made her resistance conditional and therefore less than total.","260. ID 16023 | Pattern: The victim was addicted to heroin and frequently committed acts of prostitution to obtain the money she needed to buy drugs. One night, she was out looking for customers for prostitution when she was approached by the defendant, who asked… | Trap: If her resistance had been overcome by payment, the intercourse would not have been against her will | Look for: A — guilty, because he overcame the victim's refusal to have intercourse with him by threatening to kill her with his knife. Rule: Under the common law, rape is committed when the defendant intentionally has sexual intercourse with a female, not his wife, without her consent. Although it is necessary that the victim be unwilling, it is not necessary for her to put up a…",132
261,19459,"Tara and Luis conspire to submit false invoices to a city agency. During a lunch break unrelated to the scheme, Luis gets into a personal argument with a neighbor and assaults him. The assault does not help the invoice scheme…",Pinkerton is limited to crimes in furtherance of the conspiracy and reasonably foreseeable,B,"No, because the assault was a personal detour outside the conspiracy's scope and not foreseeable","Pinkerton liability does not extend to a co-conspirator's crime that is outside the conspiracy's objective, not in furtherance of it, or not reasonably foreseeable",A,"Yes, because Tara was still a member of the conspiracy when Luis committed the assault","261. ID 19459 | Pattern: Tara and Luis conspire to submit false invoices to a city agency. During a lunch break unrelated to the scheme, Luis gets into a personal argument with a neighbor and assaults him. The assault does not help the invoice scheme… | Trap: Pinkerton is limited to crimes in furtherance of the conspiracy and reasonably foreseeable | Look for: B — No, because the assault was a personal detour outside the conspiracy's scope and not foreseeable. Rule: Pinkerton liability does not extend to a co-conspirator's crime that is outside the conspiracy's objective, not in furtherance of it, or not reasonably foreseeable",105
262,19951,"After several thefts from his storage shed, Pavel rigs a shotgun to fire when the shed door opens. He posts no warning. A teenager opens the shed intending to steal tools and is shot in the leg. Pavel is charged…",Theft of property does not justify deadly or seriously dangerous force,C,"No, because deadly force cannot be used solely to protect unattended property",A property owner may not use a spring gun or similar device to inflict deadly force solely to protect property,A,"Yes, because the teenager was committing theft","262. ID 19951 | Pattern: After several thefts from his storage shed, Pavel rigs a shotgun to fire when the shed door opens. He posts no warning. A teenager opens the shed intending to steal tools and is shot in the leg. Pavel is charged… | Trap: Theft of property does not justify deadly or seriously dangerous force | Look for: C — No, because deadly force cannot be used solely to protect unattended property. Rule: A property owner may not use a spring gun or similar device to inflict deadly force solely to protect property",96
263,19636,"Elaine has a documented history of epilepsy and had been seizure-free for three years. Her neurologist had cleared her to drive. While driving on a highway, Elaine suffered a sudden, unpredicted grand mal seizure. During the seizure, her body convulsed…",The prior-voluntary-act theory would require knowledge that a seizure was likely before the drive began,C,"No, because the movement that caused the harm was an involuntary convulsion that Elaine did not control","Actus reus requires a voluntary act; an involuntary bodily movement — including a reflex, convulsion, or unconscious act — does not satisfy the voluntary act requirement",A,"Yes, because Elaine voluntarily chose to drive even though she knew she had epilepsy","263. ID 19636 | Pattern: Elaine has a documented history of epilepsy and had been seizure-free for three years. Her neurologist had cleared her to drive. While driving on a highway, Elaine suffered a sudden, unpredicted grand mal seizure. During the seizure, her body convulsed… | Trap: The prior-voluntary-act theory would require knowledge that a seizure was likely before the drive began | Look for: C — No, because the movement that caused the harm was an involuntary convulsion that Elaine did not control. Rule: Actus reus requires a voluntary act; an involuntary bodily movement — including a reflex, convulsion, or unconscious act — does not satisfy the voluntary act requirement",111
264,20055,"During a noisy card game, Soren accused Malik of palming a card. Malik immediately grabbed a heavy glass bottle from the table and smashed it into Soren's temple, intending to kill him. Soren died. No facts show prior planning, waiting…",Intent to kill establishes malice but does not automatically establish premeditation and deliberation,B,"Second-degree murder, because Malik intentionally killed without proven premeditation",A sudden intentional killing can be murder without being first-degree murder when premeditation and deliberation are not proven,A,"First-degree murder, because Malik intended to kill Soren","264. ID 20055 | Pattern: During a noisy card game, Soren accused Malik of palming a card. Malik immediately grabbed a heavy glass bottle from the table and smashed it into Soren's temple, intending to kill him. Soren died. No facts show prior planning, waiting… | Trap: Intent to kill establishes malice but does not automatically establish premeditation and deliberation | Look for: B — Second-degree murder, because Malik intentionally killed without proven premeditation. Rule: A sudden intentional killing can be murder without being first-degree murder when premeditation and deliberation are not proven",93
265,21374,"Nina is invited to a friend's house for dinner and enters through the front door with permission. While waiting in the living room, Nina notices a watch on a shelf, decides for the first time to steal it, pockets it…",Common-law burglary requires felonious intent at the moment of entry,C,"No, because she lacked intent to commit a felony when she entered",A person who lawfully enters a dwelling without intent to commit a felony and only later forms theft intent inside has not committed common-law burglary,A,"Yes, because she committed theft inside a dwelling","265. ID 21374 | Pattern: Nina is invited to a friend's house for dinner and enters through the front door with permission. While waiting in the living room, Nina notices a watch on a shelf, decides for the first time to steal it, pockets it… | Trap: Common-law burglary requires felonious intent at the moment of entry | Look for: C — No, because she lacked intent to commit a felony when she entered. Rule: A person who lawfully enters a dwelling without intent to commit a felony and only later forms theft intent inside has not committed common-law burglary",100
266,14633,"A defendant was charged with assault and battery in a jurisdiction that follows the “retreat” doctrine, and he pleaded self-defense. At his trial, the evidence established the following: A man and his wife were enjoying a drink at a tavern…","This answer correctly states that the defendant should not be convicted, but it misstates the legal basis for this conclusion",A,"No, because he had no obligation to retreat before resorting to nondeadly force in self- defense","The accused used pepper spray on the victim - a non-deadly force - and therefore, there was no need to retreat",C,"Yes, because he failed to retreat even though there was an opportunity available.","266. ID 14633 | Pattern: A defendant was charged with assault and battery in a jurisdiction that follows the “retreat” doctrine, and he pleaded self-defense. At his trial, the evidence established the following: A man and his wife were enjoying a drink at a tavern… | Trap: This answer correctly states that the defendant should not be convicted, but it misstates the legal basis for this conclusion | Look for: A — No, because he had no obligation to retreat before resorting to nondeadly force in self- defense. Rule: The accused used pepper spray on the victim - a non-deadly force - and therefore, there was no need to retreat",110
267,14555,The defendant was indicted in a state court in January 1985 for a robbery and murder that occurred in December 1982. He retained counsel who filed a motion to dismiss on the ground that the defendant had been prejudiced by…,"It is not necessary for the judge to rule on all pre-trial motions, whether they could have been successful or not, before a guilty plea can be knowingly and voluntarily…",C,The judge did not determine whether the defendant understood that he had a right to jury trial,"A criminal defendant's guilty plea must be knowing and voluntary, which includes the understanding that he is waiving his constitutional right to a jury trial. If the judge failed to determine that the defendant understood his right to a jury trial, which…",A,The judge did not rule on his motion to dismiss before accepting the guilty plea.,"267. ID 14555 | Pattern: The defendant was indicted in a state court in January 1985 for a robbery and murder that occurred in December 1982. He retained counsel who filed a motion to dismiss on the ground that the defendant had been prejudiced by… | Trap: It is not necessary for the judge to rule on all pre-trial motions, whether they could have been successful or not, before a guilty plea can be knowingly and voluntarily… | Look for: C — The judge did not determine whether the defendant understood that he had a right to jury trial. Rule: A criminal defendant's guilty plea must be knowing and voluntary, which includes the understanding that he is waiving his constitutional right to a jury trial. If the judge failed to determine that the defendant understood his right to a jury trial, which…",142
268,16184,"A man was in jail after being arrested for burglary. When the police attempted to question him, the man invoked his Miranda rights and refused to answer any questions. The man was subsequently tried, convicted, and sentenced to a prison…","Do not make a past Miranda invocation last forever; after a substantial break and fresh waiver, later questioning may proceed",B,"No, because the man’s prior invocation of his Miranda rights did not preclude the later interrogation","First, notice a slight ambiguity in the fact pattern here: the package of “Miranda rights” includes two distinct rights: (1) the right not to be interrogated in custody unless counsel is present; and (2) the right to refuse to answer questions while…",C,"Yes, because the man had earlier invoked his Miranda rights, and the police were not permitted to resume questioning, even after a time lapse of years.","268. ID 16184 | Pattern: A man was in jail after being arrested for burglary. When the police attempted to question him, the man invoked his Miranda rights and refused to answer any questions. The man was subsequently tried, convicted, and sentenced to a prison… | Trap: Do not make a past Miranda invocation last forever; after a substantial break and fresh waiver, later questioning may proceed | Look for: B — No, because the man’s prior invocation of his Miranda rights did not preclude the later interrogation. Rule: First, notice a slight ambiguity in the fact pattern here: the package of “Miranda rights” includes two distinct rights: (1) the right not to be interrogated in custody unless counsel is present; and (2) the right to refuse to answer questions while…",131
269,16147,"A defendant watched a liquor store furtively for some time, planning to hold it up. He bought a realistic-looking toy gun for the job. One night, just before the store’s closing time, he drove to the store, opened the front…",Do not focus on withdrawal; no burglary if the public store was open and entry did not satisfy breaking,B,the liquor store was open to the public,"Under the statute, burglary requires breaking and entering any building or structure with the intent to commit a felony or to steal therein. However, a structure that is open to the public cannot be “broken and entered,” at least as to areas…",C,he had a change of heart and withdrew before committing any crime inside the store.,"269. ID 16147 | Pattern: A defendant watched a liquor store furtively for some time, planning to hold it up. He bought a realistic-looking toy gun for the job. One night, just before the store’s closing time, he drove to the store, opened the front… | Trap: Do not focus on withdrawal; no burglary if the public store was open and entry did not satisfy breaking | Look for: B — the liquor store was open to the public. Rule: Under the statute, burglary requires breaking and entering any building or structure with the intent to commit a felony or to steal therein. However, a structure that is open to the public cannot be “broken and entered,” at least as to areas…",122
270,19309,"Garrett owns a small electronics store. He observes a shoplifter, Mia, conceal a smartphone worth $800 in her bag and walk toward the exit. Garrett is a large man and could physically restrain Mia without risk to himself. Instead, he…",The value of the property is irrelevant to the deadly-force analysis,C,"No, because deadly force may never be used to protect property alone, regardless of its value","A person may use reasonable non-deadly force to protect property from theft or trespass, but may never use deadly force to protect property alone; deadly force requires an independent threat to persons",B,"Yes, because the shoplifter was in the act of committing a crime","270. ID 19309 | Pattern: Garrett owns a small electronics store. He observes a shoplifter, Mia, conceal a smartphone worth $800 in her bag and walk toward the exit. Garrett is a large man and could physically restrain Mia without risk to himself. Instead, he… | Trap: The value of the property is irrelevant to the deadly-force analysis | Look for: C — No, because deadly force may never be used to protect property alone, regardless of its value. Rule: A person may use reasonable non-deadly force to protect property from theft or trespass, but may never use deadly force to protect property alone; deadly force requires an independent threat to persons",112
271,16052,"Because they were bigots, a man and a woman were angry when a black family moved into a house on their street. Deciding to drive them away and to set an example that would discourage other black people from moving…",Do not rely on presence plus bad intent alone; accomplice liability attaches when words intentionally encourage the crime,B,"guilty, because, intending that the man and the woman would burn the house down, he shouted encouragement","One who, with the intent that a crime will be committed, encourages another to commit that crime, is liable for it as an accessory",A,"guilty, because he aided and abetted in the crime by his presence, coupled with his criminal intent.","271. ID 16052 | Pattern: Because they were bigots, a man and a woman were angry when a black family moved into a house on their street. Deciding to drive them away and to set an example that would discourage other black people from moving… | Trap: Do not rely on presence plus bad intent alone; accomplice liability attaches when words intentionally encourage the crime | Look for: B — guilty, because, intending that the man and the woman would burn the house down, he shouted encouragement. Rule: One who, with the intent that a crime will be committed, encourages another to commit that crime, is liable for it as an accessory",112
272,14715,"A woman told a man to accompany her into her friend’s unlocked barn and retrieve an expensive black saddle that she said she had loaned to the friend. The man accompanied the woman to the friend’s barn, opened the door…",The friend and the man lacked the requisite criminal intent,D,Only the woman,"Only the woman had the requisite criminal intent. Burglary requires unlawful entry with intent to commit a felony (in this case, larceny)",C,The man and the woman.,"272. ID 14715 | Pattern: A woman told a man to accompany her into her friend’s unlocked barn and retrieve an expensive black saddle that she said she had loaned to the friend. The man accompanied the woman to the friend’s barn, opened the door… | Trap: The friend and the man lacked the requisite criminal intent | Look for: D — Only the woman. Rule: Only the woman had the requisite criminal intent. Burglary requires unlawful entry with intent to commit a felony (in this case, larceny)",88
273,20903,"Crawford was charged with second-degree murder. The evidence against her was strong, including two eyewitness accounts and cell-phone records placing her at the scene. Crawford's attorney negotiated a plea to voluntary manslaughter, avoiding a potential life sentence. Crawford consistently maintained…","North Carolina v. Alford* (1970) held that a defendant may enter a valid guilty plea even while protesting innocence, as long as the plea is knowing and voluntary and is…",C,"Yes, because under *North Carolina v. Alford*, a defendant may enter a knowing and voluntary guilty plea while maintaining innocence if there is a strong factual…","Under *North Carolina v. Alford*, a defendant may enter a constitutionally valid guilty plea while simultaneously maintaining innocence, provided the plea is knowing and voluntary and there is a strong factual basis on the record supporting the charge",A,"No, because a defendant must personally admit guilt for a guilty plea to be valid under the Constitution","273. ID 20903 | Pattern: Crawford was charged with second-degree murder. The evidence against her was strong, including two eyewitness accounts and cell-phone records placing her at the scene. Crawford's attorney negotiated a plea to voluntary manslaughter, avoiding a potential life sentence. Crawford consistently maintained… | Trap: North Carolina v. Alford* (1970) held that a defendant may enter a valid guilty plea even while protesting innocence, as long as the plea is knowing and voluntary and is… | Look for: C — Yes, because under *North Carolina v. Alford*, a defendant may enter a knowing and voluntary guilty plea while maintaining innocence if there is a strong factual…. Rule: Under *North Carolina v. Alford*, a defendant may enter a constitutionally valid guilty plea while simultaneously maintaining innocence, provided the plea is knowing and voluntary and there is a strong factual basis on the record supporting the charge",147
274,17893,"Police recover a stolen watch and return it to secure police custody. The next day, an undercover officer offers the recovered watch to Quinn, saying, ""This is stolen."" Quinn buys it, believing it is stolen. No statute treats recovered property…",The offense also requires property that is stolen when received,C,"No, because the watch was no longer legally stolen after police recovered it","At common law, property recovered by police and then used in a sting may no longer be stolen, so receiving-stolen-property liability may fail absent a statute",A,"Yes, because Quinn believed the watch was stolen when he received it","274. ID 17893 | Pattern: Police recover a stolen watch and return it to secure police custody. The next day, an undercover officer offers the recovered watch to Quinn, saying, ""This is stolen."" Quinn buys it, believing it is stolen. No statute treats recovered property… | Trap: The offense also requires property that is stolen when received | Look for: C — No, because the watch was no longer legally stolen after police recovered it. Rule: At common law, property recovered by police and then used in a sting may no longer be stolen, so receiving-stolen-property liability may fail absent a statute",102
275,16007,"A 15-year-old girl undressed a 15-year-old boy and attempted to have sexual intercourse with him. Although at first the boy was unwilling to have intercourse, the girl gave him marijuana to smoke until he became so intoxicated that he was…",A and B are therefore incorrect,C,"not guilty, because the girl was under the age of 17","At common law, rape can be committed by using intoxicants to overcome the victim's resistance. Under the given statute, however, third degree rape is committed only when a person over the age of 17 has sexual intercourse with a person under the…",D,"not guilty, because the girl was a female.","275. ID 16007 | Pattern: A 15-year-old girl undressed a 15-year-old boy and attempted to have sexual intercourse with him. Although at first the boy was unwilling to have intercourse, the girl gave him marijuana to smoke until he became so intoxicated that he was… | Trap: A and B are therefore incorrect | Look for: C — not guilty, because the girl was under the age of 17. Rule: At common law, rape can be committed by using intoxicants to overcome the victim's resistance. Under the given statute, however, third degree rape is committed only when a person over the age of 17 has sexual intercourse with a person under the…",112
276,16068,"Because he was convicted of driving while intoxicated, the defendant's driver's license was suspended. One day, he made a series of repairs to the engine of his car. That night, after coming home from a party, the defendant decided to…","Under the misdemeanor-manslaughter rule, a death resulting from the commission of a misdemeanor might be classified as manslaughter",B,his speed was evidence of a wanton disregard for human life,"Murder is a killing with malice aforethought. Malice aforethought includes wanton disregard for human life, which means acting in deliberate disregard of the plain and strong likelihood that death or great bodily harm would result",A,driving while intoxicated is evidence of culpable negligence.,"276. ID 16068 | Pattern: Because he was convicted of driving while intoxicated, the defendant's driver's license was suspended. One day, he made a series of repairs to the engine of his car. That night, after coming home from a party, the defendant decided to… | Trap: Under the misdemeanor-manslaughter rule, a death resulting from the commission of a misdemeanor might be classified as manslaughter | Look for: B — his speed was evidence of a wanton disregard for human life. Rule: Murder is a killing with malice aforethought. Malice aforethought includes wanton disregard for human life, which means acting in deliberate disregard of the plain and strong likelihood that death or great bodily harm would result",117
277,17894,"Police investigating a robbery suspect attached a pen register to the suspect's home telephone line without obtaining a warrant. The pen register recorded only the phone numbers dialed from the suspect's phone, not the content of any conversations. Based on…",Smith v. Maryland held that a person who dials a phone number voluntarily conveys that number to the telephone company,C,"No, because numbers dialed are voluntarily conveyed to the phone company and thus not protected under the Fourth Amendment",Numbers dialed voluntarily conveyed to the telephone company receive no Fourth Amendment protection (Smith v. Maryland); call content does receive protection; Carpenter limits the doctrine for comprehensive CSLI,A,"Yes, because the suspect had an objectively reasonable expectation that the numbers he dialed would remain private","277. ID 17894 | Pattern: Police investigating a robbery suspect attached a pen register to the suspect's home telephone line without obtaining a warrant. The pen register recorded only the phone numbers dialed from the suspect's phone, not the content of any conversations. Based on… | Trap: Smith v. Maryland held that a person who dials a phone number voluntarily conveys that number to the telephone company | Look for: C — No, because numbers dialed are voluntarily conveyed to the phone company and thus not protected under the Fourth Amendment. Rule: Numbers dialed voluntarily conveyed to the telephone company receive no Fourth Amendment protection (Smith v. Maryland); call content does receive protection; Carpenter limits the doctrine for comprehensive CSLI",120
278,20961,"Detective Huang received a tip that a man matching Victor's description was selling drugs near a subway entrance. Huang approached Victor, displayed her badge, and said, ""Stop, I need to talk to you — you're not under arrest but I…","The ""not free to leave"" formulation applies to determining whether a Fourth Amendment seizure occurred, not whether Miranda custody exists",C,"No, because a Terry investigatory stop does not constitute Miranda custody even though Victor was not free to leave momentarily","A Terry investigatory stop does not constitute Miranda custody; the brief, limited detention based on reasonable suspicion is not the functional equivalent of a formal arrest",A,"Yes, because Huang told Victor to stop, which meant Victor was not free to leave and was therefore in custody","278. ID 20961 | Pattern: Detective Huang received a tip that a man matching Victor's description was selling drugs near a subway entrance. Huang approached Victor, displayed her badge, and said, ""Stop, I need to talk to you — you're not under arrest but I… | Trap: The ""not free to leave"" formulation applies to determining whether a Fourth Amendment seizure occurred, not whether Miranda custody exists | Look for: C — No, because a Terry investigatory stop does not constitute Miranda custody even though Victor was not free to leave momentarily. Rule: A Terry investigatory stop does not constitute Miranda custody; the brief, limited detention based on reasonable suspicion is not the functional equivalent of a formal arrest",119
279,18356,"A state prisoner filed a federal habeas petition in 2018 and lost on the merits. In 2024, the Supreme Court announces a new rule of constitutional law holding that a particular type of eyewitness identification procedure violates due process. The…",AEDPA does not impose an absolute bar on successive habeas petitions,B,"Yes, if the Supreme Court has made the new due process rule retroactive to cases on collateral review, because that is one of the two exceptions…","Under AEDPA (28 U.S.C. § 2244(b)), a second or successive habeas petition must be dismissed unless it relies on (1) a new rule of constitutional law made retroactive to cases on collateral review by the Supreme Court, or (2) newly discovered facts…",D,"No, because the prisoner waived the due process argument by failing to raise it in the 2018 habeas petition, and AEDPA's abuse-of-writ doctrine bars claims that could have been raised in prior petitions","279. ID 18356 | Pattern: A state prisoner filed a federal habeas petition in 2018 and lost on the merits. In 2024, the Supreme Court announces a new rule of constitutional law holding that a particular type of eyewitness identification procedure violates due process. The… | Trap: AEDPA does not impose an absolute bar on successive habeas petitions | Look for: B — Yes, if the Supreme Court has made the new due process rule retroactive to cases on collateral review, because that is one of the two exceptions…. Rule: Under AEDPA (28 U.S.C. § 2244(b)), a second or successive habeas petition must be dismissed unless it relies on (1) a new rule of constitutional law made retroactive to cases on collateral review by the Supreme Court, or (2) newly discovered facts…",132
280,20542,"Owen is indicted for armed robbery of a convenience store and counsel is appointed. Detectives later visit Owen without counsel and say they only want to ask whether he committed ""the theft from the same store without the weapon."" They…",Offense specificity does not permit questioning about the same charged offense under a narrower label when the right has attached,A,"Yes, because the questioning concerned the same charged criminal episode and a same-offense variant after attachment","Once the Sixth Amendment attaches to a charged offense, the government may not deliberately elicit statements about that same offense, including lesser-included or same-elements variants, without counsel or valid waiver",B,"No, because theft and armed robbery use different labels","280. ID 20542 | Pattern: Owen is indicted for armed robbery of a convenience store and counsel is appointed. Detectives later visit Owen without counsel and say they only want to ask whether he committed ""the theft from the same store without the weapon."" They… | Trap: Offense specificity does not permit questioning about the same charged offense under a narrower label when the right has attached | Look for: A — Yes, because the questioning concerned the same charged criminal episode and a same-offense variant after attachment. Rule: Once the Sixth Amendment attaches to a charged offense, the government may not deliberately elicit statements about that same offense, including lesser-included or same-elements variants, without counsel or valid waiver",119
281,16084,"Two men were members of a militant political group. As a protest against the use of harmful agricultural chemicals, they planned to burn down a factory that produced such chemicals. To be certain that no persons would be injured in…",Some jurisdictions have held that the felony murder rule cannot be applied unless the deaths were totally independent of the defendants' purpose in committing a felony,D,"guilty, because the deaths resulted from their commission of a dangerous felony","Murder is the unjustified killing of a human being with malice aforethought. In addition to reckless disregard for human life, and the intent to kill, to cause great bodily harm, or to resist a lawful arrest, malice aforethought includes the intent to…",A,"not guilty, because they did not desire or know that their act would result in the death of a human being.","281. ID 16084 | Pattern: Two men were members of a militant political group. As a protest against the use of harmful agricultural chemicals, they planned to burn down a factory that produced such chemicals. To be certain that no persons would be injured in… | Trap: Some jurisdictions have held that the felony murder rule cannot be applied unless the deaths were totally independent of the defendants' purpose in committing a felony | Look for: D — guilty, because the deaths resulted from their commission of a dangerous felony. Rule: Murder is the unjustified killing of a human being with malice aforethought. In addition to reckless disregard for human life, and the intent to kill, to cause great bodily harm, or to resist a lawful arrest, malice aforethought includes the intent to…",133
282,17187,"At night, Tomas pries open a bedroom window of another person's house. Standing outside, he inserts a hooked pole through the window and uses it to pull a jewelry box from a dresser. No part of Tomas's body crosses the…",An instrument inserted to commit the felony can satisfy entry,C,"Yes, because Tomas inserted a tool into the dwelling to commit the theft","For common-law burglary, entry is satisfied when any part of the body or an instrument used to commit the felony enters the dwelling",A,"No, because no part of Tomas's body entered the house","282. ID 17187 | Pattern: At night, Tomas pries open a bedroom window of another person's house. Standing outside, he inserts a hooked pole through the window and uses it to pull a jewelry box from a dresser. No part of Tomas's body crosses the… | Trap: An instrument inserted to commit the felony can satisfy entry | Look for: C — Yes, because Tomas inserted a tool into the dwelling to commit the theft. Rule: For common-law burglary, entry is satisfied when any part of the body or an instrument used to commit the felony enters the dwelling",99
283,19083,"An officer sought a warrant to search Jordan's apartment. The affidavit said only, ""I believe drugs are inside based on experience,"" with no informant details, surveillance, controlled buy, dates, or facts tying drugs to the apartment. A magistrate issued the…",Good faith has limits. A bare-bones affidavit so lacking probable cause cannot support objectively reasonable reliance,C,"No, because the affidavit was so bare bones that reliance on the warrant was objectively unreasonable",The good-faith exception fails when a warrant affidavit is bare bones and no reasonably well-trained officer could rely on it,A,"Yes, because a magistrate issued the warrant","283. ID 19083 | Pattern: An officer sought a warrant to search Jordan's apartment. The affidavit said only, ""I believe drugs are inside based on experience,"" with no informant details, surveillance, controlled buy, dates, or facts tying drugs to the apartment. A magistrate issued the… | Trap: Good faith has limits. A bare-bones affidavit so lacking probable cause cannot support objectively reasonable reliance | Look for: C — No, because the affidavit was so bare bones that reliance on the warrant was objectively unreasonable. Rule: The good-faith exception fails when a warrant affidavit is bare bones and no reasonably well-trained officer could rely on it",105
284,20205,"Antoine and Xavier planned and carried out an armed bank robbery. During the robbery, a customer attempted to trigger a silent alarm. Xavier, without any prior discussion or agreement with Antoine, shot and killed the customer to prevent the alarm.…",Felony murder imputes liability for killings committed in furtherance of the qualifying felony regardless of whether the surviving co-felon specifically agreed to or authorized the killing,C,"Yes, because Xavier's killing was committed in furtherance of the robbery, and all co-felons are vicariously liable for killings by co-felons in furtherance of the common…","Under felony murder, each participant in an inherently dangerous felony is liable for killings committed by any co-felon in furtherance of the criminal enterprise, even if the participating defendant did not personally commit the killing",A,"No, because Antoine did not shoot anyone and Xavier acted without Antoine's prior agreement","284. ID 20205 | Pattern: Antoine and Xavier planned and carried out an armed bank robbery. During the robbery, a customer attempted to trigger a silent alarm. Xavier, without any prior discussion or agreement with Antoine, shot and killed the customer to prevent the alarm.… | Trap: Felony murder imputes liability for killings committed in furtherance of the qualifying felony regardless of whether the surviving co-felon specifically agreed to or authorized the killing | Look for: C — Yes, because Xavier's killing was committed in furtherance of the robbery, and all co-felons are vicariously liable for killings by co-felons in furtherance of the common…. Rule: Under felony murder, each participant in an inherently dangerous felony is liable for killings committed by any co-felon in furtherance of the criminal enterprise, even if the participating defendant did not personally commit the killing",140
285,14567,"Police, who had probable cause to arrest a man for a series of armed robberies, obtained a warrant to arrest him. At 6 a.m. they surreptitiously entered the man’s house and, with guns drawn, went to the man’s bedroom, where…","A challenge to the voluntariness of the statement would be much more difficult than a Miranda challenge, given that the man's statement was very likely the product of unwarned custodial…",A,The police did not give him the required Miranda warnings,The police’s failure to issue Miranda warnings is the strongest basis to get the statement suppressed,B,The statement was not voluntary.,"285. ID 14567 | Pattern: Police, who had probable cause to arrest a man for a series of armed robberies, obtained a warrant to arrest him. At 6 a.m. they surreptitiously entered the man’s house and, with guns drawn, went to the man’s bedroom, where… | Trap: A challenge to the voluntariness of the statement would be much more difficult than a Miranda challenge, given that the man's statement was very likely the product of unwarned custodial… | Look for: A — The police did not give him the required Miranda warnings. Rule: The police’s failure to issue Miranda warnings is the strongest basis to get the statement suppressed",109
286,18020,"Before contacting police, a store owner shows a witness a single social-media photo and says, ""This is probably the thief."" The witness agrees. Police did not arrange, suggest, or know about the photo display beforehand. The defendant moves to suppress…",The constitutional rule generally requires state action through police-arranged suggestiveness,A,"Suppression is not required by the due process identification rule because the suggestive display was privately arranged, not police arranged",Due process suppression for suggestive identification generally requires police-arranged suggestiveness; a private person's suggestive identification procedure ordinarily does not trigger the same constitutional rule,B,Suppression is automatic because any suggestive identification violates due process,"286. ID 18020 | Pattern: Before contacting police, a store owner shows a witness a single social-media photo and says, ""This is probably the thief."" The witness agrees. Police did not arrange, suggest, or know about the photo display beforehand. The defendant moves to suppress… | Trap: The constitutional rule generally requires state action through police-arranged suggestiveness | Look for: A — Suppression is not required by the due process identification rule because the suggestive display was privately arranged, not police arranged. Rule: Due process suppression for suggestive identification generally requires police-arranged suggestiveness; a private person's suggestive identification procedure ordinarily does not trigger the same constitutional rule",107
287,16130,"One day, the owner of a department store asked an employee in the store's shoe department to temporarily replace a sporting goods salesman who did not show up for work. A teenager, who was 15 years of age, subsequently entered…",B and C are incorrect because of the specific language of the given statute: B because the statute imposes strict liability and does not make negligence or unreasonable behavior a…,A,"guilty, because her employee sold ammunition to a person under the age of 16 years",Some cases have held that the imposition of a prison term on the basis of vicarious liability for a strict-liability crime committed by a defendant's employee is a violation of due process,D,"not guilty, because holding one person vicariously liable for the crime of another violates the constitutional right to due process of law.","287. ID 16130 | Pattern: One day, the owner of a department store asked an employee in the store's shoe department to temporarily replace a sporting goods salesman who did not show up for work. A teenager, who was 15 years of age, subsequently entered… | Trap: B and C are incorrect because of the specific language of the given statute: B because the statute imposes strict liability and does not make negligence or unreasonable behavior a… | Look for: A — guilty, because her employee sold ammunition to a person under the age of 16 years. Rule: Some cases have held that the imposition of a prison term on the basis of vicarious liability for a strict-liability crime committed by a defendant's employee is a violation of due process",130
288,21875,Officers walk a trained drug dog to the front porch of a house and have the dog sniff around the door for several minutes. The dog alerts. The officers use the alert to obtain a search warrant for the home.…,A home and its curtilage receive special protection; bringing a dog to the porch to investigate is different,B,"Yes, because the officers used a trained dog to explore the home's curtilage for evidence",Bringing a drug-sniffing dog onto the home's curtilage to investigate can be a Fourth Amendment search,C,"No, because the public may approach a front door to knock","288. ID 21875 | Pattern: Officers walk a trained drug dog to the front porch of a house and have the dog sniff around the door for several minutes. The dog alerts. The officers use the alert to obtain a search warrant for the home.… | Trap: A home and its curtilage receive special protection; bringing a dog to the porch to investigate is different | Look for: B — Yes, because the officers used a trained dog to explore the home's curtilage for evidence. Rule: Bringing a drug-sniffing dog onto the home's curtilage to investigate can be a Fourth Amendment search",102
289,16026,"Two students were law students in the same Contracts class. Knowing that the professor kept his lecture notes in a cabinet in his office, they planned to break into the office for the purpose of copying his notes. The first…",Do not modernize common-law burglary or larceny; an office at lunchtime and copying notes do not match dwelling/night/carrying-away requirements,D,Neither conspiracy to commit burglary nor conspiracy to commit larceny,Persons are guilty of conspiracy to commit a particular crime when they agree to commit it,D,Neither conspiracy to commit burglary nor conspiracy to commit larceny.,"289. ID 16026 | Pattern: Two students were law students in the same Contracts class. Knowing that the professor kept his lecture notes in a cabinet in his office, they planned to break into the office for the purpose of copying his notes. The first… | Trap: Do not modernize common-law burglary or larceny; an office at lunchtime and copying notes do not match dwelling/night/carrying-away requirements | Look for: D — Neither conspiracy to commit burglary nor conspiracy to commit larceny. Rule: Persons are guilty of conspiracy to commit a particular crime when they agree to commit it",98
290,14554,"Police received information from an undercover police officer that she had just seen two men (whom she described) in a red pickup truck selling marijuana to schoolchildren near the city's largest high school. A few minutes later, two police officers…","The automobile exception permitted the police to search the entire vehicle, therefore properly discovering both substances in the course of that search",D,deny the motion as to both the marijuana and the cocaine,"The automobile exception applies here because the police had probable cause to believe it contained drugs, therefore allowing them to search the entire vehicle, including every container and space",B,grant the motion as to the marijuana but deny it as to the cocaine.,"290. ID 14554 | Pattern: Police received information from an undercover police officer that she had just seen two men (whom she described) in a red pickup truck selling marijuana to schoolchildren near the city's largest high school. A few minutes later, two police officers… | Trap: The automobile exception permitted the police to search the entire vehicle, therefore properly discovering both substances in the course of that search | Look for: D — deny the motion as to both the marijuana and the cocaine. Rule: The automobile exception applies here because the police had probable cause to believe it contained drugs, therefore allowing them to search the entire vehicle, including every container and space",115
291,20165,"Police questioned Nora in custody without Miranda warnings. Her statement was voluntary but inadmissible in the prosecution's case-in-chief. At trial, Nora testified, ""I was never at the warehouse."" The unwarned statement said, ""I was at the warehouse, but only briefly.""…",The statement remains excluded from the case-in-chief. The rule permits a limited impeachment use,A,"Yes, because the voluntary statement may be used to impeach Nora's inconsistent testimony","A voluntary statement taken in violation of Miranda may be used to impeach the defendant's inconsistent trial testimony, but not in the prosecution's case-in-chief",C,"No, because evidence excluded from the case-in-chief can never be used for any purpose","291. ID 20165 | Pattern: Police questioned Nora in custody without Miranda warnings. Her statement was voluntary but inadmissible in the prosecution's case-in-chief. At trial, Nora testified, ""I was never at the warehouse."" The unwarned statement said, ""I was at the warehouse, but only briefly.""… | Trap: The statement remains excluded from the case-in-chief. The rule permits a limited impeachment use | Look for: A — Yes, because the voluntary statement may be used to impeach Nora's inconsistent testimony. Rule: A voluntary statement taken in violation of Miranda may be used to impeach the defendant's inconsistent trial testimony, but not in the prosecution's case-in-chief",104
292,20108,"Derek knowingly joins a gang crew planning armed robberies. During a robbery he agreed to help commit, the leader points a gun at Derek and orders him to hold the door closed while others flee. Derek complies and later claims…",Duress is limited when the defendant voluntarily or recklessly entered a criminal setting where coercion was foreseeable,C,Duress likely fails because Derek recklessly placed himself in the coercive criminal situation,Duress is unavailable when the defendant recklessly or intentionally placed himself in a situation where coercion was likely,A,Duress succeeds because the leader threatened Derek with a gun,"292. ID 20108 | Pattern: Derek knowingly joins a gang crew planning armed robberies. During a robbery he agreed to help commit, the leader points a gun at Derek and orders him to hold the door closed while others flee. Derek complies and later claims… | Trap: Duress is limited when the defendant voluntarily or recklessly entered a criminal setting where coercion was foreseeable | Look for: C — Duress likely fails because Derek recklessly placed himself in the coercive criminal situation. Rule: Duress is unavailable when the defendant recklessly or intentionally placed himself in a situation where coercion was likely",101
293,17590,"Ben, an experienced hiker, deliberately ignores clearly posted trail closure signs and ventures into a restricted wilderness area during a severe storm warning. His trail is soon blocked by a rising river. To survive, Ben breaks into a ranger's locked…","The necessity defense contains a critical limitation: if the defendant created or substantially contributed to the emergency through his own fault (here, negligence in ignoring storm warnings and trail closures)…",C,"No, because Ben created the emergency by ignoring trail closure signs and storm warnings","Necessity (choice of evils) requires that (1) the harm avoided is greater than the harm caused, (2) no lawful alternative existed, and (3) the defendant did not create the emergency through his own fault; the defense is unavailable if the defendant negligently…",B,"Yes, because Ben had no other reasonable alternative once he was stranded","293. ID 17590 | Pattern: Ben, an experienced hiker, deliberately ignores clearly posted trail closure signs and ventures into a restricted wilderness area during a severe storm warning. His trail is soon blocked by a rising river. To survive, Ben breaks into a ranger's locked… | Trap: The necessity defense contains a critical limitation: if the defendant created or substantially contributed to the emergency through his own fault (here, negligence in ignoring storm warnings and trail closures)… | Look for: C — No, because Ben created the emergency by ignoring trail closure signs and storm warnings. Rule: Necessity (choice of evils) requires that (1) the harm avoided is greater than the harm caused, (2) no lawful alternative existed, and (3) the defendant did not create the emergency through his own fault; the defense is unavailable if the defendant negligently…",139
294,16189,"A store owner whose jewelry store had recently been robbed was shown by a police detective a photograph of the defendant, who previously had committed other similar crimes. The store owner examined the photograph and then asked the detective whether…",Do not automatically suppress all in-court identification after a suggestive photo; reliability/independent basis can still matter,D,"Yes, unless the prosecution demonstrates that the in-court identification is reliable","In a series of cases, the Supreme Court has held that an identification procedure may be so “unnecessarily suggestive” that allowing the results of that identification into evidence violates the accused’s due process rights",A,"No, because suppression of in-court testimony is not a proper remedy, even though the out-of-court identification was improper.","294. ID 16189 | Pattern: A store owner whose jewelry store had recently been robbed was shown by a police detective a photograph of the defendant, who previously had committed other similar crimes. The store owner examined the photograph and then asked the detective whether… | Trap: Do not automatically suppress all in-court identification after a suggestive photo; reliability/independent basis can still matter | Look for: D — Yes, unless the prosecution demonstrates that the in-court identification is reliable. Rule: In a series of cases, the Supreme Court has held that an identification procedure may be so “unnecessarily suggestive” that allowing the results of that identification into evidence violates the accused’s due process rights",114
295,17712,"After receiving Miranda warnings and waiving her rights, Patrice was questioned by detectives about an arson. About twenty minutes into questioning, Patrice said, ""Maybe I should just stop talking."" The detectives continued questioning without acknowledging her remark, and Patrice answered…",The Supreme Court in *Berghuis v. Thompkins* (2010) and *Davis v. United States* (1994) held that invocation must be unambiguous,C,"No, because Patrice's statement was ambiguous and equivocal, and did not constitute a clear invocation of the right to silence","Invocation of the right to silence must be unambiguous; an ambiguous or equivocal reference to silence does not require police to stop questioning, and subsequent statements remain admissible",A,"Yes, because any statement by a suspect expressing reluctance to continue speaking must be treated as an invocation of the right to silence","295. ID 17712 | Pattern: After receiving Miranda warnings and waiving her rights, Patrice was questioned by detectives about an arson. About twenty minutes into questioning, Patrice said, ""Maybe I should just stop talking."" The detectives continued questioning without acknowledging her remark, and Patrice answered… | Trap: The Supreme Court in *Berghuis v. Thompkins* (2010) and *Davis v. United States* (1994) held that invocation must be unambiguous | Look for: C — No, because Patrice's statement was ambiguous and equivocal, and did not constitute a clear invocation of the right to silence. Rule: Invocation of the right to silence must be unambiguous; an ambiguous or equivocal reference to silence does not require police to stop questioning, and subsequent statements remain admissible",121
296,20700,"At the defendant's trial for murder, the prosecution proved that the defendant was driving while intoxicated when his car struck another car, killing all its occupants. The defendant appealed his conviction for voluntary manslaughter. Which of the cases below is…",Do not match precedent by superficial homicide labels; match the required mental state and the specific charge being compared,D,"After the defendant quarreled with her lover, she fired a gun at him while he was with his wife. The bullet missed the defendant's lover but…","The effect of A is to hold that one who acts unreasonably may be guilty of involuntary manslaughter. Since it does not say anything about what it would take to justify a conviction for voluntary manslaughter, it is inapplicable to the defendant's…",A,"Believing that the victim was attacking her, the defendant swung a tennis racket at the victim, hoping to frighten the victim away but not meaning to strike the victim with it. The tennis racket struck the victim in the head, causing his death. At the defendant's trial, over the defendant's objection, the judge instructed the jury to find the defendant guilty of involuntary manslaughter if the force used by the defendant was excessive. The defendant's conviction for involuntary manslaughter was affirmed.","296. ID 20700 | Pattern: At the defendant's trial for murder, the prosecution proved that the defendant was driving while intoxicated when his car struck another car, killing all its occupants. The defendant appealed his conviction for voluntary manslaughter. Which of the cases below is… | Trap: Do not match precedent by superficial homicide labels; match the required mental state and the specific charge being compared | Look for: D — After the defendant quarreled with her lover, she fired a gun at him while he was with his wife. The bullet missed the defendant's lover but…. Rule: The effect of A is to hold that one who acts unreasonably may be guilty of involuntary manslaughter. Since it does not say anything about what it would take to justify a conviction for voluntary manslaughter, it is inapplicable to the defendant's…",140
297,18335,"Talia fires a pistol at Victor intending to kill him. The bullet misses Victor and passes near Nora, whom Talia did not see and did not intend to harm. Nora is frightened but uninjured. Prosecutors charge Talia with attempted murder…",That rule applies to completed victim crimes when an actual harm occurs,A,Transferred intent generally does not supply the specific intent needed for attempted murder of an unintended victim,"Transferred intent can support completed homicide when an unintended victim dies, but it generally does not create attempted murder liability for an unintended person who was not the defendant's target",B,Talia is guilty of attempted murder of Nora because intent to kill Victor transfers to every nearby person,"297. ID 18335 | Pattern: Talia fires a pistol at Victor intending to kill him. The bullet misses Victor and passes near Nora, whom Talia did not see and did not intend to harm. Nora is frightened but uninjured. Prosecutors charge Talia with attempted murder… | Trap: That rule applies to completed victim crimes when an actual harm occurs | Look for: A — Transferred intent generally does not supply the specific intent needed for attempted murder of an unintended victim. Rule: Transferred intent can support completed homicide when an unintended victim dies, but it generally does not create attempted murder liability for an unintended person who was not the defendant's target",112
298,18032,"Police arrested Eli, who has a documented history of severe paranoid schizophrenia. Officers gave Eli Miranda warnings and he signed a waiver form. Officers questioned Eli in a standard interview room for two hours using ordinary, non-coercive questioning techniques. Eli…","Mental illness bears on the Miranda waiver analysis and the general voluntariness analysis, but under *Colorado v. Connelly* (1986), the Supreme Court held that coercive police conduct is a necessary…",C,"No, because under *Colorado v. Connelly*, a confession is not constitutionally involuntary unless it is the product of coercive police conduct, regardless of the suspect's mental…",A suspect's mental illness or diminished capacity does not by itself render a confession involuntary; the Due Process voluntariness test requires coercive police conduct — the state of mind must be combined with police overreaching to establish involuntariness,A,"Yes, because Eli's mental illness prevented him from making a knowing and voluntary waiver of his Miranda rights","298. ID 18032 | Pattern: Police arrested Eli, who has a documented history of severe paranoid schizophrenia. Officers gave Eli Miranda warnings and he signed a waiver form. Officers questioned Eli in a standard interview room for two hours using ordinary, non-coercive questioning techniques. Eli… | Trap: Mental illness bears on the Miranda waiver analysis and the general voluntariness analysis, but under *Colorado v. Connelly* (1986), the Supreme Court held that coercive police conduct is a necessary… | Look for: C — No, because under *Colorado v. Connelly*, a confession is not constitutionally involuntary unless it is the product of coercive police conduct, regardless of the suspect's mental…. Rule: A suspect's mental illness or diminished capacity does not by itself render a confession involuntary; the Due Process voluntariness test requires coercive police conduct — the state of mind must be combined with police overreaching to establish involuntariness",147
299,14559,"A federal officer had probable cause to believe that a woman had participated in a bank robbery. Two days after the robbery, the woman checked into a local hotel. When the woman left her room for the evening, the hotel…",This answer reaches the correct answer with the wrong reasoning,A,"Yes, because the officer had no warrant","The Fourth Amendment protects the woman's expectation of privacy in her dwelling, including her temporary hotel room dwelling",D,"No, because the officer reasonably relied on the hotel manager’s apparent authority to allow the officer into the hotel room.","299. ID 14559 | Pattern: A federal officer had probable cause to believe that a woman had participated in a bank robbery. Two days after the robbery, the woman checked into a local hotel. When the woman left her room for the evening, the hotel… | Trap: This answer reaches the correct answer with the wrong reasoning | Look for: A — Yes, because the officer had no warrant. Rule: The Fourth Amendment protects the woman's expectation of privacy in her dwelling, including her temporary hotel room dwelling",88
300,16114,"A supermarket cashier borrowed money from the company safe to get through the weekend, then returned it on Monday morning after she was paid. One of her coworkers saw her returning the money and questioned her about it until the…",Robbery is larceny committed by force or threat of force,B,"Larceny, because he obtained money by inciting and encouraging the cashier to steal $25 from the safe","One who incites and encourages another to commit a crime may be guilty as an accomplice or accessory, especially when he or she derives some direct benefit from the crime",A,"Robbery, because he obtained money from the cashier by threat and intimidation.","300. ID 16114 | Pattern: A supermarket cashier borrowed money from the company safe to get through the weekend, then returned it on Monday morning after she was paid. One of her coworkers saw her returning the money and questioned her about it until the… | Trap: Robbery is larceny committed by force or threat of force | Look for: B — Larceny, because he obtained money by inciting and encouraging the cashier to steal $25 from the safe. Rule: One who incites and encourages another to commit a crime may be guilty as an accomplice or accessory, especially when he or she derives some direct benefit from the crime",110
301,20953,"City law made it a misdemeanor to ignite large fireworks in a crowded public plaza. During a festival, Omar lit a large illegal firework in the middle of the crowd. It exploded sideways, struck a spectator in the head, and…","The predicate is a misdemeanor, not a felony-murder predicate",B,"Involuntary manslaughter, because the dangerous misdemeanor proximately caused death",Unlawful-act manslaughter can apply when a misdemeanor or non-felony unlawful act is sufficiently dangerous and proximately causes death,A,"Felony murder, because a death occurred during an unlawful act","301. ID 20953 | Pattern: City law made it a misdemeanor to ignite large fireworks in a crowded public plaza. During a festival, Omar lit a large illegal firework in the middle of the crowd. It exploded sideways, struck a spectator in the head, and… | Trap: The predicate is a misdemeanor, not a felony-murder predicate | Look for: B — Involuntary manslaughter, because the dangerous misdemeanor proximately caused death. Rule: Unlawful-act manslaughter can apply when a misdemeanor or non-felony unlawful act is sufficiently dangerous and proximately causes death",89
302,20689,"Max, angry at his neighbor's dog that has been barking all night, decides to ""scare"" the neighbor by lighting a small pile of dry leaves on the neighbor's wooden porch. The leaves burn vigorously, producing significant smoke and heat, and…",Common-law arson's burning element requires actual charring — the consumption of the wood fibers of the structure itself,C,"No, because the burning element of common-law arson requires actual charring of the wood fibers of the structure, which did not occur here","Common-law arson requires a malicious burning of the dwelling house of another. ""Burning"" means the wood fibers of the structure must be charred — the fire must actually consume part of the structure",A,"Yes, because Max maliciously set fire to another's property","302. ID 20689 | Pattern: Max, angry at his neighbor's dog that has been barking all night, decides to ""scare"" the neighbor by lighting a small pile of dry leaves on the neighbor's wooden porch. The leaves burn vigorously, producing significant smoke and heat, and… | Trap: Common-law arson's burning element requires actual charring — the consumption of the wood fibers of the structure itself | Look for: C — No, because the burning element of common-law arson requires actual charring of the wood fibers of the structure, which did not occur here. Rule: Common-law arson requires a malicious burning of the dwelling house of another. ""Burning"" means the wood fibers of the structure must be charred — the fire must actually consume part of the structure",127
303,16024,"A woman was in her eighth month of pregnancy when her husband left her. Unwilling to face life as a single parent, she asked her doctor to perform an abortion. Her doctor refused, explaining that abortion so late in pregnancy…",The defendant's attempt to save the baby's life after she tried to kill him is not sufficient to relieve her of criminal liability for his death if his death was…,C,the baby's death five years later after the defendant's act was not proximately caused by the defendant's act,"Murder is the unjustified killing of a human being with malice aforethought. Since malice aforethought includes the intent to kill, and since the defendant held the baby's head under water in an attempt to end his life, the defendant had the necessary…",A,the woman had a constitutional right to an abortion.,"303. ID 16024 | Pattern: A woman was in her eighth month of pregnancy when her husband left her. Unwilling to face life as a single parent, she asked her doctor to perform an abortion. Her doctor refused, explaining that abortion so late in pregnancy… | Trap: The defendant's attempt to save the baby's life after she tried to kill him is not sufficient to relieve her of criminal liability for his death if his death was… | Look for: C — the baby's death five years later after the defendant's act was not proximately caused by the defendant's act. Rule: Murder is the unjustified killing of a human being with malice aforethought. Since malice aforethought includes the intent to kill, and since the defendant held the baby's head under water in an attempt to end his life, the defendant had the necessary…",143
304,20889,"Police have a valid arrest warrant for Dana. They go to Dana's apartment at 7 a.m., see Dana's car in the assigned space, hear Dana's voice inside, and enter after knocking and announcing. They arrest Dana in the living room.…",An arrest warrant authorizes entry into the suspect's own home when officers have reason to believe the suspect is inside,B,"Yes, because police had a valid arrest warrant and reason to believe Dana was inside Dana's own home",An arrest warrant permits police to enter the suspect's own home when they have reason to believe the suspect is inside,A,"No, because police always need a search warrant to enter any home","304. ID 20889 | Pattern: Police have a valid arrest warrant for Dana. They go to Dana's apartment at 7 a.m., see Dana's car in the assigned space, hear Dana's voice inside, and enter after knocking and announcing. They arrest Dana in the living room.… | Trap: An arrest warrant authorizes entry into the suspect's own home when officers have reason to believe the suspect is inside | Look for: B — Yes, because police had a valid arrest warrant and reason to believe Dana was inside Dana's own home. Rule: An arrest warrant permits police to enter the suspect's own home when they have reason to believe the suspect is inside",112
305,14558,"A defendant was prosecuted for selling cocaine to an undercover police agent. At his trial, he testified that he only sold the drugs to the agent, whom the defendant knew as ""Speedy,"" because Speedy had told him that he (Speedy)…",The court may properly allow evidence of prior convictions to be admitted against a defendant for the charged crime if such criminal history falls under the category of relevant prior…,D,"affirmed, because neither of the above reasons constitutes a ground for reversal",The court acted properly in admitting the defendant's prior narcotics crimes in rebuttal to the entrapment defense to show the defendant had the willingness to commit the crime of selling cocaine. The court also acted properly by following state law and instructing…,B,"reversed, because it was a violation of due process to impose on the defense a burden of persuasion concerning entrapment.","305. ID 14558 | Pattern: A defendant was prosecuted for selling cocaine to an undercover police agent. At his trial, he testified that he only sold the drugs to the agent, whom the defendant knew as ""Speedy,"" because Speedy had told him that he (Speedy)… | Trap: The court may properly allow evidence of prior convictions to be admitted against a defendant for the charged crime if such criminal history falls under the category of relevant prior… | Look for: D — affirmed, because neither of the above reasons constitutes a ground for reversal. Rule: The court acted properly in admitting the defendant's prior narcotics crimes in rebuttal to the entrapment defense to show the defendant had the willingness to commit the crime of selling cocaine. The court also acted properly by following state law and instructing…",137
306,20476,"An officer conducted a lawful Terry stop of a suspect near a known drug corner. During a pat-down for weapons, the officer felt a small, hard lump in the suspect's jacket pocket. The officer knew it was not a weapon.…",Minnesota v. Dickerson's plain feel doctrine limits what may be seized during a Terry frisk,C,"No, because the officer's continued manipulation of the object to identify it as cocaine exceeded the lawful scope of a Terry frisk; the incriminating character was…",An officer conducting a lawful Terry frisk may seize an item under plain feel only if its identity as contraband is immediately apparent by touch; further manipulation beyond what is necessary to determine if the object is a weapon is unconstitutional (Minnesota…,A,"Yes, because the officer was conducting a lawful Terry frisk and anything discovered during the frisk is admissible","306. ID 20476 | Pattern: An officer conducted a lawful Terry stop of a suspect near a known drug corner. During a pat-down for weapons, the officer felt a small, hard lump in the suspect's jacket pocket. The officer knew it was not a weapon.… | Trap: Minnesota v. Dickerson's plain feel doctrine limits what may be seized during a Terry frisk | Look for: C — No, because the officer's continued manipulation of the object to identify it as cocaine exceeded the lawful scope of a Terry frisk; the incriminating character was…. Rule: An officer conducting a lawful Terry frisk may seize an item under plain feel only if its identity as contraband is immediately apparent by touch; further manipulation beyond what is necessary to determine if the object is a weapon is unconstitutional (Minnesota…",136
307,20516,"Quinn's criminal boss, Dante, calls Quinn on the phone and says: ""Steal $50,000 from the bank where you work by Friday or I will have your family hurt sometime next week."" Quinn is frightened and believes the threat is serious…","Duress requires an imminent threat. Dante's threat was conditional (""sometime next week"") and he was physically absent and across the country",C,"No, because the threat was not imminent — harm was promised for a future time and the threatener was absent","Common-law duress requires (1) an imminent threat of death or serious bodily harm (2) to the defendant or a close family member (3) from another person (not natural forces), (4) with no reasonable opportunity to escape or seek help; a non-imminent or…",A,"Yes, because Quinn had a genuine and reasonable fear of harm to his family","307. ID 20516 | Pattern: Quinn's criminal boss, Dante, calls Quinn on the phone and says: ""Steal $50,000 from the bank where you work by Friday or I will have your family hurt sometime next week."" Quinn is frightened and believes the threat is serious… | Trap: Duress requires an imminent threat. Dante's threat was conditional (""sometime next week"") and he was physically absent and across the country | Look for: C — No, because the threat was not imminent — harm was promised for a future time and the threatener was absent. Rule: Common-law duress requires (1) an imminent threat of death or serious bodily harm (2) to the defendant or a close family member (3) from another person (not natural forces), (4) with no reasonable opportunity to escape or seek help; a non-imminent or…",136
308,16083,"The victim and the defendant were roommates until they began arguing bitterly. During one argument, the victim moved out of the apartment that they shared. As she left, she said, “I'm going to get even with you for all the…","A person is guilty of a criminal attempt when, with the intent to bring about a criminally prohibited result, he or she comes substantially close to achieving it",C,It was reasonable for the defendant to believe that the victim was reaching into her pocket for a gun,A person is privileged to use reasonable force to protect himself or herself from what he or she reasonably believes to be a threat of imminent bodily harm. Potentially lethal force is reasonable when used in response to what the defendant reasonably…,A,The victim's injury was not serious enough to result in death.,"308. ID 16083 | Pattern: The victim and the defendant were roommates until they began arguing bitterly. During one argument, the victim moved out of the apartment that they shared. As she left, she said, “I'm going to get even with you for all the… | Trap: A person is guilty of a criminal attempt when, with the intent to bring about a criminally prohibited result, he or she comes substantially close to achieving it | Look for: C — It was reasonable for the defendant to believe that the victim was reaching into her pocket for a gun. Rule: A person is privileged to use reasonable force to protect himself or herself from what he or she reasonably believes to be a threat of imminent bodily harm. Potentially lethal force is reasonable when used in response to what the defendant reasonably…",142
309,16078,"The defendant, an attorney, was vice president of a corporation that made children's pajamas. After several children were burned to death while wearing the corporation's product, both the defendant and the corporation were charged with criminal negligence. After placing the…","In A, since the defendant was not in custody at the time he answered the officer's questions (and since the question was probably not an “interrogation”), the issue of waiver…",B,"A recently arrived immigrant from Southeast Asia was arrested for burglary. After the arresting officer read him his Miranda rights, she asked, “Do you understand what…","A statement made in response to a custodial interrogation of a suspect is admissible against him or her only if, after being advised of his or her Miranda rights, he or she makes a voluntary and intelligent waiver",C,"Following a series of assaults, police officers went to the defendant's home. The officers told the defendant that she was not under arrest, but that they would appreciate her cooperation in answering their questions. The defendant said, “I'm innocent, and I'm willing to prove it by standing in a lineup.” She then accompanied the police officers to the police station where two assault victims picked her out of a lineup. At the defendant's trial on a charge of assault, her motion to exclude evidence of the lineup identification was denied.","309. ID 16078 | Pattern: The defendant, an attorney, was vice president of a corporation that made children's pajamas. After several children were burned to death while wearing the corporation's product, both the defendant and the corporation were charged with criminal negligence. After placing the… | Trap: In A, since the defendant was not in custody at the time he answered the officer's questions (and since the question was probably not an “interrogation”), the issue of waiver… | Look for: B — A recently arrived immigrant from Southeast Asia was arrested for burglary. After the arresting officer read him his Miranda rights, she asked, “Do you understand what…. Rule: A statement made in response to a custodial interrogation of a suspect is admissible against him or her only if, after being advised of his or her Miranda rights, he or she makes a voluntary and intelligent waiver",147
310,18413,Wade and Priya agree to steal a museum sculpture. They carry out the plan and remove the sculpture from the museum. Both are charged with conspiracy to commit larceny and the completed larceny. They argue that the conspiracy merged into…,Conspiracy is different. It punishes the agreement and does not merge into the completed target crime,B,"The conspiracy does not merge, so convictions for both conspiracy and larceny may stand if both are proved","Conspiracy does not merge into the completed target offense, so a defendant may be convicted of both conspiracy and the completed crime when both are proved",A,The conspiracy merges because all inchoate crimes merge into completed crimes,"310. ID 18413 | Pattern: Wade and Priya agree to steal a museum sculpture. They carry out the plan and remove the sculpture from the museum. Both are charged with conspiracy to commit larceny and the completed larceny. They argue that the conspiracy merged into… | Trap: Conspiracy is different. It punishes the agreement and does not merge into the completed target crime | Look for: B — The conspiracy does not merge, so convictions for both conspiracy and larceny may stand if both are proved. Rule: Conspiracy does not merge into the completed target offense, so a defendant may be convicted of both conspiracy and the completed crime when both are proved",113
311,16197,A defendant sold heroin to an addict. The addict was later stopped by two police officers for speeding 30 miles per hour over the speed limit. The officers required the addict to get out of the car. One of the…,Do not litigate the addict’s Fourth Amendment rights; the seller lacks standing to challenge a search of another person’s car,C,"denied, because the defendant has no standing to object to the search",This is a tricky question because it involves a not-so-obvious issue: standing to object. A person only has standing to claim a search or seizure violated the Fourth Amendment when the evidence was obtained from a search or seizure that violated that…,D,"denied, because the search was proper as incident to a valid full custodial arrest.","311. ID 16197 | Pattern: A defendant sold heroin to an addict. The addict was later stopped by two police officers for speeding 30 miles per hour over the speed limit. The officers required the addict to get out of the car. One of the… | Trap: Do not litigate the addict’s Fourth Amendment rights; the seller lacks standing to challenge a search of another person’s car | Look for: C — denied, because the defendant has no standing to object to the search. Rule: This is a tricky question because it involves a not-so-obvious issue: standing to object. A person only has standing to claim a search or seizure violated the Fourth Amendment when the evidence was obtained from a search or seizure that violated that…",127
312,18156,"Harold approaches an elderly woman, Helen, and tells her: ""I will fix your roof next week for $2,000."" Helen pays Harold $2,000 in cash upfront. Harold has no intention of doing the work and never does. He spends the money…","False pretenses at common law requires a false statement of a presently existing fact, not a false promise about future conduct",C,"No, because at common law, a false promise about future conduct does not satisfy the present-fact requirement for false pretenses",False pretenses requires a false representation of a presently existing material fact. A false promise about future conduct — even one the defendant intends not to keep — is not a false representation of present fact and does not satisfy this element…,B,"Yes, because by accepting payment, Harold implicitly represented that he currently intended to perform","312. ID 18156 | Pattern: Harold approaches an elderly woman, Helen, and tells her: ""I will fix your roof next week for $2,000."" Helen pays Harold $2,000 in cash upfront. Harold has no intention of doing the work and never does. He spends the money… | Trap: False pretenses at common law requires a false statement of a presently existing fact, not a false promise about future conduct | Look for: C — No, because at common law, a false promise about future conduct does not satisfy the present-fact requirement for false pretenses. Rule: False pretenses requires a false representation of a presently existing material fact. A false promise about future conduct — even one the defendant intends not to keep — is not a false representation of present fact and does not satisfy this element…",136
313,20412,"Without a warrant, police stand on a public sidewalk and use a thermal-imaging device not commonly available to the public to detect heat patterns inside a suspect's home. The scan reveals unusually high heat in a room, which police use…",A search can occur when technology obtains interior home information that could not otherwise be obtained without entry,B,"Yes, because the device obtained information about the interior of the home using technology not in general public use",Use of sense-enhancing technology not in general public use to obtain information about the interior of a home can be a Fourth Amendment search,A,"No, because officers stayed on a public sidewalk and did not physically enter the home","313. ID 20412 | Pattern: Without a warrant, police stand on a public sidewalk and use a thermal-imaging device not commonly available to the public to detect heat patterns inside a suspect's home. The scan reveals unusually high heat in a room, which police use… | Trap: A search can occur when technology obtains interior home information that could not otherwise be obtained without entry | Look for: B — Yes, because the device obtained information about the interior of the home using technology not in general public use. Rule: Use of sense-enhancing technology not in general public use to obtain information about the interior of a home can be a Fourth Amendment search",114
314,18988,"Nina intended to steal a wallet from the coat pocket of Victor, a man sleeping on a park bench. She reached into Victor's coat pocket and felt around thoroughly, but the pocket was empty — Victor had left his wallet…",Nina's situation is factual impossibility: her plan would have been criminal but for an unknown factual condition (the empty pocket),C,Nina is guilty because factual impossibility is not a defense to attempt,Factual impossibility — where the defendant's intended crime is impossible only because of an unknown circumstance of fact — is not a defense to attempt at common law,A,Nina is not guilty because it was impossible to steal a wallet that did not exist,"314. ID 18988 | Pattern: Nina intended to steal a wallet from the coat pocket of Victor, a man sleeping on a park bench. She reached into Victor's coat pocket and felt around thoroughly, but the pocket was empty — Victor had left his wallet… | Trap: Nina's situation is factual impossibility: her plan would have been criminal but for an unknown factual condition (the empty pocket) | Look for: C — Nina is guilty because factual impossibility is not a defense to attempt. Rule: Factual impossibility — where the defendant's intended crime is impossible only because of an unknown circumstance of fact — is not a defense to attempt at common law",113
315,19322,"Beatrice was robbed at gunpoint in a well-lit parking garage. During the robbery, she stared at the robber's face for approximately ninety seconds from a distance of three feet. She immediately called 911 and gave a detailed description. Three days…",There is no automatic exclusion rule for suggestive identification procedures,C,"Deny the motion, because even if the procedure was suggestive, the strong reliability factors establish that there is no substantial likelihood of misidentification, and the suggestiveness…","If a suggestive identification procedure does not create a substantial likelihood of irreparable misidentification under the totality of circumstances, the identification is admissible and the suggestiveness goes to weight — not admissibility — for the jury to evaluate",A,"Grant the motion, because any impermissible suggestiveness in a police-arranged identification procedure requires automatic suppression","315. ID 19322 | Pattern: Beatrice was robbed at gunpoint in a well-lit parking garage. During the robbery, she stared at the robber's face for approximately ninety seconds from a distance of three feet. She immediately called 911 and gave a detailed description. Three days… | Trap: There is no automatic exclusion rule for suggestive identification procedures | Look for: C — Deny the motion, because even if the procedure was suggestive, the strong reliability factors establish that there is no substantial likelihood of misidentification, and the suggestiveness…. Rule: If a suggestive identification procedure does not create a substantial likelihood of irreparable misidentification under the totality of circumstances, the identification is admissible and the suggestiveness goes to weight — not admissibility — for the jury to evaluate",127
316,21284,"Police received a domestic violence call. When they arrived, a woman named Carol met them outside. Carol told officers that she shared the apartment with her boyfriend, the suspect. She produced a key and opened the door. Officers entered and…","Illinois v. Rodriguez established the apparent authority doctrine: consent is valid if the officers reasonably believed, based on the facts available to them, that the consenting party had authority over…",C,"Yes, because officers reasonably believed Carol had authority over the apartment based on the information available at the time of entry","Third-party consent is valid if the consenting party has actual authority over the area searched, or if officers reasonably believe — based on the facts presented — that the third party has authority (apparent authority) (Illinois v. Rodriguez; United States v. Matlock)",A,"No, because Carol lacked actual authority over the apartment, making any consent she gave legally ineffective","316. ID 21284 | Pattern: Police received a domestic violence call. When they arrived, a woman named Carol met them outside. Carol told officers that she shared the apartment with her boyfriend, the suspect. She produced a key and opened the door. Officers entered and… | Trap: Illinois v. Rodriguez established the apparent authority doctrine: consent is valid if the officers reasonably believed, based on the facts available to them, that the consenting party had authority over… | Look for: C — Yes, because officers reasonably believed Carol had authority over the apartment based on the information available at the time of entry. Rule: Third-party consent is valid if the consenting party has actual authority over the area searched, or if officers reasonably believe — based on the facts presented — that the third party has authority (apparent authority) (Illinois v. Rodriguez; United States v. Matlock)",146
317,16031,"After looking at a car that the seller had advertised for sale, the buyer agreed to purchase it for $3,000. The buyer gave the seller $100 cash, promising to bring the balance and to pick up the car the following…","Do not pick the nearest theft label; fraudulent down-payment facts may be false pretenses, but not embezzlement or larceny by trick when title to money passes",D,neither embezzlement nor larceny by trick,"Embezzlement is the conversion of personal property known to be another's with the intent to defraud, by a person in lawful possession of the property",D,neither embezzlement nor larceny by trick.,"317. ID 16031 | Pattern: After looking at a car that the seller had advertised for sale, the buyer agreed to purchase it for $3,000. The buyer gave the seller $100 cash, promising to bring the balance and to pick up the car the following… | Trap: Do not pick the nearest theft label; fraudulent down-payment facts may be false pretenses, but not embezzlement or larceny by trick when title to money passes | Look for: D — neither embezzlement nor larceny by trick. Rule: Embezzlement is the conversion of personal property known to be another's with the intent to defraud, by a person in lawful possession of the property",110
318,18101,"A man told his friend, a druggist, that he was planning to kill his wife and asked the druggist to help him by furnishing a poison. Although the druggist did not actually intend to help the man kill his wife…","Conspiracy, if it exists, is separate from the substantive crime and is complete when the unlawful agreement is made",B,The druggist did not believe that the wife would die,"A conspiracy occurs when two or more persons with the specific intent to commit a crime agree to commit it. Since the druggist did not believe that the wife would be hurt by the drug that he furnished, he did not have…",A,His wife did not die.,"318. ID 18101 | Pattern: A man told his friend, a druggist, that he was planning to kill his wife and asked the druggist to help him by furnishing a poison. Although the druggist did not actually intend to help the man kill his wife… | Trap: Conspiracy, if it exists, is separate from the substantive crime and is complete when the unlawful agreement is made | Look for: B — The druggist did not believe that the wife would die. Rule: A conspiracy occurs when two or more persons with the specific intent to commit a crime agree to commit it. Since the druggist did not believe that the wife would be hurt by the drug that he furnished, he did not have…",124
319,20687,Nolan has a diagnosed mental disease that contributed to his decision to steal office equipment. He knew the equipment belonged to his employer and knew stealing it was illegal. The jurisdiction applies only M'Naghten. Nolan argues that his theft was…,A defendant cannot select an insanity test not adopted by the jurisdiction,C,"Reject it, because M'Naghten is the supplied test and Nolan knew the nature and wrongfulness of the theft",The insanity test is jurisdiction-specific; Durham/product language does not apply unless the jurisdiction adopts it,A,"Accept it, because Durham is available whenever mental disease causes crime","319. ID 20687 | Pattern: Nolan has a diagnosed mental disease that contributed to his decision to steal office equipment. He knew the equipment belonged to his employer and knew stealing it was illegal. The jurisdiction applies only M'Naghten. Nolan argues that his theft was… | Trap: A defendant cannot select an insanity test not adopted by the jurisdiction | Look for: C — Reject it, because M'Naghten is the supplied test and Nolan knew the nature and wrongfulness of the theft. Rule: The insanity test is jurisdiction-specific; Durham/product language does not apply unless the jurisdiction adopts it",98
320,19064,"Felix takes a prescription sleep medication. The label warns in bold print: ""May cause hallucinations and impaired judgment. Do not drive or handle firearms."" Felix reads the label, takes double the prescribed dose for recreation, hallucinates, and fires a gun…",Felix knowingly ignored a clear warning and doubled the dose for recreation,C,"No, because he knowingly accepted the intoxicating risk and misused the medication",Intoxication from medicine is not involuntary when the defendant knowingly takes it after clear warnings of intoxicating effects,B,"Yes, because hallucinations were an unusual side effect","320. ID 19064 | Pattern: Felix takes a prescription sleep medication. The label warns in bold print: ""May cause hallucinations and impaired judgment. Do not drive or handle firearms."" Felix reads the label, takes double the prescribed dose for recreation, hallucinates, and fires a gun… | Trap: Felix knowingly ignored a clear warning and doubled the dose for recreation | Look for: C — No, because he knowingly accepted the intoxicating risk and misused the medication. Rule: Intoxication from medicine is not involuntary when the defendant knowingly takes it after clear warnings of intoxicating effects",95
321,20971,"A state prisoner was convicted of possession with intent to distribute cocaine. At trial, the state introduced cocaine seized during a warrantless vehicle search. Before trial, the defendant moved to suppress, arguing the search violated the Fourth Amendment. The state…",Stone v. Powell (1976) created a categorical exception specifically for Fourth Amendment suppression claims,B,"No, because Stone v. Powell bars Fourth Amendment suppression claims in federal habeas when the state provided a full and fair opportunity to litigate the claim…","Stone v. Powell (1976) held that a state prisoner may not obtain federal habeas corpus relief on the ground that evidence obtained in violation of the Fourth Amendment was introduced at trial, if the state provided an opportunity for full and fair…",A,"Yes, because Fourth Amendment violations are constitutional claims and federal courts must review all constitutional claims raised in federal habeas petitions","321. ID 20971 | Pattern: A state prisoner was convicted of possession with intent to distribute cocaine. At trial, the state introduced cocaine seized during a warrantless vehicle search. Before trial, the defendant moved to suppress, arguing the search violated the Fourth Amendment. The state… | Trap: Stone v. Powell (1976) created a categorical exception specifically for Fourth Amendment suppression claims | Look for: B — No, because Stone v. Powell bars Fourth Amendment suppression claims in federal habeas when the state provided a full and fair opportunity to litigate the claim…. Rule: Stone v. Powell (1976) held that a state prisoner may not obtain federal habeas corpus relief on the ground that evidence obtained in violation of the Fourth Amendment was introduced at trial, if the state provided an opportunity for full and fair…",135
322,16021,"Although the defendant had been licensed to drive for 15 years, he allowed his license to expire while he was temporarily out of the country. When he returned, he meant to get it renewed or reinstated but did not get…","The unlawful act doctrine (also called the misdemeanor-manslaughter rule) might make a death resulting from the commission of a misdemeanor involuntary manslaughter, but only if the misdemeanor involved is inherently…",D,The defendant created a high and unreasonable risk of death or serious injury when he took his eyes off the road while driving,"Involuntary manslaughter is an unintended killing that results from conduct that created a high and unreasonable risk of death or serious injury or from the commission of a malum in se misdemeanor. If the defendant's conduct created such risk, he could thus…",A,The victim's death resulted from the defendant's commission of a dangerous misdemeanor.,"322. ID 16021 | Pattern: Although the defendant had been licensed to drive for 15 years, he allowed his license to expire while he was temporarily out of the country. When he returned, he meant to get it renewed or reinstated but did not get… | Trap: The unlawful act doctrine (also called the misdemeanor-manslaughter rule) might make a death resulting from the commission of a misdemeanor involuntary manslaughter, but only if the misdemeanor involved is inherently… | Look for: D — The defendant created a high and unreasonable risk of death or serious injury when he took his eyes off the road while driving. Rule: Involuntary manslaughter is an unintended killing that results from conduct that created a high and unreasonable risk of death or serious injury or from the commission of a malum in se misdemeanor. If the defendant's conduct created such risk, he could thus…",148
323,16176,"Four hours into a defendant’s assault trial, the lawyers gathered in the judge’s chambers to discuss an evidentiary issue. While there, the judge received a phone call from his wife telling him that her mother had suddenly died. Without asking…",Do not allow retrial after a sua sponte mistrial unless manifest necessity existed and alternatives were considered,D,"Yes, because there was no manifest necessity for a mistrial","For centuries, the Supreme Court has held that once a jury trial has begun, the trial judge should declare a mistrial only if there is a “manifest necessity” for this drastic step (and if there is, then a retrial is ordinarily permitted…",C,"Yes, because the second judge’s evidentiary rulings might be inconsistent with those of the first judge.","323. ID 16176 | Pattern: Four hours into a defendant’s assault trial, the lawyers gathered in the judge’s chambers to discuss an evidentiary issue. While there, the judge received a phone call from his wife telling him that her mother had suddenly died. Without asking… | Trap: Do not allow retrial after a sua sponte mistrial unless manifest necessity existed and alternatives were considered | Look for: D — Yes, because there was no manifest necessity for a mistrial. Rule: For centuries, the Supreme Court has held that once a jury trial has begun, the trial judge should declare a mistrial only if there is a “manifest necessity” for this drastic step (and if there is, then a retrial is ordinarily permitted…",122
324,20096,"A public high school assistant principal receives a reliable teacher report that a student is selling prescription pills from a backpack during school hours. The assistant principal searches only the student's backpack and a small pill bottle inside it, finding…","School searches by school officials are governed by a reasonableness standard, not the ordinary warrant requirement",A,"Yes, because the search was justified at inception and reasonably limited to places where pills could be found",A public school search by school officials is valid when justified at inception and reasonably related in scope to the school's legitimate objectives,D,"No, because the teacher report had to establish probable cause","324. ID 20096 | Pattern: A public high school assistant principal receives a reliable teacher report that a student is selling prescription pills from a backpack during school hours. The assistant principal searches only the student's backpack and a small pill bottle inside it, finding… | Trap: School searches by school officials are governed by a reasonableness standard, not the ordinary warrant requirement | Look for: A — Yes, because the search was justified at inception and reasonably limited to places where pills could be found. Rule: A public school search by school officials is valid when justified at inception and reasonably related in scope to the school's legitimate objectives",110
325,20674,"Terrence was tried in federal district court for a serious misdemeanor. The court empaneled a six-person jury, as permitted by the Federal Rules of Criminal Procedure for misdemeanor offenses. The judge instructed the jury that a verdict of five-to-one was…",Compliance with the Federal Rules regarding jury size does not resolve the constitutional unanimity question,C,"No, because a six-person jury must return a unanimous verdict, and a five-to-one verdict is constitutionally defective","Under Burch v. Louisiana, a six-person jury must render a unanimous verdict to convict; non-unanimous verdicts by a six-person jury violate the Sixth Amendment",A,"Yes, because the Federal Rules of Criminal Procedure permit six-person juries for misdemeanors, satisfying the Sixth Amendment","325. ID 20674 | Pattern: Terrence was tried in federal district court for a serious misdemeanor. The court empaneled a six-person jury, as permitted by the Federal Rules of Criminal Procedure for misdemeanor offenses. The judge instructed the jury that a verdict of five-to-one was… | Trap: Compliance with the Federal Rules regarding jury size does not resolve the constitutional unanimity question | Look for: C — No, because a six-person jury must return a unanimous verdict, and a five-to-one verdict is constitutionally defective. Rule: Under Burch v. Louisiana, a six-person jury must render a unanimous verdict to convict; non-unanimous verdicts by a six-person jury violate the Sixth Amendment",109
326,16109,"A man had just been released from prison after serving a three-year term for aggravated assault. In need of money, he called his old friend, the defendant, and asked whether the defendant would be interested in joining the man in…","B, C, and D are therefore incorrect",A,"guilty, because the pedestrian's death resulted from the defendant's attempt to commit a robbery","The felony-murder rule provides that the intent to commit a felony is malice aforethought, and that a death that results from the perpetration of a felony is therefore murder",C,"not guilty, because he was in reasonable fear for his own life when attempting to flee in the automobile.","326. ID 16109 | Pattern: A man had just been released from prison after serving a three-year term for aggravated assault. In need of money, he called his old friend, the defendant, and asked whether the defendant would be interested in joining the man in… | Trap: B, C, and D are therefore incorrect | Look for: A — guilty, because the pedestrian's death resulted from the defendant's attempt to commit a robbery. Rule: The felony-murder rule provides that the intent to commit a felony is malice aforethought, and that a death that results from the perpetration of a felony is therefore murder",103
327,17646,"Officers on patrol in a neighborhood with a history of drug activity saw a man standing on a corner. When the patrol car turned onto the block, the man immediately fled at full speed down an alley. One officer pursued…","Illinois v. Wardlow held that unprovoked flight from police in a high-crime area is a relevant factor that, combined with the location, can constitute reasonable articulable suspicion sufficient for a…",C,"Yes, because unprovoked flight from police in a high-crime area, considered in totality, gave the officer reasonable articulable suspicion to make a Terry stop","Reasonable articulable suspicion for a Terry stop requires specific, articulable facts that criminal activity is afoot; flight from police in a high-crime area contributes to reasonable suspicion but a hunch alone is insufficient (Terry v. Ohio; Illinois v. Wardlow)",A,"No, because flight from police, standing alone, cannot establish reasonable suspicion for a Terry stop","327. ID 17646 | Pattern: Officers on patrol in a neighborhood with a history of drug activity saw a man standing on a corner. When the patrol car turned onto the block, the man immediately fled at full speed down an alley. One officer pursued… | Trap: Illinois v. Wardlow held that unprovoked flight from police in a high-crime area is a relevant factor that, combined with the location, can constitute reasonable articulable suspicion sufficient for a… | Look for: C — Yes, because unprovoked flight from police in a high-crime area, considered in totality, gave the officer reasonable articulable suspicion to make a Terry stop. Rule: Reasonable articulable suspicion for a Terry stop requires specific, articulable facts that criminal activity is afoot; flight from police in a high-crime area contributes to reasonable suspicion but a hunch alone is insufficient (Terry v. Ohio; Illinois v. Wardlow)",146
328,19008,"The defendant and the victim, who resided in the city, purchased rifles. Because neither of them had ever fired a rifle before, they decided to take them to the municipal dump to try them out. Although both believed that the…",Voluntary manslaughter is the intentional killing of a human being under mitigating circumstances,A,Murder,"Murder is the unlawful killing of a human being with malice aforethought. Malice aforethought consists of a wanton disregard for human life, or of the intent to kill, inflict great bodily harm, resist a lawful arrest, escape from custody, or commit a…",B,Voluntary manslaughter.,"328. ID 19008 | Pattern: The defendant and the victim, who resided in the city, purchased rifles. Because neither of them had ever fired a rifle before, they decided to take them to the municipal dump to try them out. Although both believed that the… | Trap: Voluntary manslaughter is the intentional killing of a human being under mitigating circumstances | Look for: A — Murder. Rule: Murder is the unlawful killing of a human being with malice aforethought. Malice aforethought consists of a wanton disregard for human life, or of the intent to kill, inflict great bodily harm, resist a lawful arrest, escape from custody, or commit a…",109
329,17682,"Gavin plans to break into a closed pharmacy next month. He writes down the pharmacy's hours, buys gloves and a flashlight from a hardware store, and stores them in his apartment. He never goes to the pharmacy after hours and…",The stronger defense is not lack of intent; the facts show planning to burglarize,B,Gavin's conduct was likely mere preparation rather than a substantial step or dangerous proximity to burglary,"Planning, researching, or buying ordinary supplies usually remains mere preparation unless the conduct comes dangerously close to the crime or strongly corroborates the criminal purpose",A,Gavin lacked criminal intent because gloves and a flashlight are lawful items,"329. ID 17682 | Pattern: Gavin plans to break into a closed pharmacy next month. He writes down the pharmacy's hours, buys gloves and a flashlight from a hardware store, and stores them in his apartment. He never goes to the pharmacy after hours and… | Trap: The stronger defense is not lack of intent; the facts show planning to burglarize | Look for: B — Gavin's conduct was likely mere preparation rather than a substantial step or dangerous proximity to burglary. Rule: Planning, researching, or buying ordinary supplies usually remains mere preparation unless the conduct comes dangerously close to the crime or strongly corroborates the criminal purpose",108
330,17320,"Sam agreed to help his friend Tyler intimidate a business rival, Wade, by vandalizing Wade's car. Sam kept watch outside while Tyler broke the car windows. When Wade unexpectedly came out of his building to confront Tyler, Tyler punched Wade…",The natural and probable consequences doctrine extends liability beyond the specific crime aided,C,"Yes, because assault by the principal during a confrontation arising from the vandalism was a natural and probable consequence","Under the natural and probable consequences doctrine, an accomplice is liable not only for the crime he aided and abetted but also for any other crimes committed by the principal that were a natural and probable consequence of the criminal enterprise the…",A,"No, because Sam did not agree to the assault and had no knowledge Tyler would hit Wade","330. ID 17320 | Pattern: Sam agreed to help his friend Tyler intimidate a business rival, Wade, by vandalizing Wade's car. Sam kept watch outside while Tyler broke the car windows. When Wade unexpectedly came out of his building to confront Tyler, Tyler punched Wade… | Trap: The natural and probable consequences doctrine extends liability beyond the specific crime aided | Look for: C — Yes, because assault by the principal during a confrontation arising from the vandalism was a natural and probable consequence. Rule: Under the natural and probable consequences doctrine, an accomplice is liable not only for the crime he aided and abetted but also for any other crimes committed by the principal that were a natural and probable consequence of the criminal enterprise the…",127
331,19848,"Vera enters a department store and places a $200 sweater inside her large tote bag while standing in the clothing aisle. Before she takes a single step, a loss-prevention officer who had been watching her on camera approaches and stops…","Larceny at common law requires both a ""taking"" (caption — gaining dominion and control) and ""carrying away"" (asportation — movement, however slight)",C,Vera is guilty of attempted larceny because she completed caption but failed to achieve asportation,"Larceny requires asportation — carrying away of the property — but even the slightest movement of the property is sufficient. If the defendant gains dominion and control but fails to move the property at all, asportation is not satisfied and only attempted…",A,Vera is guilty of larceny because she exercised dominion and control over the sweater by placing it in her bag,"331. ID 19848 | Pattern: Vera enters a department store and places a $200 sweater inside her large tote bag while standing in the clothing aisle. Before she takes a single step, a loss-prevention officer who had been watching her on camera approaches and stops… | Trap: Larceny at common law requires both a ""taking"" (caption — gaining dominion and control) and ""carrying away"" (asportation — movement, however slight) | Look for: C — Vera is guilty of attempted larceny because she completed caption but failed to achieve asportation. Rule: Larceny requires asportation — carrying away of the property — but even the slightest movement of the property is sufficient. If the defendant gains dominion and control but fails to move the property at all, asportation is not satisfied and only attempted…",132
332,18823,"Tara sees a stranger, Owen, pinning Maya against a wall in an alley. Maya is yelling, ""Let go of me!"" Tara reasonably believes Owen is assaulting Maya. Tara pushes Owen away, causing him to fall and bruise his elbow. In…",The modern rule does not always require the defended person's actual right to self-defense,B,"Defense of others, because Tara reasonably believed Maya faced imminent unlawful force and used nondeadly force","Under the modern majority rule, a defendant may use proportionate force to defend another if the defendant reasonably believes the other person faces imminent unlawful force",A,"No defense, because Owen was actually making a lawful arrest","332. ID 18823 | Pattern: Tara sees a stranger, Owen, pinning Maya against a wall in an alley. Maya is yelling, ""Let go of me!"" Tara reasonably believes Owen is assaulting Maya. Tara pushes Owen away, causing him to fall and bruise his elbow. In… | Trap: The modern rule does not always require the defended person's actual right to self-defense | Look for: B — Defense of others, because Tara reasonably believed Maya faced imminent unlawful force and used nondeadly force. Rule: Under the modern majority rule, a defendant may use proportionate force to defend another if the defendant reasonably believes the other person faces imminent unlawful force",109
333,20427,"Tanya was indicted for wire fraud. Before the arraignment, while being held in the county jail, Tanya was brought to an interrogation room. An agent read her Miranda rights. Tanya said, ""I want a lawyer before I answer any questions.""…","While the Sixth Amendment defense fails (no formal proceedings on drug trafficking), Tanya invoked her Miranda right to counsel",C,"No, because Tanya's invocation of Miranda right to counsel barred police from reinitiating questioning on any matter","Once a suspect invokes the right to counsel under Miranda, police may not question the suspect about any offense; but the Sixth Amendment right, once attached, only bars questioning about the charged offense",A,"Yes, because the Sixth Amendment right to counsel is offense-specific and had not attached to the drug trafficking charge","333. ID 20427 | Pattern: Tanya was indicted for wire fraud. Before the arraignment, while being held in the county jail, Tanya was brought to an interrogation room. An agent read her Miranda rights. Tanya said, ""I want a lawyer before I answer any questions.""… | Trap: While the Sixth Amendment defense fails (no formal proceedings on drug trafficking), Tanya invoked her Miranda right to counsel | Look for: C — No, because Tanya's invocation of Miranda right to counsel barred police from reinitiating questioning on any matter. Rule: Once a suspect invokes the right to counsel under Miranda, police may not question the suspect about any offense; but the Sixth Amendment right, once attached, only bars questioning about the charged offense",122
334,16089,"As a result of mental illness, the defendant was obsessed with the delusion that his wife, the victim, was building a bomb in the basement of their house, and that she was going to use it to blow up the…","The M'Naghten rule provides that a person is not guilty by reason of insanity if, at the time of the allegedly criminal act, mental disease prevented him or her from…",C,he was unable to control his conduct,"Under the “irresistible impulse” test, a person is not guilty by reason of insanity if mental disease made him or her incapable of controlling his or her conduct at the time of the alleged criminal act",A,he did not know that his act was wrong.,"334. ID 16089 | Pattern: As a result of mental illness, the defendant was obsessed with the delusion that his wife, the victim, was building a bomb in the basement of their house, and that she was going to use it to blow up the… | Trap: The M'Naghten rule provides that a person is not guilty by reason of insanity if, at the time of the allegedly criminal act, mental disease prevented him or her from… | Look for: C — he was unable to control his conduct. Rule: Under the “irresistible impulse” test, a person is not guilty by reason of insanity if mental disease made him or her incapable of controlling his or her conduct at the time of the alleged criminal act",126
335,21754,"Rina and Cole robbed a store. The store owner pulled a gun and fired at Cole, but the bullet missed Cole and killed a customer. The jurisdiction follows the common-law agency theory of felony murder. Prosecutors charged Rina with felony…","Under the agency theory, but-for causation is not enough",C,"No, because a non-felon victim fired the fatal shot in resistance to the robbery","Under the agency theory, felony murder generally requires the killing to be committed by a felon or co-felon acting in furtherance of the felony, not by a victim or other non-felon resisting it",A,"Yes, because the death would not have occurred but for the robbery","335. ID 21754 | Pattern: Rina and Cole robbed a store. The store owner pulled a gun and fired at Cole, but the bullet missed Cole and killed a customer. The jurisdiction follows the common-law agency theory of felony murder. Prosecutors charged Rina with felony… | Trap: Under the agency theory, but-for causation is not enough | Look for: C — No, because a non-felon victim fired the fatal shot in resistance to the robbery. Rule: Under the agency theory, felony murder generally requires the killing to be committed by a felon or co-felon acting in furtherance of the felony, not by a victim or other non-felon resisting it",109
336,14696,An undercover police detective told a local drug dealer that she wanted to buy cocaine but that she needed time to raise the necessary funds. The drug dealer said that he needed time to get the cocaine. They agreed to…,The legality of a defendant's arrest has nothing to do with whether the defendant was guilty of an attempt,A,"No, because he had not taken sufficient steps toward commission of the crime","The drug dealer took no action, much less any action that would qualify at common law, toward obtaining the cocaine. Indeed, the drug dealer likely would not be guilty of attempt even under the Model Penal Code's (MPC) broadened standards because there…",D,"Yes, because he unequivocally expressed his intent to obtain the cocaine.","336. ID 14696 | Pattern: An undercover police detective told a local drug dealer that she wanted to buy cocaine but that she needed time to raise the necessary funds. The drug dealer said that he needed time to get the cocaine. They agreed to… | Trap: The legality of a defendant's arrest has nothing to do with whether the defendant was guilty of an attempt | Look for: A — No, because he had not taken sufficient steps toward commission of the crime. Rule: The drug dealer took no action, much less any action that would qualify at common law, toward obtaining the cocaine. Indeed, the drug dealer likely would not be guilty of attempt even under the Model Penal Code's (MPC) broadened standards because there…",127
337,16158,In,Do not erase larceny-by-trick liability because the car was later returned; intent at the fraudulent taking controls,B,"The defendant gets permission to borrow a car for the evening by falsely promising to return it, although he does not intend to do so. Two…","The question asks the choice where the defendant is most likely to be convicted. This means in one choice the defendant will be guilty, and in the other three he won’t",C,The defendant gets permission to borrow a car for the evening by misrepresenting his identity and falsely claiming he has a valid driver’s license. He returns the car the next day to the car’s owner. The defendant is charged with obtaining property by false pretenses.,"337. ID 16158 | Pattern: In | Trap: Do not erase larceny-by-trick liability because the car was later returned; intent at the fraudulent taking controls | Look for: B — The defendant gets permission to borrow a car for the evening by falsely promising to return it, although he does not intend to do so. Two…. Rule: The question asks the choice where the defendant is most likely to be convicted. This means in one choice the defendant will be guilty, and in the other three he won’t",88
338,14573,A marijuana farmer had been missing for several months. The sheriff's department received an anonymous tip that a rival marijuana farmer had buried the marijuana farmer in a hillside about 200 yards from the rival's farmhouse. The sheriff's deputies went…,"The rival had no reasonable expectation of privacy in lands visible to the public, and the police officers did not need to obtain a warrant to see the evidence",C,"deny the motion, because the rival had no expectation of privacy in the fields around his farmhouse","The rival did not have a reasonable expectation of privacy as to the fields around the farmhouse under the ""open fields"" doctrine",A,"grant the motion, because the deputies had not obtained a warrant.","338. ID 14573 | Pattern: A marijuana farmer had been missing for several months. The sheriff's department received an anonymous tip that a rival marijuana farmer had buried the marijuana farmer in a hillside about 200 yards from the rival's farmhouse. The sheriff's deputies went… | Trap: The rival had no reasonable expectation of privacy in lands visible to the public, and the police officers did not need to obtain a warrant to see the evidence | Look for: C — deny the motion, because the rival had no expectation of privacy in the fields around his farmhouse. Rule: The rival did not have a reasonable expectation of privacy as to the fields around the farmhouse under the ""open fields"" doctrine",121
